timestamp,is_threat_gt,rf_confidence,rf_is_threat,audio_mambo,audio_bebop,audio_background,audio_is_threat,visual_confidence,visual_is_threat,sensor_0_threat_conf,sensor_0_friendly_conf,sensor_1_threat_conf,sensor_1_friendly_conf,sensor_2_threat_conf,sensor_2_friendly_conf,sensor_3_threat_conf,sensor_3_friendly_conf,sensor_4_threat_conf,sensor_4_friendly_conf,sensor_5_threat_conf,sensor_5_friendly_conf,sensor_6_threat_conf,sensor_6_friendly_conf,sensor_7_threat_conf,sensor_7_friendly_conf,sensor_8_threat_conf,sensor_8_friendly_conf,sensor_9_threat_conf,sensor_9_friendly_conf,sensor_10_threat_conf,sensor_10_friendly_conf,sensor_11_threat_conf,sensor_11_friendly_conf,sensor_12_threat_conf,sensor_12_friendly_conf,sensor_13_threat_conf,sensor_13_friendly_conf,sensor_14_threat_conf,sensor_14_friendly_conf,sensor_15_threat_conf,sensor_15_friendly_conf,sensor_16_threat_conf,sensor_16_friendly_conf,sensor_17_threat_conf,sensor_17_friendly_conf,sensor_18_threat_conf,sensor_18_friendly_conf,sensor_19_threat_conf,sensor_19_friendly_conf,sensor_20_threat_conf,sensor_20_friendly_conf,sensor_21_threat_conf,sensor_21_friendly_conf,sensor_22_threat_conf,sensor_22_friendly_conf
1781710126.3532937,1,13.043478260869565,True,4.0637655465419695e-42,0.0,100.0,False,99.84689354896545,True,0.0,0.0,0.0,0.0,0.0,0.0,0.0,0.0,0.0,0.0,0.0,0.0,0.0,0.0,0.0,0.0,0.0,0.0,0.0,0.0,0.0,0.0,0.0,0.0,0.0,0.0,0.0,0.0,0.0,0.0,0.0,0.0,0.0,0.0,0.0,0.0,0.0,0.0,0.838617742061615,0.16138221323490143,0.9648994207382202,0.035100605338811874,0.9665819406509399,0.03341810777783394,0.08040667325258255,0.9195933938026428
1781710131.9419878,1,4.3478260869565215,True,1.89497591330645e-39,1.8216880036222622e-42,100.0,False,99.99998807907104,True,0.0,0.0,0.0,0.0,0.0,0.0,0.0,0.0,0.0,0.0,0.0,0.0,0.0,0.0,0.0,0.0,0.0,0.0,0.0,0.0,0.0,0.0,0.0,0.0,0.0,0.0,0.0,0.0,0.0,0.0,0.0,0.0,0.0,0.0,0.0,0.0,0.13386178016662598,0.8661381602287292,0.3448135554790497,0.6551864743232727,0.9991798996925354,0.0008201384334824979,0.4462142884731293,0.5537857413291931,0.0,0.0
1781710132.891195,1,8.695652173913043,True,5.885453550164232e-42,0.0,100.0,False,99.99922513961792,True,0.0,0.0,0.0,0.0,0.0,0.0,0.0,0.0,0.0,0.0,0.0,0.0,0.0,0.0,0.0,0.0,0.0,0.0,0.0,0.0,0.0,0.0,0.0,0.0,0.0,0.0,0.0,0.0,0.0,0.0,0.0,0.0,0.0,0.0,0.0,0.0,0.05687275528907776,0.9431272745132446,0.9981220364570618,0.0018779222154989839,0.9809761047363281,0.019023939967155457,0.0,0.0,0.0,0.0
1781710133.8793046,1,4.3478260869565215,True,4.137305689949736e-38,4.007713607968977e-41,100.0,False,99.99902248382568,True,0.0,0.0,0.0,0.0,0.0,0.0,0.0,0.0,0.0,0.0,0.0,0.0,0.0,0.0,0.0,0.0,0.0,0.0,0.0,0.0,0.0,0.0,0.0,0.0,0.0,0.0,0.0,0.0,0.0,0.0,0.0,0.0,0.0,0.0,0.0,0.0,0.3050900995731354,0.694909930229187,0.999923825263977,7.616288348799571e-05,0.41040802001953125,0.589591920375824,0.0,0.0,0.0,0.0
1781710134.9371305,0,0.0,False,4.137305689949736e-38,4.007713607968977e-41,100.0,False,0.00024230364488175837,False,0.0,0.0,0.0,0.0,0.0,0.0,0.0,0.0,0.0,0.0,0.0,0.0,0.0,0.0,0.0,0.0,0.0,0.0,0.0,0.0,0.0,0.0,0.0,0.0,0.0,0.0,0.0,0.0,0.0,0.0,0.0,0.0,0.0,0.0,0.0,0.0,0.03299327939748764,0.9670066833496094,0.03676626831293106,0.9632337093353271,0.07780569791793823,0.9221943616867065,0.0,0.0,0.0,0.0
1781710135.6207793,0,0.0,False,9.028930343245521e-38,9.122453002754559e-41,100.0,False,0.0034459513699403033,False,0.0,0.0,0.0,0.0,0.0,0.0,0.0,0.0,0.0,0.0,0.0,0.0,0.0,0.0,0.0,0.0,0.0,0.0,0.0,0.0,0.0,0.0,0.0,0.0,0.0,0.0,0.0,0.0,0.0,0.0,0.0,0.0,0.0,0.0,0.0,0.0,0.0448291078209877,0.9551709294319153,0.1133367121219635,0.8866633176803589,0.06924363970756531,0.9307563304901123,0.0,0.0,0.0,0.0
1781710136.3117847,1,4.3478260869565215,True,8.5177927153984e-39,6.866362475191604e-42,100.0,False,99.98996257781982,True,0.0,0.0,0.0,0.0,0.0,0.0,0.0,0.0,0.0,0.0,0.0,0.0,0.0,0.0,0.0,0.0,0.0,0.0,0.0,0.0,0.0,0.0,0.0,0.0,0.0,0.0,0.0,0.0,0.0,0.0,0.0,0.0,0.0,0.0,0.0,0.0,0.11490394175052643,0.8850960731506348,0.9999998807907104,7.121450806835128e-08,0.2224092036485672,0.777590811252594,0.0,0.0,0.0,0.0
1781710137.0648835,0,0.0,False,1.1131915000596347e-39,8.407790785948902e-43,100.0,False,0.0005698732365999604,False,0.0,0.0,0.0,0.0,0.0,0.0,0.0,0.0,0.0,0.0,0.0,0.0,0.0,0.0,0.0,0.0,0.0,0.0,0.0,0.0,0.0,0.0,0.0,0.0,0.0,0.0,0.0,0.0,0.0,0.0,0.0,0.0,0.0,0.0,0.0,0.0,0.05169004574418068,0.9483100175857544,0.2076788693666458,0.7923211455345154,0.48341408371925354,0.5165858864784241,0.0,0.0,0.0,0.0
1781710137.8008716,0,0.0,False,1.4573504028978098e-41,0.0,100.0,False,0.003897520582540892,False,0.0,0.0,0.0,0.0,0.0,0.0,0.0,0.0,0.0,0.0,0.0,0.0,0.0,0.0,0.0,0.0,0.0,0.0,0.0,0.0,0.0,0.0,0.0,0.0,0.0,0.0,0.0,0.0,0.0,0.0,0.0,0.0,0.0,0.0,0.0,0.0,0.2527466118335724,0.7472533583641052,0.05211624130606651,0.9478837251663208,0.13163098692893982,0.8683690428733826,0.0,0.0,0.0,0.0
1781710138.4874134,0,0.0,False,6.103075201673876e-39,5.324934164434305e-42,100.0,False,0.36122784949839115,False,0.0,0.0,0.0,0.0,0.0,0.0,0.0,0.0,0.0,0.0,0.0,0.0,0.0,0.0,0.0,0.0,0.0,0.0,0.0,0.0,0.0,0.0,0.0,0.0,0.0,0.0,0.0,0.0,0.0,0.0,0.0,0.0,0.0,0.0,0.0,0.0,0.22522670030593872,0.7747732400894165,0.4560980796813965,0.5439019203186035,0.08468180149793625,0.9153182506561279,0.0,0.0,0.0,0.0
1781710139.1978629,1,8.695652173913043,True,3.60133705331478e-41,0.0,100.0,False,99.99961853027344,True,0.0,0.0,0.0,0.0,0.0,0.0,0.0,0.0,0.0,0.0,0.0,0.0,0.0,0.0,0.0,0.0,0.0,0.0,0.0,0.0,0.0,0.0,0.0,0.0,0.0,0.0,0.0,0.0,0.0,0.0,0.0,0.0,0.0,0.0,0.0,0.0,0.8522872924804688,0.14771264791488647,0.9518935680389404,0.04810645803809166,0.1768491417169571,0.8231508135795593,0.0,0.0,0.0,0.0
1781710140.6977863,1,8.695652173913043,True,1.2307604412164868e-39,8.407790785948902e-43,100.0,False,99.99823570251465,True,0.0,0.0,0.0,0.0,0.0,0.0,0.0,0.0,0.0,0.0,0.0,0.0,0.0,0.0,0.0,0.0,0.0,0.0,0.0,0.0,0.0,0.0,0.0,0.0,0.0,0.0,0.0,0.0,0.0,0.0,0.0,0.0,0.0,0.0,0.0,0.0,0.9115676879882812,0.08843228965997696,0.9561606645584106,0.043839290738105774,0.28111281991004944,0.7188871502876282,0.0,0.0,0.0,0.0
1781710141.37298,1,0.0,False,2.7024637277130514e-35,4.143569494085268e-38,100.0,False,0.09458109852857888,False,0.0,0.0,0.0,0.0,0.0,0.0,0.0,0.0,0.0,0.0,0.0,0.0,0.0,0.0,0.0,0.0,0.0,0.0,0.0,0.0,0.0,0.0,0.0,0.0,0.0,0.0,0.0,0.0,0.0,0.0,0.0,0.0,0.0,0.0,0.0,0.0,0.15152885019779205,0.8484711647033691,0.25558412075042725,0.7444158792495728,0.33326396346092224,0.6667360067367554,0.0,0.0,0.0,0.0
1781710142.0599847,0,0.0,False,3.02540338447728e-40,1.401298464324817e-43,100.0,False,0.006952628609724343,False,0.0,0.0,0.0,0.0,0.0,0.0,0.0,0.0,0.0,0.0,0.0,0.0,0.0,0.0,0.0,0.0,0.0,0.0,0.0,0.0,0.0,0.0,0.0,0.0,0.0,0.0,0.0,0.0,0.0,0.0,0.0,0.0,0.0,0.0,0.0,0.0,0.1182432696223259,0.8817566633224487,0.22241409122943878,0.7775859236717224,0.045491475611925125,0.9545084834098816,0.0,0.0,0.0,0.0
1781710143.207266,0,0.0,False,4.123741120815072e-39,3.363116314379561e-42,100.0,False,0.18358529778197408,False,0.0,0.0,0.0,0.0,0.0,0.0,0.0,0.0,0.0,0.0,0.0,0.0,0.0,0.0,0.0,0.0,0.0,0.0,0.0,0.0,0.0,0.0,0.0,0.0,0.0,0.0,0.0,0.0,0.0,0.0,0.0,0.0,0.0,0.0,0.0,0.0,0.37266814708709717,0.6273319125175476,0.020775550976395607,0.9792243838310242,0.48727235198020935,0.512727677822113,0.0,0.0,0.0,0.0
1781710143.8920262,1,0.0,False,1.6815581571897805e-42,0.0,100.0,False,0.003897520582540892,False,0.0,0.0,0.0,0.0,0.0,0.0,0.0,0.0,0.0,0.0,0.0,0.0,0.0,0.0,0.0,0.0,0.0,0.0,0.0,0.0,0.0,0.0,0.0,0.0,0.0,0.0,0.0,0.0,0.0,0.0,0.0,0.0,0.0,0.0,0.0,0.0,0.0,0.0,0.20615002512931824,0.7938500046730042,0.3496800661087036,0.6503199338912964,0.0,0.0,0.0,0.0
1781710144.5598872,1,4.3478260869565215,True,1.401298464324817e-43,0.0,100.0,False,99.99994039535522,True,0.0,0.0,0.0,0.0,0.0,0.0,0.0,0.0,0.0,0.0,0.0,0.0,0.0,0.0,0.0,0.0,0.0,0.0,0.0,0.0,0.0,0.0,0.0,0.0,0.0,0.0,0.0,0.0,0.0,0.0,0.0,0.0,0.0,0.0,0.0,0.0,0.0,0.0,0.0,0.0,0.9007664918899536,0.09923344105482101,0.0,0.0,0.0,0.0
1781710145.374014,1,0.0,False,0.0,0.0,100.0,False,0.01011225176625885,False,0.0,0.0,0.0,0.0,0.0,0.0,0.0,0.0,0.0,0.0,0.0,0.0,0.0,0.0,0.0,0.0,0.0,0.0,0.0,0.0,0.0,0.0,0.0,0.0,0.0,0.0,0.0,0.0,0.0,0.0,0.0,0.0,0.0,0.0,0.0,0.0,0.0,0.0,0.0,0.0,0.0,0.0,0.0,0.0,0.0,0.0
1781710146.2899299,1,8.695652173913043,True,1.961817850054744e-42,0.0,100.0,False,99.99426603317261,True,0.0,0.0,0.0,0.0,0.0,0.0,0.0,0.0,0.0,0.0,0.0,0.0,0.0,0.0,0.0,0.0,0.0,0.0,0.0,0.0,0.0,0.0,0.0,0.0,0.0,0.0,0.0,0.0,0.0,0.0,0.0,0.0,0.0,0.0,0.0,0.0,0.0,0.0,0.0,0.0,0.0,0.0,0.5483102202415466,0.451689749956131,0.5771390795707703,0.4228609502315521
1781710147.2010913,1,0.0,False,1.401298464324817e-43,0.0,100.0,False,0.010402032785350457,False,0.0,0.0,0.0,0.0,0.0,0.0,0.0,0.0,0.0,0.0,0.0,0.0,0.0,0.0,0.0,0.0,0.0,0.0,0.0,0.0,0.0,0.0,0.0,0.0,0.0,0.0,0.0,0.0,0.0,0.0,0.0,0.0,0.0,0.0,0.0,0.0,0.0,0.0,0.0,0.0,0.0,0.0,0.32090505957603455,0.6790949702262878,0.028747592121362686,0.9712523818016052
1781710148.0774457,1,8.695652173913043,True,5.605193857299268e-43,0.0,100.0,False,99.99998807907104,True,0.0,0.0,0.0,0.0,0.0,0.0,0.0,0.0,0.0,0.0,0.0,0.0,0.0,0.0,0.0,0.0,0.0,0.0,0.0,0.0,0.0,0.0,0.0,0.0,0.0,0.0,0.0,0.0,0.0,0.0,0.0,0.0,0.0,0.0,0.0,0.0,0.0,0.0,0.0,0.0,0.0,0.0,0.6941916942596436,0.30580827593803406,0.5120823979377747,0.48791757225990295
1781710149.012064,0,0.0,False,1.5414283107572988e-42,0.0,100.0,False,0.00030502294521284057,False,0.0,0.0,0.0,0.0,0.0,0.0,0.0,0.0,0.0,0.0,0.0,0.0,0.0,0.0,0.0,0.0,0.0,0.0,0.0,0.0,0.0,0.0,0.0,0.0,0.0,0.0,0.0,0.0,0.0,0.0,0.0,0.0,0.0,0.0,0.0,0.0,0.0,0.0,0.0,0.0,0.0,0.0,0.28531989455223083,0.7146801352500916,0.0,0.0
1781710149.7217348,1,0.0,False,0.0,0.0,100.0,False,0.0061526916397269815,False,0.0,0.0,0.0,0.0,0.0,0.0,0.0,0.0,0.0,0.0,0.0,0.0,0.0,0.0,0.0,0.0,0.0,0.0,0.0,0.0,0.0,0.0,0.0,0.0,0.0,0.0,0.0,0.0,0.0,0.0,0.0,0.0,0.0,0.0,0.0,0.0,0.0,0.0,0.0,0.0,0.0,0.0,0.0,0.0,0.0,0.0
1781710150.3773108,1,0.0,False,2.942726775082116e-42,0.0,100.0,False,7.51659456454945e-05,False,0.0,0.0,0.0,0.0,0.0,0.0,0.0,0.0,0.0,0.0,0.0,0.0,0.0,0.0,0.0,0.0,0.0,0.0,0.0,0.0,0.0,0.0,0.0,0.0,0.0,0.0,0.0,0.0,0.0,0.0,0.0,0.0,0.0,0.0,0.0,0.0,0.0,0.0,0.0,0.0,0.0,0.0,0.0,0.0,0.0,0.0
1781710151.0265503,0,0.0,False,0.0,0.0,100.0,False,0.06201170035637915,False,0.0,0.0,0.0,0.0,0.0,0.0,0.10773659497499466,0.8922634124755859,0.0,0.0,0.0,0.0,0.0,0.0,0.0,0.0,0.0,0.0,0.0,0.0,0.0,0.0,0.0,0.0,0.0,0.0,0.0,0.0,0.0,0.0,0.0,0.0,0.0,0.0,0.0,0.0,0.0,0.0,0.0,0.0,0.0,0.0,0.0,0.0,0.0,0.0
1781710151.6907322,1,4.3478260869565215,True,1.2848926008933545e-38,1.064986832886861e-41,100.0,False,99.99866485595703,True,0.0,0.0,0.0,0.0,0.0,0.0,0.9852633476257324,0.014736643061041832,0.16721899807453156,0.8327810168266296,0.0,0.0,0.0,0.0,0.0,0.0,0.0,0.0,0.0,0.0,0.0,0.0,0.0,0.0,0.0,0.0,0.0,0.0,0.0,0.0,0.0,0.0,0.0,0.0,0.0,0.0,0.0,0.0,0.0,0.0,0.0,0.0,0.0,0.0,0.0,0.0
1781710152.3915026,0,0.0,False,4.3019862854771884e-41,0.0,100.0,False,0.0017641579688643105,False,0.0,0.0,0.0,0.0,0.0,0.0,0.057261426001787186,0.9427385330200195,0.12794582545757294,0.8720541596412659,0.0,0.0,0.0,0.0,0.0,0.0,0.0,0.0,0.0,0.0,0.0,0.0,0.0,0.0,0.0,0.0,0.0,0.0,0.0,0.0,0.0,0.0,0.0,0.0,0.0,0.0,0.0,0.0,0.0,0.0,0.0,0.0,0.0,0.0,0.0,0.0
1781710153.0698032,1,8.695652173913043,True,1.401298464324817e-43,0.0,100.0,False,99.99767541885376,True,0.0,0.0,0.0,0.0,0.0,0.0,0.9544057250022888,0.045594241470098495,0.527271568775177,0.4727284610271454,0.0,0.0,0.0,0.0,0.0,0.0,0.0,0.0,0.0,0.0,0.0,0.0,0.0,0.0,0.0,0.0,0.0,0.0,0.0,0.0,0.0,0.0,0.0,0.0,0.0,0.0,0.0,0.0,0.0,0.0,0.0,0.0,0.0,0.0,0.0,0.0
1781710153.789784,1,8.695652173913043,True,4.189882408331203e-41,0.0,100.0,False,99.99977350234985,True,0.0,0.0,0.0,0.0,0.0,0.0,0.8538097143173218,0.14619027078151703,0.9595696926116943,0.04043032228946686,0.0,0.0,0.0,0.0,0.0,0.0,0.0,0.0,0.0,0.0,0.0,0.0,0.0,0.0,0.0,0.0,0.0,0.0,0.0,0.0,0.0,0.0,0.0,0.0,0.0,0.0,0.0,0.0,0.0,0.0,0.0,0.0,0.0,0.0,0.0,0.0
1781710154.4626436,1,8.695652173913043,True,4.206992262580609e-38,4.035739577255473e-41,100.0,False,99.9987244606018,True,0.0,0.0,0.0,0.0,0.0,0.0,0.9066359400749207,0.09336406737565994,0.6705359220504761,0.3294641077518463,0.0,0.0,0.0,0.0,0.0,0.0,0.0,0.0,0.0,0.0,0.0,0.0,0.0,0.0,0.0,0.0,0.0,0.0,0.0,0.0,0.0,0.0,0.0,0.0,0.0,0.0,0.0,0.0,0.0,0.0,0.0,0.0,0.0,0.0,0.0,0.0
1781710155.1498165,0,0.0,False,4.534118943104302e-36,6.32237841134071e-39,100.0,False,0.008002067625056952,False,0.0,0.0,0.0,0.0,0.0,0.0,0.02876226045191288,0.9712377786636353,0.03776443004608154,0.9622355699539185,0.0,0.0,0.0,0.0,0.0,0.0,0.0,0.0,0.0,0.0,0.0,0.0,0.0,0.0,0.0,0.0,0.0,0.0,0.0,0.0,0.0,0.0,0.0,0.0,0.0,0.0,0.0,0.0,0.0,0.0,0.0,0.0,0.0,0.0,0.0,0.0
1781710155.8246412,1,8.695652173913043,True,2.961378057642279e-37,3.476621489989871e-40,100.0,False,99.99911785125732,True,0.0,0.0,0.0,0.0,0.15532341599464417,0.8446765542030334,1.0,1.6442228689683702e-09,0.6446692943572998,0.3553307354450226,0.0,0.0,0.0,0.0,0.0,0.0,0.0,0.0,0.0,0.0,0.0,0.0,0.0,0.0,0.0,0.0,0.0,0.0,0.0,0.0,0.0,0.0,0.0,0.0,0.0,0.0,0.0,0.0,0.0,0.0,0.0,0.0,0.0,0.0,0.0,0.0
1781710156.5113938,1,4.3478260869565215,True,6.347882043391421e-40,4.203895392974451e-43,100.0,False,99.99995231628418,True,0.0,0.0,0.0,0.0,0.4894768297672272,0.5105232000350952,0.9919626116752625,0.00803737249225378,0.0,0.0,0.0,0.0,0.0,0.0,0.0,0.0,0.0,0.0,0.0,0.0,0.0,0.0,0.0,0.0,0.0,0.0,0.0,0.0,0.0,0.0,0.0,0.0,0.0,0.0,0.0,0.0,0.0,0.0,0.0,0.0,0.0,0.0,0.0,0.0,0.0,0.0
1781710157.175975,1,0.0,False,1.789037749403494e-39,1.2611686178923354e-42,100.0,False,0.025966428802348673,False,0.0,0.0,0.0,0.0,0.451273113489151,0.5487268567085266,0.12013258785009384,0.8798673748970032,0.0,0.0,0.0,0.0,0.0,0.0,0.0,0.0,0.0,0.0,0.0,0.0,0.0,0.0,0.0,0.0,0.0,0.0,0.0,0.0,0.0,0.0,0.0,0.0,0.0,0.0,0.0,0.0,0.0,0.0,0.0,0.0,0.0,0.0,0.0,0.0,0.0,0.0
1781710157.8561149,0,0.0,False,1.961817850054744e-42,0.0,100.0,False,0.03067140933126211,False,0.0,0.0,0.020814605057239532,0.9791854023933411,0.02246209979057312,0.9775379300117493,0.12025133520364761,0.8797487020492554,0.0,0.0,0.0,0.0,0.0,0.0,0.0,0.0,0.0,0.0,0.0,0.0,0.0,0.0,0.0,0.0,0.0,0.0,0.0,0.0,0.0,0.0,0.0,0.0,0.0,0.0,0.0,0.0,0.0,0.0,0.0,0.0,0.0,0.0,0.0,0.0,0.0,0.0
1781710158.543902,1,0.0,False,1.8216880036222622e-42,0.0,100.0,False,0.004322643872001208,False,0.0,0.0,0.284910649061203,0.7150893211364746,0.23855653405189514,0.7614434957504272,0.32127538323402405,0.6787245869636536,0.0,0.0,0.0,0.0,0.0,0.0,0.0,0.0,0.0,0.0,0.0,0.0,0.0,0.0,0.0,0.0,0.0,0.0,0.0,0.0,0.0,0.0,0.0,0.0,0.0,0.0,0.0,0.0,0.0,0.0,0.0,0.0,0.0,0.0,0.0,0.0,0.0,0.0
1781710159.2520306,1,0.0,False,4.203895392974451e-43,0.0,100.0,False,0.010402032785350457,False,0.0,0.0,0.0,0.0,0.0,0.0,0.2951945662498474,0.7048053741455078,0.0,0.0,0.0,0.0,0.0,0.0,0.0,0.0,0.0,0.0,0.0,0.0,0.0,0.0,0.0,0.0,0.0,0.0,0.0,0.0,0.0,0.0,0.0,0.0,0.0,0.0,0.0,0.0,0.0,0.0,0.0,0.0,0.0,0.0,0.0,0.0,0.0,0.0
1781710160.2013805,0,0.0,False,2.802596928649634e-43,0.0,100.0,False,0.006510169623652473,False,0.0,0.0,0.0,0.0,0.0,0.0,0.11526844650506973,0.8847315907478333,0.0,0.0,0.0,0.0,0.0,0.0,0.0,0.0,0.0,0.0,0.0,0.0,0.0,0.0,0.0,0.0,0.0,0.0,0.0,0.0,0.0,0.0,0.0,0.0,0.0,0.0,0.0,0.0,0.0,0.0,0.0,0.0,0.0,0.0,0.0,0.0,0.0,0.0
1781710161.8308427,1,0.0,False,2.802596928649634e-43,0.0,100.0,False,0.0019903623979189433,False,0.0,0.0,0.0,0.0,0.0,0.0,0.25996240973472595,0.7400375604629517,0.0,0.0,0.0,0.0,0.0,0.0,0.0,0.0,0.0,0.0,0.0,0.0,0.0,0.0,0.0,0.0,0.0,0.0,0.0,0.0,0.0,0.0,0.0,0.0,0.0,0.0,0.0,0.0,0.0,0.0,0.0,0.0,0.0,0.0,0.0,0.0,0.0,0.0
1781710162.7987978,0,0.0,False,9.388699710976274e-42,0.0,100.0,False,0.010402032785350457,False,0.0,0.0,0.01900339126586914,0.9809966087341309,0.029392236843705177,0.9706078171730042,0.0,0.0,0.0,0.0,0.0,0.0,0.0,0.0,0.0,0.0,0.0,0.0,0.0,0.0,0.0,0.0,0.0,0.0,0.0,0.0,0.0,0.0,0.0,0.0,0.0,0.0,0.0,0.0,0.0,0.0,0.0,0.0,0.0,0.0,0.0,0.0,0.0,0.0,0.0,0.0
1781710163.625609,0,0.0,False,1.6114932339735396e-41,0.0,100.0,False,0.010455773735884577,False,0.027183471247553825,0.9728165864944458,0.18008913099765778,0.8199108839035034,0.05115695670247078,0.9488430023193359,0.0,0.0,0.0,0.0,0.0,0.0,0.0,0.0,0.0,0.0,0.0,0.0,0.0,0.0,0.0,0.0,0.0,0.0,0.0,0.0,0.0,0.0,0.0,0.0,0.0,0.0,0.0,0.0,0.0,0.0,0.0,0.0,0.0,0.0,0.0,0.0,0.0,0.0,0.0,0.0
1781710164.3285754,1,13.043478260869565,True,1.8206146089985894e-37,2.0332840717353096e-40,100.0,False,99.99909400939941,True,0.60337895154953,0.39662104845046997,0.9958556294441223,0.004144357983022928,0.6711771488189697,0.32882291078567505,0.0,0.0,0.0,0.0,0.0,0.0,0.0,0.0,0.0,0.0,0.0,0.0,0.0,0.0,0.0,0.0,0.0,0.0,0.0,0.0,0.0,0.0,0.0,0.0,0.0,0.0,0.0,0.0,0.0,0.0,0.0,0.0,0.0,0.0,0.0,0.0,0.0,0.0,0.0,0.0
1781710165.0187852,0,0.0,False,2.689091753039324e-40,2.802596928649634e-43,100.0,False,0.01011225176625885,False,0.0,0.0,0.05507766082882881,0.9449223875999451,0.020994296297430992,0.9790056347846985,0.0,0.0,0.0,0.0,0.0,0.0,0.0,0.0,0.0,0.0,0.0,0.0,0.0,0.0,0.0,0.0,0.0,0.0,0.0,0.0,0.0,0.0,0.0,0.0,0.0,0.0,0.0,0.0,0.0,0.0,0.0,0.0,0.0,0.0,0.0,0.0,0.0,0.0,0.0,0.0
1781710165.7225752,0,4.3478260869565215,True,7.132174780889378e-38,6.810310536618611e-41,100.0,False,99.99902248382568,True,0.0,0.0,0.05748916044831276,0.9425109028816223,0.6647392511367798,0.3352607488632202,0.0,0.0,0.0,0.0,0.0,0.0,0.0,0.0,0.0,0.0,0.0,0.0,0.0,0.0,0.0,0.0,0.0,0.0,0.0,0.0,0.0,0.0,0.0,0.0,0.0,0.0,0.0,0.0,0.0,0.0,0.0,0.0,0.0,0.0,0.0,0.0,0.0,0.0,0.0,0.0
1781710166.395982,1,4.3478260869565215,True,8.407790785948902e-42,0.0,100.0,False,100.0,True,0.0,0.0,0.30256372690200806,0.6974362730979919,0.9493741989135742,0.05062582716345787,0.0,0.0,0.0,0.0,0.0,0.0,0.0,0.0,0.0,0.0,0.0,0.0,0.0,0.0,0.0,0.0,0.0,0.0,0.0,0.0,0.0,0.0,0.0,0.0,0.0,0.0,0.0,0.0,0.0,0.0,0.0,0.0,0.0,0.0,0.0,0.0,0.0,0.0,0.0,0.0
1781710167.1331239,1,8.695652173913043,True,5.198817302645071e-41,0.0,100.0,False,99.99927282333374,True,0.0,0.0,0.7674708962440491,0.23252911865711212,0.9984012246131897,0.0015987874940037727,0.0,0.0,0.0,0.0,0.0,0.0,0.0,0.0,0.0,0.0,0.0,0.0,0.0,0.0,0.0,0.0,0.0,0.0,0.0,0.0,0.0,0.0,0.0,0.0,0.0,0.0,0.0,0.0,0.0,0.0,0.0,0.0,0.0,0.0,0.0,0.0,0.0,0.0,0.0,0.0
1781710167.8026361,0,0.0,False,1.555441295400547e-41,0.0,100.0,False,0.03527984663378447,False,0.0,0.0,0.05957549065351486,0.9404245018959045,0.13605642318725586,0.8639435768127441,0.0,0.0,0.0,0.0,0.0,0.0,0.0,0.0,0.0,0.0,0.0,0.0,0.0,0.0,0.0,0.0,0.0,0.0,0.0,0.0,0.0,0.0,0.0,0.0,0.0,0.0,0.0,0.0,0.0,0.0,0.0,0.0,0.0,0.0,0.0,0.0,0.0,0.0,0.0,0.0
1781710168.4875271,1,8.695652173913043,True,1.233142648605839e-41,0.0,100.0,False,99.98488426208496,True,0.0,0.0,0.9689025282859802,0.031097494065761566,0.9644098877906799,0.03559006005525589,0.0,0.0,0.0,0.0,0.0,0.0,0.0,0.0,0.0,0.0,0.0,0.0,0.0,0.0,0.0,0.0,0.0,0.0,0.0,0.0,0.0,0.0,0.0,0.0,0.0,0.0,0.0,0.0,0.0,0.0,0.0,0.0,0.0,0.0,0.0,0.0,0.0,0.0,0.0,0.0
1781710169.1704888,0,0.0,False,2.2701035122062037e-41,0.0,100.0,False,0.0029394872399279848,False,0.0,0.0,0.20957784354686737,0.7904221415519714,0.2660132348537445,0.7339867949485779,0.0,0.0,0.0,0.0,0.0,0.0,0.0,0.0,0.0,0.0,0.0,0.0,0.0,0.0,0.0,0.0,0.0,0.0,0.0,0.0,0.0,0.0,0.0,0.0,0.0,0.0,0.0,0.0,0.0,0.0,0.0,0.0,0.0,0.0,0.0,0.0,0.0,0.0,0.0,0.0
1781710169.8849251,1,8.695652173913043,True,2.2071852111580194e-39,1.6815581571897805e-42,100.0,False,99.99990463256836,True,0.0,0.0,0.8234984278678894,0.17650151252746582,0.9988687634468079,0.0011312622809782624,0.0,0.0,0.0,0.0,0.0,0.0,0.0,0.0,0.0,0.0,0.0,0.0,0.0,0.0,0.0,0.0,0.0,0.0,0.0,0.0,0.0,0.0,0.0,0.0,0.0,0.0,0.0,0.0,0.0,0.0,0.0,0.0,0.0,0.0,0.0,0.0,0.0,0.0,0.0,0.0
1781710170.573103,1,4.3478260869565215,True,5.74532370373175e-42,0.0,100.0,False,99.9998688697815,True,0.0,0.0,0.2346058189868927,0.7653941512107849,0.9999512434005737,4.877082756138407e-05,0.0,0.0,0.0,0.0,0.0,0.0,0.0,0.0,0.0,0.0,0.0,0.0,0.0,0.0,0.0,0.0,0.0,0.0,0.0,0.0,0.0,0.0,0.0,0.0,0.0,0.0,0.0,0.0,0.0,0.0,0.0,0.0,0.0,0.0,0.0,0.0,0.0,0.0,0.0,0.0
1781710171.286554,0,0.0,False,3.216470430087969e-38,3.040817667584853e-41,100.0,False,0.008073518256423995,False,0.0,0.0,0.047109782695770264,0.9528902173042297,0.06055876240134239,0.9394412040710449,0.0,0.0,0.0,0.0,0.0,0.0,0.0,0.0,0.0,0.0,0.0,0.0,0.0,0.0,0.0,0.0,0.0,0.0,0.0,0.0,0.0,0.0,0.0,0.0,0.0,0.0,0.0,0.0,0.0,0.0,0.0,0.0,0.0,0.0,0.0,0.0,0.0,0.0,0.0,0.0
1781710171.9858706,1,4.3478260869565215,True,1.3017782473884686e-38,1.2191296639625909e-41,100.0,False,87.3445212841034,True,0.0,0.0,0.2857348322868347,0.7142651677131653,0.7271901369094849,0.2728098928928375,0.0,0.0,0.0,0.0,0.0,0.0,0.0,0.0,0.0,0.0,0.0,0.0,0.0,0.0,0.0,0.0,0.0,0.0,0.0,0.0,0.0,0.0,0.0,0.0,0.0,0.0,0.0,0.0,0.0,0.0,0.0,0.0,0.0,0.0,0.0,0.0,0.0,0.0,0.0,0.0
1781710172.6865249,0,0.0,False,1.401298464324817e-42,0.0,100.0,False,0.02508660836610943,False,0.0,0.0,0.22489064931869507,0.7751092910766602,0.04404656961560249,0.9559534192085266,0.0,0.0,0.0,0.0,0.0,0.0,0.0,0.0,0.0,0.0,0.0,0.0,0.0,0.0,0.0,0.0,0.0,0.0,0.0,0.0,0.0,0.0,0.0,0.0,0.0,0.0,0.0,0.0,0.0,0.0,0.0,0.0,0.0,0.0,0.0,0.0,0.0,0.0,0.0,0.0
1781710173.4562283,1,0.0,False,5.605193857299268e-43,0.0,100.0,False,0.009735713683767244,False,0.0,0.0,0.0,0.0,0.0,0.0,0.0,0.0,0.0,0.0,0.0,0.0,0.0,0.0,0.0,0.0,0.0,0.0,0.0,0.0,0.0,0.0,0.0,0.0,0.0,0.0,0.0,0.0,0.0,0.0,0.0,0.0,0.0,0.0,0.0,0.0,0.0,0.0,0.0,0.0,0.0,0.0,0.0,0.0,0.0,0.0
1781710174.4384153,0,0.0,False,5.605193857299268e-43,0.0,100.0,False,0.008799585339147598,False,0.0,0.0,0.0,0.0,0.0,0.0,0.0,0.0,0.0,0.0,0.0,0.0,0.0,0.0,0.0,0.0,0.0,0.0,0.0,0.0,0.0,0.0,0.0,0.0,0.0,0.0,0.0,0.0,0.0,0.0,0.0,0.0,0.0,0.0,0.0,0.0,0.0,0.0,0.0,0.0,0.0,0.0,0.0,0.0,0.0,0.0
1781710175.4086268,1,0.0,False,1.6815581571897805e-42,0.0,100.0,False,0.05352177540771663,False,0.0,0.0,0.0,0.0,0.0,0.0,0.0,0.0,0.0,0.0,0.0,0.0,0.0,0.0,0.0,0.0,0.0,0.0,0.0,0.0,0.0,0.0,0.0,0.0,0.0,0.0,0.0,0.0,0.0,0.0,0.0,0.0,0.0,0.0,0.0,0.0,0.0,0.0,0.0,0.0,0.0,0.0,0.0,0.0,0.0,0.0
1781710176.3453517,1,0.0,False,0.0,0.0,100.0,False,0.005564790262724273,False,0.0,0.0,0.0,0.0,0.0,0.0,0.0,0.0,0.0,0.0,0.0,0.0,0.0,0.0,0.0,0.0,0.0,0.0,0.0,0.0,0.0,0.0,0.0,0.0,0.0,0.0,0.0,0.0,0.0,0.0,0.0,0.0,0.0,0.0,0.0,0.0,0.0,0.0,0.0,0.0,0.0,0.0,0.0,0.0,0.0,0.0
1781710177.3810318,1,0.0,False,1.5414283107572988e-42,0.0,100.0,False,0.16318532871082425,False,0.0,0.0,0.09883230179548264,0.9011676907539368,0.0972604975104332,0.9027395248413086,0.0,0.0,0.0,0.0,0.0,0.0,0.0,0.0,0.0,0.0,0.0,0.0,0.0,0.0,0.0,0.0,0.0,0.0,0.0,0.0,0.0,0.0,0.0,0.0,0.0,0.0,0.0,0.0,0.0,0.0,0.0,0.0,0.0,0.0,0.0,0.0,0.0,0.0,0.0,0.0
1781710178.1510072,0,0.0,False,0.0,0.0,100.0,False,0.00031495158054895,False,0.0,0.0,0.10865838825702667,0.8913416862487793,0.028614168986678123,0.9713857769966125,0.0,0.0,0.0,0.0,0.0,0.0,0.0,0.0,0.0,0.0,0.0,0.0,0.0,0.0,0.0,0.0,0.0,0.0,0.0,0.0,0.0,0.0,0.0,0.0,0.0,0.0,0.0,0.0,0.0,0.0,0.0,0.0,0.0,0.0,0.0,0.0,0.0,0.0,0.0,0.0
1781710178.8210645,0,0.0,False,1.555441295400547e-41,0.0,100.0,False,0.0029394872399279848,False,0.0808102935552597,0.9191896915435791,0.23048941791057587,0.7695105671882629,0.10313925892114639,0.8968607187271118,0.0,0.0,0.0,0.0,0.0,0.0,0.0,0.0,0.0,0.0,0.0,0.0,0.0,0.0,0.0,0.0,0.0,0.0,0.0,0.0,0.0,0.0,0.0,0.0,0.0,0.0,0.0,0.0,0.0,0.0,0.0,0.0,0.0,0.0,0.0,0.0,0.0,0.0,0.0,0.0
1781710179.4879477,0,4.3478260869565215,True,1.3048891299792697e-39,9.80908925027372e-43,100.0,False,99.99983310699463,True,0.18011979758739471,0.8198802471160889,0.22208255529403687,0.7779175043106079,0.6400865316390991,0.3599134683609009,0.0,0.0,0.0,0.0,0.0,0.0,0.0,0.0,0.0,0.0,0.0,0.0,0.0,0.0,0.0,0.0,0.0,0.0,0.0,0.0,0.0,0.0,0.0,0.0,0.0,0.0,0.0,0.0,0.0,0.0,0.0,0.0,0.0,0.0,0.0,0.0,0.0,0.0,0.0,0.0
1781710180.20096,0,0.0,False,7.178288710753379e-37,8.992132245572351e-40,100.0,False,0.006510169623652473,False,0.04939277097582817,0.9506072402000427,0.3328944742679596,0.6671055555343628,0.13694795966148376,0.8630520701408386,0.0,0.0,0.0,0.0,0.0,0.0,0.0,0.0,0.0,0.0,0.0,0.0,0.0,0.0,0.0,0.0,0.0,0.0,0.0,0.0,0.0,0.0,0.0,0.0,0.0,0.0,0.0,0.0,0.0,0.0,0.0,0.0,0.0,0.0,0.0,0.0,0.0,0.0,0.0,0.0
1781710180.9086936,0,0.0,False,7.512361067245344e-39,6.866362475191604e-42,100.0,False,0.00011004328825947596,False,0.04951488971710205,0.950485110282898,0.08341171592473984,0.916588306427002,0.1577189415693283,0.8422810435295105,0.0,0.0,0.0,0.0,0.0,0.0,0.0,0.0,0.0,0.0,0.0,0.0,0.0,0.0,0.0,0.0,0.0,0.0,0.0,0.0,0.0,0.0,0.0,0.0,0.0,0.0,0.0,0.0,0.0,0.0,0.0,0.0,0.0,0.0,0.0,0.0,0.0,0.0,0.0,0.0
1781710181.5839639,0,0.0,False,1.7557709238604228e-38,1.4573504028978098e-41,100.0,False,8.128066610879614e-05,False,0.014909829944372177,0.9850901365280151,0.151241734623909,0.8487582802772522,0.14398151636123657,0.8560184836387634,0.0,0.0,0.0,0.0,0.0,0.0,0.0,0.0,0.0,0.0,0.0,0.0,0.0,0.0,0.0,0.0,0.0,0.0,0.0,0.0,0.0,0.0,0.0,0.0,0.0,0.0,0.0,0.0,0.0,0.0,0.0,0.0,0.0,0.0,0.0,0.0,0.0,0.0,0.0,0.0
1781710182.2914877,1,0.0,False,8.688050478813866e-41,0.0,100.0,False,0.01732566161081195,False,0.15821778774261475,0.8417822122573853,0.19751036167144775,0.8024896383285522,0.0,0.0,0.0,0.0,0.0,0.0,0.0,0.0,0.0,0.0,0.0,0.0,0.0,0.0,0.0,0.0,0.0,0.0,0.0,0.0,0.0,0.0,0.0,0.0,0.0,0.0,0.0,0.0,0.0,0.0,0.0,0.0,0.0,0.0,0.0,0.0,0.0,0.0,0.0,0.0,0.0,0.0
1781710182.974273,0,0.0,False,4.203895392974451e-43,0.0,100.0,False,0.0017067925000446849,False,0.04964510351419449,0.9503549337387085,0.022803466767072678,0.9771965742111206,0.0,0.0,0.0,0.0,0.0,0.0,0.0,0.0,0.0,0.0,0.0,0.0,0.0,0.0,0.0,0.0,0.0,0.0,0.0,0.0,0.0,0.0,0.0,0.0,0.0,0.0,0.0,0.0,0.0,0.0,0.0,0.0,0.0,0.0,0.0,0.0,0.0,0.0,0.0,0.0,0.0,0.0
1781710184.3857908,1,0.0,False,4.7965045135374164e-39,3.6433760072445244e-42,100.0,False,5.3295360658012214e-05,False,0.07456252723932266,0.9254375100135803,0.31595364212989807,0.6840463280677795,0.0,0.0,0.0,0.0,0.0,0.0,0.0,0.0,0.0,0.0,0.0,0.0,0.0,0.0,0.0,0.0,0.0,0.0,0.0,0.0,0.0,0.0,0.0,0.0,0.0,0.0,0.0,0.0,0.0,0.0,0.0,0.0,0.0,0.0,0.0,0.0,0.0,0.0,0.0,0.0,0.0,0.0
1781710185.0833836,1,8.695652173913043,True,1.356456913466423e-40,1.401298464324817e-43,100.0,False,99.99973773956299,True,0.9970307350158691,0.0029691855888813734,0.5665532946586609,0.4334467351436615,0.0,0.0,0.0,0.0,0.0,0.0,0.0,0.0,0.0,0.0,0.0,0.0,0.0,0.0,0.0,0.0,0.0,0.0,0.0,0.0,0.0,0.0,0.0,0.0,0.0,0.0,0.0,0.0,0.0,0.0,0.0,0.0,0.0,0.0,0.0,0.0,0.0,0.0,0.0,0.0,0.3804434537887573,0.6195565462112427
1781710185.7626865,1,4.3478260869565215,True,1.737890355455638e-39,1.5414283107572988e-42,100.0,False,99.99983310699463,True,0.9915235042572021,0.00847654975950718,0.212720587849617,0.7872794270515442,0.0,0.0,0.0,0.0,0.0,0.0,0.0,0.0,0.0,0.0,0.0,0.0,0.0,0.0,0.0,0.0,0.0,0.0,0.0,0.0,0.0,0.0,0.0,0.0,0.0,0.0,0.0,0.0,0.0,0.0,0.0,0.0,0.0,0.0,0.0,0.0,0.0,0.0,0.0,0.0,0.07064718753099442,0.9293528199195862
1781710186.437423,0,0.0,False,0.0,0.0,100.0,False,0.028879582532681525,False,0.07559522241353989,0.9244047403335571,0.03820651024580002,0.9617934823036194,0.0,0.0,0.0,0.0,0.0,0.0,0.0,0.0,0.0,0.0,0.0,0.0,0.0,0.0,0.0,0.0,0.0,0.0,0.0,0.0,0.0,0.0,0.0,0.0,0.0,0.0,0.0,0.0,0.0,0.0,0.0,0.0,0.0,0.0,0.0,0.0,0.0,0.0,0.0,0.0,0.0,0.0
1781710187.160242,0,0.0,False,1.0089348943138683e-41,0.0,100.0,False,0.002388423126831185,False,0.11231130361557007,0.8876886367797852,0.04041590914130211,0.9595840573310852,0.0,0.0,0.0,0.0,0.0,0.0,0.0,0.0,0.0,0.0,0.0,0.0,0.0,0.0,0.0,0.0,0.0,0.0,0.0,0.0,0.0,0.0,0.0,0.0,0.0,0.0,0.0,0.0,0.0,0.0,0.0,0.0,0.0,0.0,0.0,0.0,0.0,0.0,0.0,0.0,0.0,0.0
1781710188.029647,1,0.0,False,8.968310171678829e-42,0.0,100.0,False,0.0009421157301403582,False,0.44925472140312195,0.5507452487945557,0.1874735802412033,0.8125264048576355,0.0,0.0,0.0,0.0,0.0,0.0,0.0,0.0,0.0,0.0,0.0,0.0,0.0,0.0,0.0,0.0,0.0,0.0,0.0,0.0,0.0,0.0,0.0,0.0,0.0,0.0,0.0,0.0,0.0,0.0,0.0,0.0,0.0,0.0,0.0,0.0,0.0,0.0,0.0,0.0,0.0,0.0
1781710188.9773111,1,4.3478260869565215,True,1.4471517526744537e-37,1.4601529998264594e-40,100.0,False,99.99767541885376,True,0.2614443302154541,0.7385556101799011,0.9542498588562012,0.0457502044737339,0.0,0.0,0.0,0.0,0.0,0.0,0.0,0.0,0.0,0.0,0.0,0.0,0.0,0.0,0.0,0.0,0.0,0.0,0.0,0.0,0.0,0.0,0.0,0.0,0.0,0.0,0.0,0.0,0.0,0.0,0.0,0.0,0.0,0.0,0.0,0.0,0.0,0.0,0.0,0.0,0.0,0.0
1781710189.8886168,1,8.695652173913043,True,3.976707076848862e-37,3.927839595502462e-40,100.0,False,99.99548196792603,True,0.5259013175964355,0.47409871220588684,0.8843891620635986,0.11561089754104614,0.0,0.0,0.0,0.0,0.0,0.0,0.0,0.0,0.0,0.0,0.0,0.0,0.0,0.0,0.0,0.0,0.0,0.0,0.0,0.0,0.0,0.0,0.0,0.0,0.0,0.0,0.0,0.0,0.0,0.0,0.0,0.0,0.0,0.0,0.0,0.0,0.0,0.0,0.0,0.0,0.0,0.0
1781710190.8479311,1,8.695652173913043,True,2.2073113280198086e-38,2.14398665041697e-41,100.0,False,99.99727010726929,True,0.8799943923950195,0.12000565230846405,0.6787344813346863,0.32126548886299133,0.0,0.0,0.0,0.0,0.0,0.0,0.0,0.0,0.0,0.0,0.0,0.0,0.0,0.0,0.0,0.0,0.0,0.0,0.0,0.0,0.0,0.0,0.0,0.0,0.0,0.0,0.0,0.0,0.0,0.0,0.0,0.0,0.0,0.0,0.0,0.0,0.0,0.0,0.0,0.0,0.0,0.0
1781710192.2984657,0,4.3478260869565215,True,0.0,0.0,100.0,False,99.99988079071045,True,0.5647639036178589,0.4352360665798187,0.1379648894071579,0.8620351552963257,0.0,0.0,0.0,0.0,0.0,0.0,0.0,0.0,0.0,0.0,0.0,0.0,0.0,0.0,0.0,0.0,0.0,0.0,0.0,0.0,0.0,0.0,0.0,0.0,0.0,0.0,0.0,0.0,0.0,0.0,0.0,0.0,0.0,0.0,0.0,0.0,0.0,0.0,0.0,0.0,0.0,0.0
1781710193.4884706,1,0.0,False,2.802596928649634e-43,0.0,100.0,False,0.006025846232660115,False,0.3978726267814636,0.6021273732185364,0.10125261545181274,0.8987473845481873,0.0,0.0,0.0,0.0,0.0,0.0,0.0,0.0,0.0,0.0,0.0,0.0,0.0,0.0,0.0,0.0,0.0,0.0,0.0,0.0,0.0,0.0,0.0,0.0,0.0,0.0,0.0,0.0,0.0,0.0,0.0,0.0,0.0,0.0,0.0,0.0,0.0,0.0,0.0,0.0,0.0,0.0
1781710194.610655,1,0.0,False,2.802596928649634e-43,0.0,100.0,False,8.128066610879614e-05,False,0.4388295114040375,0.5611705183982849,0.1497335433959961,0.8502664566040039,0.0,0.0,0.0,0.0,0.0,0.0,0.0,0.0,0.0,0.0,0.0,0.0,0.0,0.0,0.0,0.0,0.0,0.0,0.0,0.0,0.0,0.0,0.0,0.0,0.0,0.0,0.0,0.0,0.0,0.0,0.0,0.0,0.0,0.0,0.0,0.0,0.0,0.0,0.0,0.0,0.0,0.0
1781710195.313096,0,0.0,False,0.0,0.0,100.0,False,0.028370990185067058,False,0.0631711483001709,0.9368288516998291,0.048394881188869476,0.9516052007675171,0.0,0.0,0.0,0.0,0.0,0.0,0.0,0.0,0.0,0.0,0.0,0.0,0.0,0.0,0.0,0.0,0.0,0.0,0.0,0.0,0.0,0.0,0.0,0.0,0.0,0.0,0.0,0.0,0.0,0.0,0.0,0.0,0.0,0.0,0.0,0.0,0.0,0.0,0.0,0.0,0.0,0.0
1781710196.0129216,0,0.0,False,2.802596928649634e-43,0.0,100.0,False,0.0022856838768348098,False,0.03958841413259506,0.960411548614502,0.0,0.0,0.0,0.0,0.0,0.0,0.0,0.0,0.0,0.0,0.0,0.0,0.0,0.0,0.0,0.0,0.0,0.0,0.0,0.0,0.0,0.0,0.0,0.0,0.0,0.0,0.0,0.0,0.0,0.0,0.0,0.0,0.0,0.0,0.0,0.0,0.0,0.0,0.0,0.0,0.0,0.0,0.0,0.0
1781710196.823808,0,0.0,False,0.0,0.0,100.0,False,0.028879582532681525,False,0.0,0.0,0.0,0.0,0.0,0.0,0.0,0.0,0.0,0.0,0.0,0.0,0.0,0.0,0.0,0.0,0.0,0.0,0.0,0.0,0.0,0.0,0.0,0.0,0.0,0.0,0.0,0.0,0.0,0.0,0.0,0.0,0.0,0.0,0.0,0.0,0.0,0.0,0.0,0.0,0.0,0.0,0.0,0.0,0.0,0.0
1781710197.5091455,1,0.0,False,8.407790785948902e-43,0.0,100.0,False,0.028793801902793348,False,0.0,0.0,0.0,0.0,0.0,0.0,0.0,0.0,0.0,0.0,0.0,0.0,0.0,0.0,0.0,0.0,0.0,0.0,0.0,0.0,0.0,0.0,0.0,0.0,0.0,0.0,0.0,0.0,0.0,0.0,0.0,0.0,0.0,0.0,0.0,0.0,0.0,0.0,0.0,0.0,0.0,0.0,0.0,0.0,0.0,0.0
1781710198.185573,1,0.0,False,7.006492321624085e-43,0.0,100.0,False,0.008073518256423995,False,0.0,0.0,0.07473713159561157,0.9252628684043884,0.0,0.0,0.0,0.0,0.0,0.0,0.0,0.0,0.0,0.0,0.0,0.0,0.0,0.0,0.0,0.0,0.0,0.0,0.0,0.0,0.0,0.0,0.0,0.0,0.0,0.0,0.0,0.0,0.0,0.0,0.0,0.0,0.0,0.0,0.0,0.0,0.0,0.0,0.0,0.0,0.0,0.0
1781710198.8594563,1,4.3478260869565215,True,5.605193857299268e-43,0.0,100.0,False,100.0,True,0.0,0.0,0.524669885635376,0.475330114364624,0.0,0.0,0.0,0.0,0.0,0.0,0.0,0.0,0.0,0.0,0.0,0.0,0.0,0.0,0.0,0.0,0.0,0.0,0.0,0.0,0.0,0.0,0.0,0.0,0.0,0.0,0.0,0.0,0.0,0.0,0.0,0.0,0.0,0.0,0.0,0.0,0.0,0.0,0.0,0.0,0.0,0.0
1781710199.529548,1,0.0,False,1.401298464324817e-43,0.0,100.0,False,0.0006511634182970738,False,0.0,0.0,0.2785619795322418,0.7214379906654358,0.0,0.0,0.0,0.0,0.0,0.0,0.0,0.0,0.0,0.0,0.0,0.0,0.0,0.0,0.0,0.0,0.0,0.0,0.0,0.0,0.0,0.0,0.0,0.0,0.0,0.0,0.0,0.0,0.0,0.0,0.0,0.0,0.0,0.0,0.0,0.0,0.0,0.0,0.0,0.0,0.0,0.0
1781710200.2143407,1,0.0,False,5.605193857299268e-43,0.0,100.0,False,0.016148373833857477,False,0.0,0.0,0.0,0.0,0.0,0.0,0.0,0.0,0.0,0.0,0.0,0.0,0.0,0.0,0.0,0.0,0.0,0.0,0.0,0.0,0.0,0.0,0.0,0.0,0.0,0.0,0.0,0.0,0.0,0.0,0.0,0.0,0.0,0.0,0.0,0.0,0.0,0.0,0.0,0.0,0.0,0.0,0.0,0.0,0.0,0.0
1781710200.8742778,0,0.0,False,1.401298464324817e-43,0.0,100.0,False,4.860930857830681e-05,False,0.0,0.0,0.0,0.0,0.0,0.0,0.0,0.0,0.0,0.0,0.0,0.0,0.0,0.0,0.0,0.0,0.0,0.0,0.0,0.0,0.0,0.0,0.0,0.0,0.0,0.0,0.0,0.0,0.0,0.0,0.0,0.0,0.0,0.0,0.0,0.0,0.0,0.0,0.0,0.0,0.0,0.0,0.0,0.0,0.0,0.0
1781710201.5412755,0,0.0,False,4.203895392974451e-43,0.0,100.0,False,0.0006558806944667595,False,0.0,0.0,0.0,0.0,0.0,0.0,0.0,0.0,0.0,0.0,0.0,0.0,0.0,0.0,0.0,0.0,0.0,0.0,0.0,0.0,0.0,0.0,0.0,0.0,0.0,0.0,0.0,0.0,0.0,0.0,0.0,0.0,0.0,0.0,0.0,0.0,0.0,0.0,0.0,0.0,0.0,0.0,0.0,0.0,0.0,0.0
1781710202.4894457,1,0.0,False,1.401298464324817e-43,0.0,100.0,False,0.0012571265870064963,False,0.0,0.0,0.0,0.0,0.0,0.0,0.0,0.0,0.0,0.0,0.0,0.0,0.0,0.0,0.0,0.0,0.0,0.0,0.0,0.0,0.0,0.0,0.0,0.0,0.0,0.0,0.0,0.0,0.0,0.0,0.0,0.0,0.0,0.0,0.0,0.0,0.0,0.0,0.0,0.0,0.0,0.0,0.0,0.0,0.0,0.0
1781710203.4873705,1,0.0,False,5.605193857299268e-43,0.0,100.0,False,0.007568568253191188,False,0.0,0.0,0.0,0.0,0.0,0.0,0.0,0.0,0.0,0.0,0.0,0.0,0.0,0.0,0.0,0.0,0.0,0.0,0.0,0.0,0.0,0.0,0.0,0.0,0.0,0.0,0.0,0.0,0.0,0.0,0.0,0.0,0.0,0.0,0.0,0.0,0.0,0.0,0.0,0.0,0.0,0.0,0.0,0.0,0.0,0.0
1781710204.4609087,1,0.0,False,4.203895392974451e-43,0.0,100.0,False,0.0022856838768348098,False,0.0,0.0,0.0,0.0,0.0,0.0,0.0,0.0,0.0,0.0,0.0,0.0,0.0,0.0,0.0,0.0,0.0,0.0,0.0,0.0,0.0,0.0,0.0,0.0,0.0,0.0,0.0,0.0,0.0,0.0,0.0,0.0,0.0,0.0,0.0,0.0,0.0,0.0,0.0,0.0,0.0,0.0,0.0,0.0,0.0,0.0
1781710205.4876564,1,0.0,False,1.401298464324817e-43,0.0,100.0,False,0.012772616173606366,False,0.0,0.0,0.0,0.0,0.0,0.0,0.0,0.0,0.0,0.0,0.0,0.0,0.0,0.0,0.0,0.0,0.0,0.0,0.0,0.0,0.0,0.0,0.0,0.0,0.0,0.0,0.0,0.0,0.0,0.0,0.0,0.0,0.0,0.0,0.0,0.0,0.0,0.0,0.0,0.0,0.0,0.0,0.0,0.0,0.0,0.0
1781710206.3510387,1,0.0,False,1.401298464324817e-43,0.0,100.0,False,0.022971337602939457,False,0.0,0.0,0.0,0.0,0.0,0.0,0.0,0.0,0.0,0.0,0.0,0.0,0.0,0.0,0.0,0.0,0.0,0.0,0.0,0.0,0.0,0.0,0.0,0.0,0.0,0.0,0.0,0.0,0.0,0.0,0.0,0.0,0.0,0.0,0.0,0.0,0.0,0.0,0.0,0.0,0.0,0.0,0.0,0.0,0.0,0.0
1781710207.0264664,0,0.0,False,1.401298464324817e-43,0.0,100.0,False,0.013876771845389158,False,0.0,0.0,0.0,0.0,0.0,0.0,0.0,0.0,0.0,0.0,0.0,0.0,0.0,0.0,0.0,0.0,0.0,0.0,0.0,0.0,0.0,0.0,0.0,0.0,0.0,0.0,0.0,0.0,0.0,0.0,0.0,0.0,0.0,0.0,0.0,0.0,0.0,0.0,0.0,0.0,0.0,0.0,0.0,0.0,0.0,0.0
1781710207.7142901,1,0.0,False,2.802596928649634e-43,0.0,100.0,False,0.025484891375526786,False,0.0,0.0,0.0,0.0,0.0,0.0,0.0,0.0,0.0,0.0,0.0,0.0,0.0,0.0,0.0,0.0,0.0,0.0,0.0,0.0,0.0,0.0,0.0,0.0,0.0,0.0,0.0,0.0,0.0,0.0,0.0,0.0,0.0,0.0,0.0,0.0,0.0,0.0,0.0,0.0,0.0,0.0,0.0,0.0,0.0,0.0
1781710208.3816845,0,0.0,False,5.605193857299268e-43,0.0,100.0,False,0.0013216091247159056,False,0.0,0.0,0.0,0.0,0.0,0.0,0.0,0.0,0.0,0.0,0.0,0.0,0.0,0.0,0.0,0.0,0.0,0.0,0.0,0.0,0.0,0.0,0.0,0.0,0.0,0.0,0.0,0.0,0.0,0.0,0.0,0.0,0.0,0.0,0.0,0.0,0.0,0.0,0.0,0.0,0.0,0.0,0.0,0.0,0.0,0.0
1781710209.0599508,0,0.0,False,1.6815581571897805e-42,0.0,100.0,False,0.0001256628365808865,False,0.0,0.0,0.0,0.0,0.0,0.0,0.0,0.0,0.0,0.0,0.0,0.0,0.0,0.0,0.0,0.0,0.0,0.0,0.0,0.0,0.0,0.0,0.0,0.0,0.0,0.0,0.0,0.0,0.0,0.0,0.0,0.0,0.0,0.0,0.0,0.0,0.0,0.0,0.0,0.0,0.0,0.0,0.0,0.0,0.0,0.0
1781710209.7361298,0,0.0,False,0.0,0.0,100.0,False,0.00022669214558845852,False,0.0,0.0,0.0,0.0,0.0,0.0,0.0,0.0,0.0,0.0,0.0,0.0,0.0,0.0,0.0,0.0,0.0,0.0,0.0,0.0,0.0,0.0,0.0,0.0,0.0,0.0,0.0,0.0,0.0,0.0,0.0,0.0,0.0,0.0,0.0,0.0,0.0,0.0,0.0,0.0,0.0,0.0,0.0,0.0,0.0,0.0
1781710210.4116583,0,0.0,False,2.802596928649634e-43,0.0,100.0,False,0.0028122449293732643,False,0.0,0.0,0.0,0.0,0.0,0.0,0.0,0.0,0.0,0.0,0.0,0.0,0.0,0.0,0.0,0.0,0.0,0.0,0.0,0.0,0.0,0.0,0.0,0.0,0.0,0.0,0.0,0.0,0.0,0.0,0.0,0.0,0.0,0.0,0.0,0.0,0.0,0.0,0.0,0.0,0.0,0.0,0.0,0.0,0.0,0.0
1781710263.2841914,1,0.0,False,0.0,0.0,100.0,False,2.9335512863326585e-05,False,0.0,0.0,0.0,0.0,0.0,0.0,0.0,0.0,0.0,0.0,0.0,0.0,0.0,0.0,0.0,0.0,0.0,0.0,0.0,0.0,0.0,0.0,0.0,0.0,0.0,0.0,0.0,0.0,0.0,0.0,0.0,0.0,0.0,0.0,0.0,0.0,0.0,0.0,0.0,0.0,0.0,0.0,0.0,0.0,0.0,0.0
1781710263.924589,1,0.0,False,1.401298464324817e-43,0.0,100.0,False,0.00030502294521284057,False,0.0,0.0,0.0,0.0,0.0,0.0,0.0,0.0,0.0,0.0,0.0,0.0,0.0,0.0,0.0,0.0,0.0,0.0,0.0,0.0,0.0,0.0,0.0,0.0,0.0,0.0,0.0,0.0,0.0,0.0,0.0,0.0,0.0,0.0,0.0,0.0,0.0,0.0,0.0,0.0,0.0,0.0,0.0,0.0,0.0,0.0
1781710264.576084,1,0.0,False,3.0688436368713494e-41,0.0,100.0,False,0.00898633079486899,False,0.0,0.0,0.0,0.0,0.0,0.0,0.0,0.0,0.0,0.0,0.0,0.0,0.0,0.0,0.0,0.0,0.0,0.0,0.0,0.0,0.0,0.0,0.0,0.0,0.0,0.0,0.0,0.0,0.0,0.0,0.0,0.0,0.0,0.0,0.0,0.0,0.0,0.0,0.0,0.0,0.0,0.0,0.0,0.0,0.0,0.0
1781710266.908686,0,0.0,False,7.006492321624085e-43,0.0,100.0,False,0.0009434653293283191,False,0.0,0.0,0.0,0.0,0.0,0.0,0.0,0.0,0.0,0.0,0.0,0.0,0.0,0.0,0.0,0.0,0.0,0.0,0.0,0.0,0.0,0.0,0.0,0.0,0.0,0.0,0.0,0.0,0.0,0.0,0.0,0.0,0.0,0.0,0.0,0.0,0.0,0.0,0.0,0.0,0.0,0.0,0.0,0.0,0.0,0.0
1781710267.8464894,1,0.0,False,5.605193857299268e-43,0.0,100.0,False,0.009729198791319504,False,0.0,0.0,0.0,0.0,0.0,0.0,0.0,0.0,0.0,0.0,0.0,0.0,0.0,0.0,0.0,0.0,0.0,0.0,0.0,0.0,0.0,0.0,0.0,0.0,0.0,0.0,0.0,0.0,0.0,0.0,0.0,0.0,0.0,0.0,0.0,0.0,0.0,0.0,0.0,0.0,0.0,0.0,0.0,0.0,0.0,0.0
1781710268.737731,0,0.0,False,8.407790785948902e-43,0.0,100.0,False,0.008002067625056952,False,0.0,0.0,0.0,0.0,0.0,0.0,0.0,0.0,0.0,0.0,0.0,0.0,0.0,0.0,0.0,0.0,0.0,0.0,0.0,0.0,0.0,0.0,0.0,0.0,0.0,0.0,0.0,0.0,0.0,0.0,0.0,0.0,0.0,0.0,0.0,0.0,0.0,0.0,0.0,0.0,0.0,0.0,0.0,0.0,0.0,0.0
1781710269.706868,0,0.0,False,8.407790785948902e-43,0.0,100.0,False,0.03067140933126211,False,0.0,0.0,0.0,0.0,0.0,0.0,0.0,0.0,0.0,0.0,0.0,0.0,0.0,0.0,0.0,0.0,0.0,0.0,0.0,0.0,0.0,0.0,0.0,0.0,0.0,0.0,0.0,0.0,0.0,0.0,0.0,0.0,0.0,0.0,0.0,0.0,0.0,0.0,0.0,0.0,0.0,0.0,0.0,0.0,0.0,0.0
1781710270.380396,1,0.0,False,8.407790785948902e-43,0.0,100.0,False,0.0038188518374226987,False,0.0,0.0,0.0,0.0,0.0,0.0,0.0,0.0,0.0,0.0,0.0,0.0,0.0,0.0,0.0,0.0,0.0,0.0,0.0,0.0,0.0,0.0,0.0,0.0,0.0,0.0,0.0,0.0,0.0,0.0,0.0,0.0,0.0,0.0,0.0,0.0,0.0,0.0,0.0,0.0,0.0,0.0,0.0,0.0,0.0,0.0
1781710271.0383875,1,0.0,False,1.401298464324817e-43,0.0,100.0,False,0.0533614307641983,False,0.0,0.0,0.0,0.0,0.0,0.0,0.0,0.0,0.0,0.0,0.0,0.0,0.0,0.0,0.0,0.0,0.0,0.0,0.0,0.0,0.0,0.0,0.0,0.0,0.0,0.0,0.0,0.0,0.0,0.0,0.0,0.0,0.0,0.0,0.0,0.0,0.0,0.0,0.0,0.0,0.0,0.0,0.0,0.0,0.0,0.0
1781710271.6970856,1,0.0,False,2.802596928649634e-43,0.0,100.0,False,0.09458109852857888,False,0.0,0.0,0.0,0.0,0.0,0.0,0.0,0.0,0.0,0.0,0.0,0.0,0.0,0.0,0.0,0.0,0.0,0.0,0.0,0.0,0.0,0.0,0.0,0.0,0.0,0.0,0.0,0.0,0.0,0.0,0.0,0.0,0.0,0.0,0.0,0.0,0.0,0.0,0.0,0.0,0.0,0.0,0.0,0.0,0.0,0.0
1781710272.3723674,0,0.0,False,1.401298464324817e-43,0.0,100.0,False,0.0009434653293283191,False,0.0,0.0,0.0,0.0,0.0,0.0,0.0,0.0,0.0,0.0,0.0,0.0,0.0,0.0,0.0,0.0,0.0,0.0,0.0,0.0,0.0,0.0,0.0,0.0,0.0,0.0,0.0,0.0,0.0,0.0,0.0,0.0,0.0,0.0,0.0,0.0,0.0,0.0,0.0,0.0,0.0,0.0,0.0,0.0,0.0,0.0
1781710273.0155056,0,0.0,False,1.401298464324817e-42,0.0,100.0,False,4.917957880934409e-05,False,0.0,0.0,0.0,0.0,0.0,0.0,0.023494131863117218,0.9765058159828186,0.0,0.0,0.0,0.0,0.0,0.0,0.0,0.0,0.0,0.0,0.0,0.0,0.0,0.0,0.0,0.0,0.0,0.0,0.0,0.0,0.0,0.0,0.0,0.0,0.0,0.0,0.0,0.0,0.0,0.0,0.0,0.0,0.0,0.0,0.0,0.0,0.0,0.0
1781710273.662856,1,8.695652173913043,True,2.498515161891149e-40,1.401298464324817e-43,100.0,False,99.99836683273315,True,0.0,0.0,0.0,0.0,0.9005619883537292,0.09943795949220657,0.5060552954673767,0.4939447045326233,0.0,0.0,0.0,0.0,0.0,0.0,0.0,0.0,0.0,0.0,0.0,0.0,0.0,0.0,0.0,0.0,0.0,0.0,0.0,0.0,0.0,0.0,0.0,0.0,0.0,0.0,0.0,0.0,0.0,0.0,0.0,0.0,0.0,0.0,0.0,0.0,0.0,0.0
1781710274.3509939,1,4.3478260869565215,True,2.486604124944388e-39,1.8216880036222622e-42,100.0,False,99.99961853027344,True,0.0,0.0,0.0,0.0,0.8979262113571167,0.10207375138998032,0.4242529273033142,0.5757470726966858,0.0,0.0,0.0,0.0,0.0,0.0,0.0,0.0,0.0,0.0,0.0,0.0,0.0,0.0,0.0,0.0,0.0,0.0,0.0,0.0,0.0,0.0,0.0,0.0,0.0,0.0,0.0,0.0,0.0,0.0,0.0,0.0,0.0,0.0,0.0,0.0,0.0,0.0
1781710275.0570316,1,4.3478260869565215,True,7.454907830208027e-41,0.0,100.0,False,99.99885559082031,True,0.0,0.0,0.0,0.0,0.023604465648531914,0.9763956069946289,1.0,2.0469399508726838e-09,0.36120274662971497,0.6387972831726074,0.0,0.0,0.0,0.0,0.0,0.0,0.0,0.0,0.0,0.0,0.0,0.0,0.0,0.0,0.0,0.0,0.0,0.0,0.0,0.0,0.0,0.0,0.0,0.0,0.0,0.0,0.0,0.0,0.0,0.0,0.0,0.0,0.0,0.0,0.0,0.0
1781710275.7316222,1,4.3478260869565215,True,3.783505853677006e-41,0.0,100.0,False,99.98488426208496,True,0.0,0.0,0.0,0.0,0.12072652578353882,0.8792734146118164,1.0,1.393992032916458e-09,0.39628511667251587,0.6037148833274841,0.0,0.0,0.0,0.0,0.0,0.0,0.0,0.0,0.0,0.0,0.0,0.0,0.0,0.0,0.0,0.0,0.0,0.0,0.0,0.0,0.0,0.0,0.0,0.0,0.0,0.0,0.0,0.0,0.0,0.0,0.0,0.0,0.0,0.0,0.0,0.0
1781710276.3870857,0,0.0,False,7.006492321624085e-43,0.0,100.0,False,0.012145048094680533,False,0.0,0.0,0.0,0.0,0.04491118714213371,0.9550887942314148,0.06980694085359573,0.9301931262016296,0.0,0.0,0.0,0.0,0.0,0.0,0.0,0.0,0.0,0.0,0.0,0.0,0.0,0.0,0.0,0.0,0.0,0.0,0.0,0.0,0.0,0.0,0.0,0.0,0.0,0.0,0.0,0.0,0.0,0.0,0.0,0.0,0.0,0.0,0.0,0.0,0.0,0.0
1781710277.0356178,1,4.3478260869565215,True,7.006492321624085e-43,0.0,100.0,False,99.99963045120239,True,0.0,0.0,0.0,0.0,0.2815631031990051,0.7184368968009949,0.6214336156845093,0.37856635451316833,0.0,0.0,0.0,0.0,0.0,0.0,0.0,0.0,0.0,0.0,0.0,0.0,0.0,0.0,0.0,0.0,0.0,0.0,0.0,0.0,0.0,0.0,0.0,0.0,0.0,0.0,0.0,0.0,0.0,0.0,0.0,0.0,0.0,0.0,0.0,0.0,0.0,0.0
1781710277.7092845,1,8.695652173913043,True,1.4906312414255242e-37,1.562447787722171e-40,100.0,False,99.99909400939941,True,0.0,0.0,0.24251897633075714,0.757481038570404,0.9613543748855591,0.0386456660926342,0.7713188529014587,0.22868113219738007,0.0,0.0,0.0,0.0,0.0,0.0,0.0,0.0,0.0,0.0,0.0,0.0,0.0,0.0,0.0,0.0,0.0,0.0,0.0,0.0,0.0,0.0,0.0,0.0,0.0,0.0,0.0,0.0,0.0,0.0,0.0,0.0,0.0,0.0,0.0,0.0,0.0,0.0
1781710278.383871,0,0.0,False,3.783505853677006e-42,0.0,100.0,False,0.03067140933126211,False,0.0,0.0,0.026595626026391983,0.9734043478965759,0.041398607194423676,0.9586014151573181,0.027094997465610504,0.9729050397872925,0.0,0.0,0.0,0.0,0.0,0.0,0.0,0.0,0.0,0.0,0.0,0.0,0.0,0.0,0.0,0.0,0.0,0.0,0.0,0.0,0.0,0.0,0.0,0.0,0.0,0.0,0.0,0.0,0.0,0.0,0.0,0.0,0.0,0.0,0.0,0.0,0.0,0.0
1781710279.047723,0,0.0,False,3.0127916982983567e-41,0.0,100.0,False,0.02508660836610943,False,0.0,0.0,0.01833604834973812,0.9816639423370361,0.06331825256347656,0.9366817474365234,0.0,0.0,0.0,0.0,0.0,0.0,0.0,0.0,0.0,0.0,0.0,0.0,0.0,0.0,0.0,0.0,0.0,0.0,0.0,0.0,0.0,0.0,0.0,0.0,0.0,0.0,0.0,0.0,0.0,0.0,0.0,0.0,0.0,0.0,0.0,0.0,0.0,0.0,0.0,0.0
1781710279.706608,1,4.3478260869565215,True,1.9898438193412402e-41,0.0,100.0,False,99.99960660934448,True,0.0,0.0,0.19802749156951904,0.8019725680351257,0.9675438404083252,0.03245611861348152,0.0,0.0,0.0,0.0,0.0,0.0,0.0,0.0,0.0,0.0,0.0,0.0,0.0,0.0,0.0,0.0,0.0,0.0,0.0,0.0,0.0,0.0,0.0,0.0,0.0,0.0,0.0,0.0,0.0,0.0,0.0,0.0,0.0,0.0,0.0,0.0,0.0,0.0,0.0,0.0
1781710280.653926,0,0.0,False,1.7105650354013042e-39,1.6815581571897805e-42,100.0,False,0.0017641579688643105,False,0.0,0.0,0.10225829482078552,0.8977416753768921,0.19310808181762695,0.806891918182373,0.05779719725251198,0.9422028064727783,0.0,0.0,0.0,0.0,0.0,0.0,0.0,0.0,0.0,0.0,0.0,0.0,0.0,0.0,0.0,0.0,0.0,0.0,0.0,0.0,0.0,0.0,0.0,0.0,0.0,0.0,0.0,0.0,0.0,0.0,0.0,0.0,0.0,0.0,0.0,0.0,0.0,0.0
1781710281.6129682,1,4.3478260869565215,True,1.2744389143494914e-38,1.0930128021733573e-41,100.0,False,99.9992847442627,True,0.0,0.0,0.3509630858898163,0.6490368843078613,0.9318217635154724,0.06817828118801117,0.2818879783153534,0.718112051486969,0.0,0.0,0.0,0.0,0.0,0.0,0.0,0.0,0.0,0.0,0.0,0.0,0.0,0.0,0.0,0.0,0.0,0.0,0.0,0.0,0.0,0.0,0.0,0.0,0.0,0.0,0.0,0.0,0.0,0.0,0.0,0.0,0.0,0.0,0.0,0.0,0.0,0.0
1781710283.1418645,1,8.695652173913043,True,3.504521342414578e-38,3.026804682941605e-41,100.0,False,99.00423288345337,True,0.0,0.0,0.20589298009872437,0.7941070199012756,0.8741788268089294,0.12582114338874817,0.7277088761329651,0.2722910940647125,0.0,0.0,0.0,0.0,0.0,0.0,0.0,0.0,0.0,0.0,0.0,0.0,0.0,0.0,0.0,0.0,0.0,0.0,0.0,0.0,0.0,0.0,0.0,0.0,0.0,0.0,0.0,0.0,0.0,0.0,0.0,0.0,0.0,0.0,0.0,0.0,0.0,0.0
1781710283.9325142,1,4.3478260869565215,True,9.462688269892625e-39,7.847271400218976e-42,100.0,False,99.99909400939941,True,0.0,0.0,0.0,0.0,0.3603171706199646,0.6396828889846802,0.9083812832832336,0.09161870926618576,0.0,0.0,0.0,0.0,0.0,0.0,0.0,0.0,0.0,0.0,0.0,0.0,0.0,0.0,0.0,0.0,0.0,0.0,0.0,0.0,0.0,0.0,0.0,0.0,0.0,0.0,0.0,0.0,0.0,0.0,0.0,0.0,0.0,0.0,0.0,0.0,0.0,0.0
1781710284.6093931,1,8.695652173913043,True,6.305843089461677e-42,0.0,100.0,False,100.0,True,0.0,0.0,0.0,0.0,0.8817915320396423,0.11820852756500244,0.9976600408554077,0.0023399065248668194,0.3507622480392456,0.6492377519607544,0.0,0.0,0.0,0.0,0.0,0.0,0.0,0.0,0.0,0.0,0.0,0.0,0.0,0.0,0.0,0.0,0.0,0.0,0.0,0.0,0.0,0.0,0.0,0.0,0.0,0.0,0.0,0.0,0.0,0.0,0.0,0.0,0.0,0.0,0.0,0.0
1781710285.2838356,1,8.695652173913043,True,3.6433760072445244e-42,0.0,100.0,False,87.3445212841034,True,0.0,0.0,0.0,0.0,0.0,0.0,0.9989690780639648,0.0010309504577890038,0.5539851784706116,0.44601479172706604,0.0,0.0,0.0,0.0,0.0,0.0,0.0,0.0,0.0,0.0,0.0,0.0,0.0,0.0,0.0,0.0,0.0,0.0,0.0,0.0,0.0,0.0,0.0,0.0,0.0,0.0,0.0,0.0,0.0,0.0,0.0,0.0,0.0,0.0,0.0,0.0
1781710285.9541104,0,0.0,False,4.911740292751168e-37,5.882650953235582e-40,100.0,False,0.06201170035637915,False,0.0,0.0,0.0,0.0,0.0,0.0,0.03984163701534271,0.9601583480834961,0.06406612694263458,0.9359338879585266,0.0,0.0,0.0,0.0,0.0,0.0,0.0,0.0,0.0,0.0,0.0,0.0,0.0,0.0,0.0,0.0,0.0,0.0,0.0,0.0,0.0,0.0,0.0,0.0,0.0,0.0,0.0,0.0,0.0,0.0,0.0,0.0,0.0,0.0,0.0,0.0
1781710286.6045969,0,0.0,False,2.341723876717845e-38,2.129973665773722e-41,100.0,False,0.0003638320094978553,False,0.0,0.0,0.0,0.0,0.0,0.0,0.07865666598081589,0.9213433265686035,0.06508999317884445,0.934909999370575,0.0,0.0,0.0,0.0,0.0,0.0,0.0,0.0,0.0,0.0,0.0,0.0,0.0,0.0,0.0,0.0,0.0,0.0,0.0,0.0,0.0,0.0,0.0,0.0,0.0,0.0,0.0,0.0,0.0,0.0,0.0,0.0,0.0,0.0,0.0,0.0
1781710287.281605,0,0.0,False,1.2611686178923354e-42,0.0,100.0,False,2.197667956352234,False,0.0,0.0,0.0,0.0,0.0,0.0,0.2749156057834625,0.7250843644142151,0.1141035407781601,0.8858965039253235,0.0,0.0,0.0,0.0,0.0,0.0,0.0,0.0,0.0,0.0,0.0,0.0,0.0,0.0,0.0,0.0,0.0,0.0,0.0,0.0,0.0,0.0,0.0,0.0,0.0,0.0,0.0,0.0,0.0,0.0,0.0,0.0,0.0,0.0,0.0,0.0
1781710287.9339228,1,4.3478260869565215,True,1.961817850054744e-42,0.0,100.0,False,99.99998807907104,True,0.0,0.0,0.0,0.0,0.0,0.0,0.45695406198501587,0.5430458784103394,0.9999572038650513,4.283120506443083e-05,0.047550443559885025,0.9524495601654053,0.0,0.0,0.0,0.0,0.0,0.0,0.0,0.0,0.0,0.0,0.0,0.0,0.0,0.0,0.0,0.0,0.0,0.0,0.0,0.0,0.0,0.0,0.0,0.0,0.0,0.0,0.0,0.0,0.0,0.0,0.0,0.0,0.0,0.0
1781710288.5932648,0,0.0,False,2.9016687300773987e-39,2.2420775429197073e-42,100.0,False,0.013918860349804163,False,0.0,0.0,0.0,0.0,0.0,0.0,0.03554697334766388,0.9644530415534973,0.21322768926620483,0.7867723107337952,0.1672341227531433,0.8327658772468567,0.0,0.0,0.0,0.0,0.0,0.0,0.0,0.0,0.0,0.0,0.0,0.0,0.0,0.0,0.0,0.0,0.0,0.0,0.0,0.0,0.0,0.0,0.0,0.0,0.0,0.0,0.0,0.0,0.0,0.0,0.0,0.0,0.0,0.0
1781710289.2750115,0,0.0,False,5.324934164434305e-42,0.0,100.0,False,0.00019786461962212343,False,0.0,0.0,0.0,0.0,0.0,0.0,0.020032618194818497,0.9799673557281494,0.11199367046356201,0.888006329536438,0.0,0.0,0.0,0.0,0.0,0.0,0.0,0.0,0.0,0.0,0.0,0.0,0.0,0.0,0.0,0.0,0.0,0.0,0.0,0.0,0.0,0.0,0.0,0.0,0.0,0.0,0.0,0.0,0.0,0.0,0.0,0.0,0.0,0.0,0.0,0.0
1781710289.929026,1,0.0,False,4.203895392974451e-43,0.0,100.0,False,0.004176583024673164,False,0.0,0.0,0.0,0.0,0.0,0.0,0.0,0.0,0.0,0.0,0.0,0.0,0.0,0.0,0.0,0.0,0.0,0.0,0.0,0.0,0.0,0.0,0.0,0.0,0.0,0.0,0.0,0.0,0.0,0.0,0.0,0.0,0.0,0.0,0.0,0.0,0.0,0.0,0.0,0.0,0.0,0.0,0.0,0.0,0.0,0.0
1781710290.5912795,0,0.0,False,1.401298464324817e-43,0.0,100.0,False,0.0023801487259333953,False,0.0,0.0,0.0,0.0,0.0,0.0,0.0,0.0,0.031144926324486732,0.968855082988739,0.0,0.0,0.0,0.0,0.0,0.0,0.0,0.0,0.0,0.0,0.0,0.0,0.0,0.0,0.0,0.0,0.0,0.0,0.0,0.0,0.0,0.0,0.0,0.0,0.0,0.0,0.0,0.0,0.0,0.0,0.0,0.0,0.0,0.0,0.0,0.0
1781710291.2760713,1,8.695652173913043,True,5.885453550164232e-42,0.0,100.0,False,99.99970197677612,True,0.0,0.0,0.0,0.0,0.0,0.0,0.8288321495056152,0.17116779088974,0.620241105556488,0.37975892424583435,0.0,0.0,0.0,0.0,0.0,0.0,0.0,0.0,0.0,0.0,0.0,0.0,0.0,0.0,0.0,0.0,0.0,0.0,0.0,0.0,0.0,0.0,0.0,0.0,0.0,0.0,0.0,0.0,0.0,0.0,0.0,0.0,0.0,0.0,0.0,0.0
1781710291.9419186,0,0.0,False,6.726232628759122e-41,0.0,100.0,False,0.0533614307641983,False,0.0,0.0,0.0,0.0,0.0,0.0,0.25213006138801575,0.7478699088096619,0.16691464185714722,0.8330853581428528,0.0,0.0,0.0,0.0,0.0,0.0,0.0,0.0,0.0,0.0,0.0,0.0,0.0,0.0,0.0,0.0,0.0,0.0,0.0,0.0,0.0,0.0,0.0,0.0,0.0,0.0,0.0,0.0,0.0,0.0,0.0,0.0,0.0,0.0,0.0,0.0
1781710292.6346698,1,8.695652173913043,True,1.401298464324817e-43,0.0,100.0,False,99.99909400939941,True,0.0,0.0,0.0,0.0,0.0,0.0,0.9999604225158691,3.9615086279809475e-05,0.8064106106758118,0.19358943402767181,0.0,0.0,0.0,0.0,0.0,0.0,0.0,0.0,0.0,0.0,0.0,0.0,0.0,0.0,0.0,0.0,0.0,0.0,0.0,0.0,0.0,0.0,0.0,0.0,0.0,0.0,0.0,0.0,0.0,0.0,0.0,0.0,0.0,0.0,0.0,0.0
1781710293.30847,1,8.695652173913043,True,1.961817850054744e-42,0.0,100.0,False,99.99995231628418,True,0.0,0.0,0.0,0.0,0.0,0.0,0.9999971389770508,2.8042695703334175e-06,0.5806994438171387,0.41930055618286133,0.0,0.0,0.0,0.0,0.0,0.0,0.0,0.0,0.0,0.0,0.0,0.0,0.0,0.0,0.0,0.0,0.0,0.0,0.0,0.0,0.0,0.0,0.0,0.0,0.0,0.0,0.0,0.0,0.0,0.0,0.0,0.0,0.0,0.0,0.0,0.0
1781710294.1382928,1,8.695652173913043,True,1.6491881626638772e-39,1.1210387714598537e-42,100.0,False,99.99998807907104,True,0.0,0.0,0.0,0.0,0.0,0.0,0.9693553447723389,0.030644644051790237,0.9695874452590942,0.03041248954832554,0.0,0.0,0.0,0.0,0.0,0.0,0.0,0.0,0.0,0.0,0.0,0.0,0.0,0.0,0.0,0.0,0.0,0.0,0.0,0.0,0.0,0.0,0.0,0.0,0.0,0.0,0.0,0.0,0.0,0.0,0.0,0.0,0.0,0.0,0.0,0.0
1781710295.0762637,0,0.0,False,7.006492321624085e-43,0.0,100.0,False,0.9579600766301155,False,0.0,0.0,0.0,0.0,0.0,0.0,0.04026738181710243,0.9597325921058655,0.330801784992218,0.6691981554031372,0.0,0.0,0.0,0.0,0.0,0.0,0.0,0.0,0.0,0.0,0.0,0.0,0.0,0.0,0.0,0.0,0.0,0.0,0.0,0.0,0.0,0.0,0.0,0.0,0.0,0.0,0.0,0.0,0.0,0.0,0.0,0.0,0.0,0.0,0.0,0.0
1781710296.194399,0,0.0,False,5.006839413032571e-40,4.203895392974451e-43,100.0,False,0.007999976514838636,False,0.0,0.0,0.0,0.0,0.0,0.0,0.10477730631828308,0.8952226638793945,0.43956458568573,0.5604354739189148,0.0,0.0,0.0,0.0,0.0,0.0,0.0,0.0,0.0,0.0,0.0,0.0,0.0,0.0,0.0,0.0,0.0,0.0,0.0,0.0,0.0,0.0,0.0,0.0,0.0,0.0,0.0,0.0,0.0,0.0,0.0,0.0,0.0,0.0,0.0,0.0
1781710297.1919382,1,4.3478260869565215,True,3.504521342414578e-38,3.026804682941605e-41,100.0,False,99.99899864196777,True,0.0,0.0,0.0,0.0,0.0,0.0,0.13155342638492584,0.8684465885162354,0.9976493716239929,0.0023506528232246637,0.0,0.0,0.0,0.0,0.0,0.0,0.0,0.0,0.0,0.0,0.0,0.0,0.0,0.0,0.0,0.0,0.0,0.0,0.0,0.0,0.0,0.0,0.0,0.0,0.0,0.0,0.0,0.0,0.0,0.0,0.0,0.0,0.0,0.0,0.0,0.0
1781710298.0430932,0,0.0,False,8.108053044429824e-39,7.006492321624085e-42,100.0,False,0.00030502294521284057,False,0.0,0.0,0.0,0.0,0.0,0.0,0.27335256338119507,0.7266473770141602,0.13679622113704681,0.863203763961792,0.0,0.0,0.0,0.0,0.0,0.0,0.0,0.0,0.0,0.0,0.0,0.0,0.0,0.0,0.0,0.0,0.0,0.0,0.0,0.0,0.0,0.0,0.0,0.0,0.0,0.0,0.0,0.0,0.0,0.0,0.0,0.0,0.0,0.0,0.0,0.0
1781710298.7182658,1,4.3478260869565215,True,6.193739212315691e-41,0.0,100.0,False,99.99426603317261,True,0.0,0.0,0.0,0.0,0.0,0.0,0.9999483823776245,5.1569819333963096e-05,0.27035656571388245,0.7296434044837952,0.0,0.0,0.0,0.0,0.0,0.0,0.0,0.0,0.0,0.0,0.0,0.0,0.0,0.0,0.0,0.0,0.0,0.0,0.0,0.0,0.0,0.0,0.0,0.0,0.0,0.0,0.0,0.0,0.0,0.0,0.0,0.0,0.0,0.0,0.0,0.0
1781710299.383254,0,0.0,False,1.1210387714598537e-42,0.0,100.0,False,0.22620651870965958,False,0.0,0.0,0.0,0.0,0.0,0.0,0.07292470335960388,0.9270752668380737,0.09855666756629944,0.9014433026313782,0.0,0.0,0.0,0.0,0.0,0.0,0.0,0.0,0.0,0.0,0.0,0.0,0.0,0.0,0.0,0.0,0.0,0.0,0.0,0.0,0.0,0.0,0.0,0.0,0.0,0.0,0.0,0.0,0.0,0.0,0.0,0.0,0.0,0.0,0.0,0.0
1781710300.0337243,0,0.0,False,7.265732537524177e-39,5.74532370373175e-42,100.0,False,0.0008767323379288428,False,0.0,0.0,0.0,0.0,0.24775449931621552,0.7522454261779785,0.013904706574976444,0.9860952496528625,0.11429326981306076,0.8857067227363586,0.0,0.0,0.0,0.0,0.0,0.0,0.0,0.0,0.0,0.0,0.0,0.0,0.0,0.0,0.0,0.0,0.0,0.0,0.0,0.0,0.0,0.0,0.0,0.0,0.0,0.0,0.0,0.0,0.0,0.0,0.0,0.0,0.0,0.0,0.0,0.0
1781710300.7037516,1,8.695652173913043,True,1.6283648674840104e-38,1.3732724950383207e-41,100.0,False,99.99963045120239,True,0.0,0.0,0.0,0.0,0.6423519849777222,0.35764801502227783,0.9936268329620361,0.006373223848640919,0.0,0.0,0.0,0.0,0.0,0.0,0.0,0.0,0.0,0.0,0.0,0.0,0.0,0.0,0.0,0.0,0.0,0.0,0.0,0.0,0.0,0.0,0.0,0.0,0.0,0.0,0.0,0.0,0.0,0.0,0.0,0.0,0.0,0.0,0.0,0.0,0.0,0.0
1781710301.3669784,1,8.695652173913043,True,1.5390461033679466e-39,1.2611686178923354e-42,100.0,False,99.99982118606567,True,0.0,0.0,0.0,0.0,0.7896097302436829,0.21039023995399475,0.8648952841758728,0.1351046860218048,0.0,0.0,0.0,0.0,0.0,0.0,0.0,0.0,0.0,0.0,0.0,0.0,0.0,0.0,0.0,0.0,0.0,0.0,0.0,0.0,0.0,0.0,0.0,0.0,0.0,0.0,0.0,0.0,0.0,0.0,0.0,0.0,0.0,0.0,0.0,0.0,0.0,0.0
1781710302.6977313,1,0.0,False,1.401298464324817e-43,0.0,100.0,False,0.04445519589353353,False,0.0,0.0,0.0,0.0,0.0,0.0,0.16172610223293304,0.838273823261261,0.0,0.0,0.0,0.0,0.0,0.0,0.0,0.0,0.0,0.0,0.0,0.0,0.0,0.0,0.0,0.0,0.0,0.0,0.0,0.0,0.0,0.0,0.0,0.0,0.0,0.0,0.0,0.0,0.0,0.0,0.0,0.0,0.0,0.0,0.0,0.0,0.0,0.0
1781710303.3338597,0,0.0,False,1.961817850054744e-42,0.0,100.0,False,0.060303654754534364,False,0.0,0.0,0.0,0.0,0.0,0.0,0.0,0.0,0.0,0.0,0.0,0.0,0.0,0.0,0.0,0.0,0.0,0.0,0.0,0.0,0.0,0.0,0.0,0.0,0.0,0.0,0.0,0.0,0.0,0.0,0.0,0.0,0.0,0.0,0.0,0.0,0.0,0.0,0.0,0.0,0.0,0.0,0.0,0.0,0.0,0.0
1781710303.9826658,1,0.0,False,8.407790785948902e-43,0.0,100.0,False,0.04445519589353353,False,0.0,0.0,0.0,0.0,0.0,0.0,0.0,0.0,0.0,0.0,0.0,0.0,0.0,0.0,0.0,0.0,0.0,0.0,0.0,0.0,0.0,0.0,0.0,0.0,0.0,0.0,0.0,0.0,0.0,0.0,0.0,0.0,0.0,0.0,0.0,0.0,0.0,0.0,0.2796509861946106,0.7203490734100342,0.0,0.0,0.0,0.0,0.0,0.0
1781710304.640986,1,0.0,False,9.12021092521164e-39,7.847271400218976e-42,100.0,False,0.009729198791319504,False,0.0,0.0,0.0,0.0,0.0,0.0,0.0,0.0,0.0,0.0,0.0,0.0,0.0,0.0,0.0,0.0,0.0,0.0,0.0,0.0,0.0,0.0,0.0,0.0,0.0,0.0,0.0,0.0,0.0,0.0,0.0,0.0,0.0,0.0,0.0,0.0,0.0447225347161293,0.9552775025367737,0.34113213419914246,0.6588678359985352,0.16431766748428345,0.8356823921203613,0.0,0.0,0.0,0.0
1781710305.3326993,1,8.695652173913043,True,8.04345318522445e-41,0.0,100.0,False,99.99947547912598,True,0.0,0.0,0.0,0.0,0.0,0.0,0.0,0.0,0.0,0.0,0.0,0.0,0.0,0.0,0.0,0.0,0.0,0.0,0.0,0.0,0.0,0.0,0.0,0.0,0.0,0.0,0.0,0.0,0.0,0.0,0.0,0.0,0.0,0.0,0.0,0.0,0.17182034254074097,0.8281795978546143,0.9999998807907104,1.37798807031686e-07,0.54046630859375,0.4595337212085724,0.0,0.0,0.0,0.0
1781710306.0057166,1,13.043478260869565,True,5.885453550164232e-42,0.0,100.0,False,99.99992847442627,True,0.0,0.0,0.0,0.0,0.0,0.0,0.0,0.0,0.0,0.0,0.0,0.0,0.0,0.0,0.0,0.0,0.0,0.0,0.0,0.0,0.0,0.0,0.0,0.0,0.0,0.0,0.0,0.0,0.0,0.0,0.0,0.0,0.0,0.0,0.0,0.0,0.5962418913841248,0.40375807881355286,0.9999998807907104,6.828805965142237e-08,0.6775790452957153,0.32242095470428467,0.0,0.0,0.0,0.0
1781710306.6732364,0,0.0,False,2.6051539750262674e-39,1.961817850054744e-42,100.0,False,0.02615723351482302,False,0.0,0.0,0.0,0.0,0.0,0.0,0.0,0.0,0.0,0.0,0.0,0.0,0.0,0.0,0.0,0.0,0.0,0.0,0.0,0.0,0.0,0.0,0.0,0.0,0.0,0.0,0.0,0.0,0.0,0.0,0.0,0.0,0.0,0.0,0.0,0.0,0.38047537207603455,0.6195245981216431,0.06337131559848785,0.9366287589073181,0.02427552081644535,0.9757245182991028,0.0,0.0,0.0,0.0
1781710307.3227336,1,4.3478260869565215,True,1.0201452820284668e-40,0.0,100.0,False,99.99866485595703,True,0.0,0.0,0.0,0.0,0.0,0.0,0.0,0.0,0.0,0.0,0.0,0.0,0.0,0.0,0.0,0.0,0.0,0.0,0.0,0.0,0.0,0.0,0.0,0.0,0.0,0.0,0.0,0.0,0.0,0.0,0.0,0.0,0.0,0.0,0.0,0.0,0.4027084410190582,0.5972915887832642,0.9803751111030579,0.019624872133135796,0.06180165708065033,0.9381983876228333,0.0,0.0,0.0,0.0
1781710308.0907748,0,0.0,False,9.603098376017971e-39,8.407790785948902e-42,100.0,False,0.016148373833857477,False,0.0,0.0,0.0,0.0,0.0,0.0,0.0,0.0,0.0,0.0,0.0,0.0,0.0,0.0,0.0,0.0,0.0,0.0,0.0,0.0,0.0,0.0,0.0,0.0,0.0,0.0,0.0,0.0,0.0,0.0,0.0,0.0,0.0,0.0,0.15723828971385956,0.8427616953849792,0.02658427320420742,0.9734157919883728,0.04684819281101227,0.9531518220901489,0.059417545795440674,0.9405824542045593,0.0,0.0,0.0,0.0
1781710308.9419785,1,4.3478260869565215,True,1.0991785154163865e-39,9.80908925027372e-43,100.0,False,99.99860525131226,True,0.0,0.0,0.0,0.0,0.0,0.0,0.0,0.0,0.0,0.0,0.0,0.0,0.0,0.0,0.0,0.0,0.0,0.0,0.0,0.0,0.0,0.0,0.0,0.0,0.0,0.0,0.0,0.0,0.0,0.0,0.0,0.0,0.0,0.0,0.19209648668766022,0.807903528213501,0.29911014437675476,0.7008898854255676,0.737018346786499,0.262981653213501,0.0,0.0,0.0,0.0,0.0,0.0
1781710309.7978914,0,0.0,False,2.5924021590009116e-41,0.0,100.0,False,0.00013485907857102575,False,0.0,0.0,0.0,0.0,0.0,0.0,0.0,0.0,0.0,0.0,0.0,0.0,0.0,0.0,0.0,0.0,0.0,0.0,0.0,0.0,0.0,0.0,0.0,0.0,0.0,0.0,0.0,0.0,0.0,0.0,0.0,0.0,0.0,0.0,0.13380664587020874,0.8661933541297913,0.04247715696692467,0.9575228691101074,0.0,0.0,0.0,0.0,0.0,0.0,0.0,0.0
1781710310.6688635,0,0.0,False,0.0,0.0,100.0,False,0.029043538961559534,False,0.0,0.0,0.0,0.0,0.0,0.0,0.0,0.0,0.0,0.0,0.0,0.0,0.0,0.0,0.0,0.0,0.0,0.0,0.0,0.0,0.0,0.0,0.0,0.0,0.0,0.0,0.0,0.0,0.0,0.0,0.0,0.0,0.0,0.0,0.09927316009998322,0.900726854801178,0.0,0.0,0.0,0.0,0.0,0.0,0.0,0.0,0.0,0.0
1781710311.5892866,1,0.0,False,1.5414283107572988e-42,0.0,100.0,False,0.005864425475010648,False,0.0,0.0,0.0,0.0,0.0,0.0,0.0,0.0,0.0,0.0,0.0,0.0,0.0,0.0,0.0,0.0,0.0,0.0,0.0,0.0,0.0,0.0,0.0,0.0,0.0,0.0,0.0,0.0,0.0,0.0,0.0,0.0,0.0,0.0,0.17273005843162537,0.8272699117660522,0.0,0.0,0.0,0.0,0.0,0.0,0.0,0.0,0.0,0.0
1781710312.3348196,1,0.0,False,8.407790785948902e-43,0.0,100.0,False,0.0006558806944667595,False,0.0,0.0,0.0,0.0,0.0,0.0,0.0,0.0,0.0,0.0,0.0,0.0,0.0,0.0,0.0,0.0,0.0,0.0,0.0,0.0,0.0,0.0,0.0,0.0,0.0,0.0,0.0,0.0,0.0,0.0,0.0,0.0,0.0,0.0,0.0,0.0,0.0,0.0,0.0,0.0,0.0,0.0,0.0,0.0,0.0,0.0
1781710312.9752643,1,0.0,False,0.0,0.0,100.0,False,0.0533614307641983,False,0.0,0.0,0.0,0.0,0.0,0.0,0.0,0.0,0.0,0.0,0.0,0.0,0.0,0.0,0.0,0.0,0.0,0.0,0.0,0.0,0.0,0.0,0.0,0.0,0.0,0.0,0.0,0.0,0.0,0.0,0.0,0.0,0.0,0.0,0.0,0.0,0.0,0.0,0.0,0.0,0.0,0.0,0.0,0.0,0.0,0.0
1781710313.6552758,1,0.0,False,4.203895392974451e-43,0.0,100.0,False,0.01011225176625885,False,0.0,0.0,0.0,0.0,0.0,0.0,0.0,0.0,0.0,0.0,0.0,0.0,0.0,0.0,0.0,0.0,0.0,0.0,0.0,0.0,0.0,0.0,0.0,0.0,0.0,0.0,0.0,0.0,0.0,0.0,0.0,0.0,0.0,0.0,0.0,0.0,0.0,0.0,0.0,0.0,0.0,0.0,0.0,0.0,0.0,0.0
1781710314.299509,0,0.0,False,1.401298464324817e-43,0.0,100.0,False,0.013876771845389158,False,0.0,0.0,0.0,0.0,0.0,0.0,0.0,0.0,0.0,0.0,0.0,0.0,0.0,0.0,0.0,0.0,0.0,0.0,0.0,0.0,0.0,0.0,0.0,0.0,0.0,0.0,0.0,0.0,0.0,0.0,0.0,0.0,0.0,0.0,0.0,0.0,0.0,0.0,0.0,0.0,0.0,0.0,0.0,0.0,0.0,0.0
1781710314.9314742,1,0.0,False,0.0,0.0,100.0,False,0.0059093188610859215,False,0.0,0.0,0.0,0.0,0.0,0.0,0.0,0.0,0.0,0.0,0.0,0.0,0.0,0.0,0.0,0.0,0.0,0.0,0.0,0.0,0.0,0.0,0.0,0.0,0.0,0.0,0.0,0.0,0.0,0.0,0.0,0.0,0.0,0.0,0.0,0.0,0.0,0.0,0.0,0.0,0.0,0.0,0.0,0.0,0.0,0.0
1781710315.6082706,1,0.0,False,2.802596928649634e-43,0.0,100.0,False,0.00304768473142758,False,0.0,0.0,0.0,0.0,0.0,0.0,0.0,0.0,0.0,0.0,0.0,0.0,0.0,0.0,0.0,0.0,0.0,0.0,0.0,0.0,0.0,0.0,0.0,0.0,0.0,0.0,0.0,0.0,0.0,0.0,0.0,0.0,0.0,0.0,0.0,0.0,0.0,0.0,0.0,0.0,0.0,0.0,0.0,0.0,0.0,0.0
1781710316.3134513,1,0.0,False,1.401298464324817e-43,0.0,100.0,False,0.0008767323379288428,False,0.0,0.0,0.0,0.0,0.0,0.0,0.0,0.0,0.0,0.0,0.0,0.0,0.0,0.0,0.0,0.0,0.0,0.0,0.0,0.0,0.0,0.0,0.0,0.0,0.0,0.0,0.0,0.0,0.0,0.0,0.0,0.0,0.0,0.0,0.0,0.0,0.0,0.0,0.0,0.0,0.0,0.0,0.0,0.0,0.0,0.0
1781710316.9458826,1,0.0,False,1.401298464324817e-43,0.0,100.0,False,0.002299128937011119,False,0.0,0.0,0.0,0.0,0.0,0.0,0.0,0.0,0.0,0.0,0.0,0.0,0.0,0.0,0.0,0.0,0.0,0.0,0.0,0.0,0.0,0.0,0.0,0.0,0.0,0.0,0.0,0.0,0.0,0.0,0.0,0.0,0.0,0.0,0.0,0.0,0.0,0.0,0.0,0.0,0.0,0.0,0.0,0.0,0.0,0.0
1781710317.5896142,0,0.0,False,0.0,0.0,100.0,False,0.1484433887526393,False,0.0,0.0,0.0,0.0,0.0,0.0,0.0,0.0,0.0,0.0,0.0,0.0,0.0,0.0,0.0,0.0,0.0,0.0,0.0,0.0,0.0,0.0,0.0,0.0,0.0,0.0,0.0,0.0,0.0,0.0,0.0,0.0,0.0,0.0,0.0,0.0,0.0,0.0,0.0,0.0,0.0,0.0,0.0,0.0,0.0,0.0
1781710318.239043,0,0.0,False,0.0,0.0,100.0,False,0.00333053212671075,False,0.0,0.0,0.0,0.0,0.0,0.0,0.0,0.0,0.0,0.0,0.0,0.0,0.0,0.0,0.0,0.0,0.0,0.0,0.0,0.0,0.0,0.0,0.0,0.0,0.0,0.0,0.0,0.0,0.0,0.0,0.0,0.0,0.0,0.0,0.0,0.0,0.0,0.0,0.0,0.0,0.0,0.0,0.0,0.0,0.0,0.0
1781710318.8526554,1,0.0,False,1.401298464324817e-42,0.0,100.0,False,4.393470121044629e-06,False,0.0,0.0,0.0,0.0,0.0,0.0,0.0,0.0,0.0,0.0,0.0,0.0,0.0,0.0,0.0,0.0,0.0,0.0,0.0,0.0,0.0,0.0,0.0,0.0,0.0,0.0,0.0,0.0,0.0,0.0,0.0,0.0,0.0,0.0,0.0,0.0,0.0,0.0,0.0,0.0,0.0,0.0,0.0,0.0,0.0,0.0
1781710319.4884958,1,0.0,False,1.401298464324817e-43,0.0,100.0,False,9.103400202548073e-05,False,0.0,0.0,0.0,0.0,0.0,0.0,0.0,0.0,0.0,0.0,0.0,0.0,0.0,0.0,0.0,0.0,0.0,0.0,0.0,0.0,0.0,0.0,0.0,0.0,0.0,0.0,0.0,0.0,0.0,0.0,0.0,0.0,0.0,0.0,0.0,0.0,0.0,0.0,0.0,0.0,0.0,0.0,0.0,0.0,0.0,0.0
1781710320.1174965,0,0.0,False,1.401298464324817e-43,0.0,100.0,False,5.645913461194141e-05,False,0.0,0.0,0.0,0.0,0.0,0.0,0.0,0.0,0.0,0.0,0.0,0.0,0.0,0.0,0.0,0.0,0.0,0.0,0.0,0.0,0.0,0.0,0.0,0.0,0.0,0.0,0.0,0.0,0.0,0.0,0.0,0.0,0.0,0.0,0.0,0.0,0.0,0.0,0.0,0.0,0.0,0.0,0.0,0.0,0.0,0.0
1781710320.78737,0,0.0,False,1.401298464324817e-42,0.0,100.0,False,0.0886425084900111,False,0.0,0.0,0.0,0.0,0.0,0.0,0.0,0.0,0.0,0.0,0.0,0.0,0.0,0.0,0.0,0.0,0.0,0.0,0.0,0.0,0.0,0.0,0.0,0.0,0.0,0.0,0.0,0.0,0.0,0.0,0.0,0.0,0.0,0.0,0.0,0.0,0.0,0.0,0.0,0.0,0.0,0.0,0.0,0.0,0.0,0.0
1781710321.4409673,1,0.0,False,0.0,0.0,100.0,False,0.02230241079814732,False,0.0,0.0,0.0,0.0,0.0,0.0,0.0,0.0,0.0,0.0,0.0,0.0,0.0,0.0,0.0,0.0,0.0,0.0,0.0,0.0,0.0,0.0,0.0,0.0,0.0,0.0,0.0,0.0,0.0,0.0,0.0,0.0,0.0,0.0,0.0,0.0,0.0,0.0,0.0,0.0,0.0,0.0,0.0,0.0,0.0,0.0
1781710322.268639,0,0.0,False,4.203895392974451e-43,0.0,100.0,False,0.0002335533281438984,False,0.0,0.0,0.0,0.0,0.0,0.0,0.0,0.0,0.0,0.0,0.0,0.0,0.0,0.0,0.0,0.0,0.0,0.0,0.0,0.0,0.0,0.0,0.0,0.0,0.0,0.0,0.0,0.0,0.0,0.0,0.0,0.0,0.0,0.0,0.0,0.0,0.0,0.0,0.0,0.0,0.0,0.0,0.0,0.0,0.0,0.0
1781710323.1778142,0,0.0,False,1.401298464324817e-43,0.0,100.0,False,0.003897520582540892,False,0.0,0.0,0.0,0.0,0.0,0.0,0.0,0.0,0.0,0.0,0.0,0.0,0.0,0.0,0.0,0.0,0.0,0.0,0.0,0.0,0.0,0.0,0.0,0.0,0.0,0.0,0.0,0.0,0.0,0.0,0.0,0.0,0.0,0.0,0.0,0.0,0.0,0.0,0.0,0.0,0.0,0.0,0.0,0.0,0.0,0.0
1781710324.0704184,1,0.0,False,1.401298464324817e-42,0.0,100.0,False,0.00011004328825947596,False,0.0,0.0,0.0,0.0,0.0,0.0,0.0,0.0,0.0,0.0,0.0,0.0,0.0,0.0,0.0,0.0,0.0,0.0,0.0,0.0,0.0,0.0,0.0,0.0,0.0,0.0,0.0,0.0,0.0,0.0,0.0,0.0,0.0,0.0,0.0,0.0,0.0,0.0,0.0,0.0,0.0,0.0,0.0,0.0,0.0,0.0
1781710324.9639328,1,0.0,False,0.0,0.0,100.0,False,0.01580800744704902,False,0.0,0.0,0.0,0.0,0.0,0.0,0.0,0.0,0.0,0.0,0.0,0.0,0.0,0.0,0.0,0.0,0.0,0.0,0.0,0.0,0.0,0.0,0.0,0.0,0.0,0.0,0.0,0.0,0.0,0.0,0.0,0.0,0.0,0.0,0.0,0.0,0.0,0.0,0.0,0.0,0.0,0.0,0.0,0.0,0.0,0.0
1781710326.6270888,0,0.0,False,1.5414283107572988e-42,0.0,100.0,False,0.003897520582540892,False,0.0,0.0,0.0,0.0,0.0,0.0,0.0,0.0,0.0,0.0,0.0,0.0,0.0,0.0,0.0,0.0,0.0,0.0,0.0,0.0,0.0,0.0,0.0,0.0,0.0,0.0,0.0,0.0,0.0,0.0,0.0,0.0,0.0,0.0,0.0,0.0,0.0,0.0,0.0,0.0,0.0,0.0,0.0,0.0,0.0,0.0
1781710327.2838984,1,0.0,False,2.802596928649634e-43,0.0,100.0,False,0.1484433887526393,False,0.0,0.0,0.0,0.0,0.0,0.0,0.0,0.0,0.0,0.0,0.0,0.0,0.0,0.0,0.0,0.0,0.0,0.0,0.0,0.0,0.0,0.0,0.0,0.0,0.0,0.0,0.0,0.0,0.0,0.0,0.0,0.0,0.0,0.0,0.0,0.0,0.0,0.0,0.0,0.0,0.0,0.0,0.0,0.0,0.0,0.0
1781710327.9372926,1,0.0,False,0.0,0.0,100.0,False,0.002458995732013136,False,0.0,0.0,0.0,0.0,0.0,0.0,0.0,0.0,0.0,0.0,0.0,0.0,0.0,0.0,0.0,0.0,0.0,0.0,0.0,0.0,0.0,0.0,0.0,0.0,0.0,0.0,0.0,0.0,0.0,0.0,0.0,0.0,0.0,0.0,0.0,0.0,0.0,0.0,0.0,0.0,0.0,0.0,0.0,0.0,0.0,0.0
1781710328.575933,1,0.0,False,8.407790785948902e-43,0.0,100.0,False,0.0038188518374226987,False,0.0,0.0,0.0,0.0,0.0,0.0,0.0,0.0,0.0,0.0,0.0,0.0,0.0,0.0,0.0,0.0,0.0,0.0,0.0,0.0,0.0,0.0,0.0,0.0,0.0,0.0,0.0,0.0,0.0,0.0,0.0,0.0,0.0,0.0,0.0,0.0,0.0,0.0,0.0,0.0,0.0,0.0,0.0,0.0,0.0,0.0
1781710329.2238674,1,0.0,False,7.006492321624085e-43,0.0,100.0,False,0.002624592525535263,False,0.0,0.0,0.0,0.0,0.0,0.0,0.0,0.0,0.0,0.0,0.0,0.0,0.0,0.0,0.0,0.0,0.0,0.0,0.0,0.0,0.0,0.0,0.0,0.0,0.0,0.0,0.0,0.0,0.0,0.0,0.0,0.0,0.0,0.0,0.0,0.0,0.0,0.0,0.0,0.0,0.0,0.0,0.0,0.0,0.0,0.0
1781710329.8687768,1,0.0,False,1.401298464324817e-43,0.0,100.0,False,0.00304768473142758,False,0.0,0.0,0.0,0.0,0.0,0.0,0.0,0.0,0.0,0.0,0.0,0.0,0.0,0.0,0.0,0.0,0.0,0.0,0.0,0.0,0.0,0.0,0.0,0.0,0.0,0.0,0.0,0.0,0.0,0.0,0.0,0.0,0.0,0.0,0.0,0.0,0.0,0.0,0.0,0.0,0.0,0.0,0.0,0.0,0.0,0.0
1781710330.5258424,0,0.0,False,8.407790785948902e-43,0.0,100.0,False,0.00024230364488175837,False,0.0,0.0,0.0,0.0,0.0,0.0,0.0,0.0,0.0,0.0,0.0,0.0,0.0,0.0,0.0,0.0,0.0,0.0,0.0,0.0,0.0,0.0,0.0,0.0,0.0,0.0,0.0,0.0,0.0,0.0,0.0,0.0,0.0,0.0,0.0,0.0,0.0,0.0,0.0,0.0,0.0,0.0,0.0,0.0,0.0,0.0
1781710331.185505,1,0.0,False,9.80908925027372e-43,0.0,100.0,False,0.01732566161081195,False,0.0,0.0,0.0,0.0,0.0,0.0,0.0,0.0,0.0,0.0,0.0,0.0,0.0,0.0,0.0,0.0,0.0,0.0,0.0,0.0,0.0,0.0,0.0,0.0,0.0,0.0,0.0,0.0,0.0,0.0,0.0,0.0,0.0,0.0,0.0,0.0,0.0,0.0,0.0,0.0,0.0,0.0,0.0,0.0,0.0,0.0
1781710331.8566766,0,0.0,False,2.802596928649634e-43,0.0,100.0,False,0.012145048094680533,False,0.0,0.0,0.0,0.0,0.0,0.0,0.0,0.0,0.0,0.0,0.0,0.0,0.0,0.0,0.0,0.0,0.0,0.0,0.0,0.0,0.0,0.0,0.0,0.0,0.0,0.0,0.0,0.0,0.0,0.0,0.0,0.0,0.0,0.0,0.0,0.0,0.0,0.0,0.0,0.0,0.0,0.0,0.0,0.0,0.0,0.0
1781710332.550345,0,0.0,False,9.80908925027372e-43,0.0,100.0,False,0.005247482840786688,False,0.0,0.0,0.0,0.0,0.0,0.0,0.0,0.0,0.0,0.0,0.0,0.0,0.0,0.0,0.0,0.0,0.0,0.0,0.0,0.0,0.0,0.0,0.0,0.0,0.0,0.0,0.0,0.0,0.0,0.0,0.0,0.0,0.0,0.0,0.0,0.0,0.0,0.0,0.0,0.0,0.0,0.0,0.0,0.0,0.0,0.0
1781710333.2373388,1,0.0,False,0.0,0.0,100.0,False,0.1484433887526393,False,0.0,0.0,0.0,0.0,0.0,0.0,0.0,0.0,0.0,0.0,0.41940152645111084,0.5805984139442444,0.0,0.0,0.0,0.0,0.0,0.0,0.0,0.0,0.0,0.0,0.0,0.0,0.0,0.0,0.0,0.0,0.0,0.0,0.0,0.0,0.0,0.0,0.0,0.0,0.0,0.0,0.0,0.0,0.0,0.0,0.0,0.0,0.0,0.0
1781710333.9054363,0,4.3478260869565215,True,0.0,0.0,100.0,False,99.99995231628418,True,0.0,0.0,0.0,0.0,0.0,0.0,0.0,0.0,0.0,0.0,0.6287093162536621,0.3712906837463379,0.0,0.0,0.0,0.0,0.0,0.0,0.0,0.0,0.0,0.0,0.0,0.0,0.0,0.0,0.0,0.0,0.0,0.0,0.0,0.0,0.0,0.0,0.0,0.0,0.0,0.0,0.0,0.0,0.0,0.0,0.0,0.0,0.0,0.0
1781710334.5977216,0,0.0,False,1.401298464324817e-43,0.0,100.0,False,0.0006511634182970738,False,0.0,0.0,0.0,0.0,0.0,0.0,0.0,0.0,0.0,0.0,0.35078054666519165,0.6492195129394531,0.0,0.0,0.0,0.0,0.0,0.0,0.0,0.0,0.0,0.0,0.0,0.0,0.0,0.0,0.0,0.0,0.0,0.0,0.0,0.0,0.0,0.0,0.0,0.0,0.0,0.0,0.0,0.0,0.0,0.0,0.0,0.0,0.0,0.0
1781710335.2747102,0,0.0,False,2.802596928649634e-43,0.0,100.0,False,4.224526719553978e-05,False,0.0,0.0,0.0,0.0,0.0,0.0,0.0,0.0,0.0,0.0,0.0,0.0,0.0,0.0,0.0,0.0,0.0,0.0,0.0,0.0,0.0,0.0,0.0,0.0,0.0,0.0,0.0,0.0,0.0,0.0,0.0,0.0,0.0,0.0,0.0,0.0,0.0,0.0,0.0,0.0,0.0,0.0,0.0,0.0,0.0,0.0
1781710336.0656781,1,0.0,False,5.605193857299268e-43,0.0,100.0,False,0.0005698732365999604,False,0.0,0.0,0.0,0.0,0.0,0.0,0.0,0.0,0.0,0.0,0.0,0.0,0.0,0.0,0.0,0.0,0.0,0.0,0.0,0.0,0.0,0.0,0.0,0.0,0.0,0.0,0.0,0.0,0.0,0.0,0.0,0.0,0.0,0.0,0.0,0.0,0.0,0.0,0.0,0.0,0.0,0.0,0.0,0.0,0.0,0.0
1781710337.050958,0,0.0,False,2.802596928649634e-43,0.0,100.0,False,0.003897520582540892,False,0.0,0.0,0.0,0.0,0.0,0.0,0.0,0.0,0.0,0.0,0.0,0.0,0.0,0.0,0.0,0.0,0.0,0.0,0.0,0.0,0.0,0.0,0.0,0.0,0.0,0.0,0.0,0.0,0.0,0.0,0.0,0.0,0.0,0.0,0.0,0.0,0.0,0.0,0.0,0.0,0.0,0.0,0.0,0.0,0.0,0.0
1781710337.977623,1,0.0,False,1.401298464324817e-43,0.0,100.0,False,4.917957880934409e-05,False,0.0,0.0,0.0,0.0,0.0,0.0,0.0,0.0,0.0,0.0,0.0,0.0,0.0,0.0,0.0,0.0,0.0,0.0,0.0,0.0,0.0,0.0,0.0,0.0,0.0,0.0,0.0,0.0,0.0,0.0,0.0,0.0,0.0,0.0,0.0,0.0,0.0,0.0,0.0,0.0,0.0,0.0,0.0,0.0,0.0,0.0
1781710338.8851278,0,0.0,False,1.6815581571897805e-42,0.0,100.0,False,0.020312676497269422,False,0.0,0.0,0.0,0.0,0.0,0.0,0.0,0.0,0.0,0.0,0.0,0.0,0.0,0.0,0.0,0.0,0.0,0.0,0.0,0.0,0.0,0.0,0.0,0.0,0.0,0.0,0.0,0.0,0.0,0.0,0.0,0.0,0.0,0.0,0.0,0.0,0.0,0.0,0.0,0.0,0.0,0.0,0.0,0.0,0.0,0.0
1781710365.3745348,0,0.0,False,0.0,0.0,100.0,False,0.00031495158054895,False,0.0,0.0,0.0,0.0,0.0,0.0,0.0,0.0,0.0,0.0,0.0,0.0,0.0,0.0,0.0,0.0,0.0,0.0,0.0,0.0,0.0,0.0,0.0,0.0,0.0,0.0,0.0,0.0,0.0,0.0,0.0,0.0,0.0,0.0,0.0,0.0,0.0,0.0,0.0,0.0,0.0,0.0,0.0,0.0,0.0,0.0
1781710366.0750895,0,0.0,False,1.401298464324817e-42,0.0,100.0,False,0.0013216091247159056,False,0.0,0.0,0.0,0.0,0.0,0.0,0.0,0.0,0.0,0.0,0.0,0.0,0.0,0.0,0.0,0.0,0.0,0.0,0.0,0.0,0.0,0.0,0.0,0.0,0.0,0.0,0.0,0.0,0.0,0.0,0.0,0.0,0.0,0.0,0.0,0.0,0.0,0.0,0.0,0.0,0.0,0.0,0.0,0.0,0.0,0.0
1781710366.747343,1,0.0,False,1.401298464324817e-43,0.0,100.0,False,0.02454342902638018,False,0.0,0.0,0.0,0.0,0.0,0.0,0.0,0.0,0.0,0.0,0.0,0.0,0.0,0.0,0.0,0.0,0.0,0.0,0.0,0.0,0.0,0.0,0.0,0.0,0.0,0.0,0.0,0.0,0.0,0.0,0.0,0.0,0.0,0.0,0.0,0.0,0.0,0.0,0.0,0.0,0.0,0.0,0.0,0.0,0.0,0.0
1781710367.418202,1,0.0,False,0.0,0.0,100.0,False,0.10239449329674244,False,0.0,0.0,0.0,0.0,0.0,0.0,0.0,0.0,0.0,0.0,0.0,0.0,0.0,0.0,0.0,0.0,0.0,0.0,0.0,0.0,0.0,0.0,0.0,0.0,0.0,0.0,0.0,0.0,0.0,0.0,0.0,0.0,0.0,0.0,0.0,0.0,0.0,0.0,0.0,0.0,0.0,0.0,0.0,0.0,0.0,0.0
1781710368.1043212,1,0.0,False,1.401298464324817e-43,0.0,100.0,False,0.051389425061643124,False,0.0,0.0,0.0,0.0,0.0,0.0,0.0,0.0,0.0,0.0,0.0,0.0,0.0,0.0,0.0,0.0,0.0,0.0,0.0,0.0,0.0,0.0,0.0,0.0,0.0,0.0,0.0,0.0,0.0,0.0,0.0,0.0,0.0,0.0,0.0,0.0,0.0,0.0,0.0,0.0,0.0,0.0,0.0,0.0,0.0,0.0
1781710368.7504623,0,0.0,False,5.605193857299268e-43,0.0,100.0,False,0.001503142721048789,False,0.0,0.0,0.0,0.0,0.0,0.0,0.0,0.0,0.0,0.0,0.0,0.0,0.0,0.0,0.0,0.0,0.0,0.0,0.0,0.0,0.0,0.0,0.0,0.0,0.0,0.0,0.0,0.0,0.0,0.0,0.0,0.0,0.0,0.0,0.0,0.0,0.0,0.0,0.0,0.0,0.0,0.0,0.0,0.0,0.0,0.0
1781710369.4252372,1,0.0,False,1.8216880036222622e-42,0.0,100.0,False,0.0023546823285869323,False,0.0,0.0,0.0,0.0,0.0,0.0,0.0,0.0,0.2934284210205078,0.7065715789794922,0.04285897687077522,0.9571410417556763,0.0,0.0,0.0,0.0,0.0,0.0,0.0,0.0,0.0,0.0,0.0,0.0,0.0,0.0,0.0,0.0,0.0,0.0,0.0,0.0,0.0,0.0,0.0,0.0,0.0,0.0,0.0,0.0,0.0,0.0,0.0,0.0,0.0,0.0
1781710370.0618274,1,0.0,False,0.0,0.0,100.0,False,0.01678153785178438,False,0.0,0.0,0.0,0.0,0.0,0.0,0.0,0.0,0.40748822689056396,0.5925118327140808,0.0355551540851593,0.9644448161125183,0.0,0.0,0.0,0.0,0.0,0.0,0.0,0.0,0.0,0.0,0.0,0.0,0.0,0.0,0.0,0.0,0.0,0.0,0.0,0.0,0.0,0.0,0.0,0.0,0.0,0.0,0.0,0.0,0.0,0.0,0.0,0.0,0.0,0.0
1781710370.7610426,0,0.0,False,2.802596928649634e-43,0.0,100.0,False,0.0886425084900111,False,0.0,0.0,0.0,0.0,0.0,0.0,0.0,0.0,0.0,0.0,0.1889200508594513,0.8110799193382263,0.0,0.0,0.0,0.0,0.0,0.0,0.0,0.0,0.0,0.0,0.0,0.0,0.0,0.0,0.0,0.0,0.0,0.0,0.0,0.0,0.0,0.0,0.0,0.0,0.0,0.0,0.0,0.0,0.0,0.0,0.0,0.0,0.0,0.0
1781710371.4343562,1,0.0,False,7.006492321624085e-43,0.0,100.0,False,0.0023546823285869323,False,0.0,0.0,0.0,0.0,0.0,0.0,0.0,0.0,0.0,0.0,0.0,0.0,0.0,0.0,0.0,0.0,0.0,0.0,0.0,0.0,0.0,0.0,0.0,0.0,0.0,0.0,0.0,0.0,0.0,0.0,0.0,0.0,0.0,0.0,0.0,0.0,0.0,0.0,0.0,0.0,0.0,0.0,0.0,0.0,0.0,0.0
1781710372.0999327,0,0.0,False,5.605193857299268e-43,0.0,100.0,False,4.044599677399674e-05,False,0.0,0.0,0.0,0.0,0.0,0.0,0.0,0.0,0.0,0.0,0.0,0.0,0.0,0.0,0.0,0.0,0.0,0.0,0.0,0.0,0.0,0.0,0.0,0.0,0.0,0.0,0.0,0.0,0.0,0.0,0.0,0.0,0.0,0.0,0.0,0.0,0.0,0.0,0.0,0.0,0.0,0.0,0.0,0.0,0.0,0.0
1781710372.7791,0,0.0,False,8.407790785948902e-43,0.0,100.0,False,0.07767095812596381,False,0.0,0.0,0.0,0.0,0.0,0.0,0.0,0.0,0.0,0.0,0.0,0.0,0.0,0.0,0.0,0.0,0.0,0.0,0.0,0.0,0.0,0.0,0.0,0.0,0.0,0.0,0.0,0.0,0.0,0.0,0.0,0.0,0.0,0.0,0.0,0.0,0.0,0.0,0.0,0.0,0.0,0.0,0.0,0.0,0.0,0.0
1781710373.4622266,0,0.0,False,7.006492321624085e-43,0.0,100.0,False,0.0049226120609091595,False,0.0,0.0,0.0,0.0,0.0,0.0,0.0,0.0,0.0,0.0,0.0,0.0,0.0,0.0,0.0,0.0,0.0,0.0,0.0,0.0,0.0,0.0,0.0,0.0,0.0,0.0,0.0,0.0,0.0,0.0,0.0,0.0,0.0,0.0,0.0,0.0,0.0,0.0,0.0,0.0,0.0,0.0,0.0,0.0,0.0,0.0
1781710374.1399386,0,0.0,False,0.0,0.0,100.0,False,0.0012571265870064963,False,0.0,0.0,0.0,0.0,0.0,0.0,0.0,0.0,0.0,0.0,0.0,0.0,0.0,0.0,0.0,0.0,0.0,0.0,0.0,0.0,0.0,0.0,0.0,0.0,0.0,0.0,0.0,0.0,0.0,0.0,0.0,0.0,0.0,0.0,0.0,0.0,0.0,0.0,0.0,0.0,0.0,0.0,0.0,0.0,0.0,0.0
1781710374.8596592,1,0.0,False,5.605193857299268e-43,0.0,100.0,False,0.004176583024673164,False,0.0,0.0,0.0,0.0,0.0,0.0,0.0,0.0,0.0,0.0,0.0,0.0,0.0,0.0,0.0,0.0,0.0,0.0,0.0,0.0,0.0,0.0,0.0,0.0,0.0,0.0,0.0,0.0,0.0,0.0,0.0,0.0,0.0,0.0,0.0,0.0,0.0,0.0,0.0,0.0,0.0,0.0,0.0,0.0,0.0,0.0
1781710375.8147635,0,0.0,False,9.80908925027372e-43,0.0,100.0,False,0.01580800744704902,False,0.0,0.0,0.0,0.0,0.0,0.0,0.0,0.0,0.0,0.0,0.0,0.0,0.0,0.0,0.0,0.0,0.0,0.0,0.0,0.0,0.0,0.0,0.0,0.0,0.0,0.0,0.0,0.0,0.0,0.0,0.0,0.0,0.0,0.0,0.0,0.0,0.0,0.0,0.0,0.0,0.0,0.0,0.0,0.0,0.0,0.0
1781710376.712798,0,0.0,False,1.401298464324817e-43,0.0,100.0,False,0.004525397525867447,False,0.0,0.0,0.0,0.0,0.0,0.0,0.0,0.0,0.0,0.0,0.0,0.0,0.0,0.0,0.0,0.0,0.0,0.0,0.0,0.0,0.0,0.0,0.0,0.0,0.0,0.0,0.0,0.0,0.0,0.0,0.0,0.0,0.0,0.0,0.0,0.0,0.0,0.0,0.0,0.0,0.0,0.0,0.0,0.0,0.0,0.0
1781710377.6610017,1,0.0,False,0.0,0.0,100.0,False,0.012772616173606366,False,0.0,0.0,0.0,0.0,0.0,0.0,0.0,0.0,0.0,0.0,0.0,0.0,0.0,0.0,0.0,0.0,0.0,0.0,0.0,0.0,0.0,0.0,0.0,0.0,0.0,0.0,0.0,0.0,0.0,0.0,0.0,0.0,0.0,0.0,0.0,0.0,0.0,0.0,0.0,0.0,0.0,0.0,0.0,0.0,0.0,0.0
1781710378.628005,1,4.3478260869565215,True,7.006492321624085e-43,0.0,100.0,False,99.93614554405212,True,0.0,0.0,0.0,0.0,0.0,0.0,0.0,0.0,0.0,0.0,0.0,0.0,0.0,0.0,0.0,0.0,0.0,0.0,0.0,0.0,0.0,0.0,0.0,0.0,0.0,0.0,0.0,0.0,0.0,0.0,0.0,0.0,0.8664003610610962,0.1335996687412262,0.0,0.0,0.0,0.0,0.0,0.0,0.0,0.0,0.0,0.0,0.0,0.0
1781710379.3005884,1,4.3478260869565215,True,8.407790785948902e-43,0.0,100.0,False,99.99996423721313,True,0.0,0.0,0.0,0.0,0.0,0.0,0.0,0.0,0.0,0.0,0.0,0.0,0.0,0.0,0.0,0.0,0.0,0.0,0.0,0.0,0.0,0.0,0.0,0.0,0.0,0.0,0.0,0.0,0.0,0.0,0.0,0.0,0.6534104943275452,0.34658947587013245,0.2875716984272003,0.7124282717704773,0.0,0.0,0.0,0.0,0.0,0.0,0.0,0.0,0.0,0.0
1781710379.9718623,1,0.0,False,1.401298464324817e-43,0.0,100.0,False,0.004540457666735165,False,0.0,0.0,0.0,0.0,0.0,0.0,0.0,0.0,0.0,0.0,0.0,0.0,0.0,0.0,0.0,0.0,0.0,0.0,0.0,0.0,0.0,0.0,0.0,0.0,0.0,0.0,0.0,0.0,0.0,0.0,0.0,0.0,0.26110678911209106,0.7388932108879089,0.04053450748324394,0.959465503692627,0.0,0.0,0.0,0.0,0.0,0.0,0.0,0.0,0.0,0.0
1781710380.6160114,1,4.3478260869565215,True,2.2420775429197073e-42,0.0,100.0,False,99.99368190765381,True,0.0,0.0,0.0,0.0,0.0,0.0,0.0,0.0,0.0,0.0,0.0,0.0,0.0,0.0,0.0,0.0,0.0,0.0,0.0,0.0,0.0,0.0,0.0,0.0,0.0,0.0,0.0,0.0,0.0,0.0,0.0,0.0,0.9599226117134094,0.04007735848426819,0.05839851498603821,0.9416014552116394,0.0,0.0,0.0,0.0,0.0,0.0,0.0,0.0,0.0,0.0
1781710382.8700511,1,8.695652173913043,True,1.2238702566674017e-37,1.3424439288231748e-40,100.0,False,99.99346733093262,True,0.0,0.0,0.0,0.0,0.0,0.0,0.0,0.0,0.0,0.0,0.0,0.0,0.0,0.0,0.0,0.0,0.0,0.0,0.0,0.0,0.0,0.0,0.0,0.0,0.0,0.0,0.0,0.0,0.0,0.0,0.7881096601486206,0.21189026534557343,0.9837581515312195,0.016241827979683876,0.40711545944213867,0.5928845405578613,0.0,0.0,0.0,0.0,0.0,0.0,0.0,0.0,0.0,0.0
1781710383.5555377,0,0.0,False,9.388699710976274e-42,0.0,100.0,False,0.006882329034851864,False,0.0,0.0,0.0,0.0,0.0,0.0,0.0,0.0,0.0,0.0,0.0,0.0,0.0,0.0,0.0,0.0,0.0,0.0,0.0,0.0,0.0,0.0,0.0,0.0,0.0,0.0,0.0,0.0,0.0,0.0,0.041605234146118164,0.9583947658538818,0.04744528606534004,0.9525547027587891,0.06117955595254898,0.9388203620910645,0.0,0.0,0.0,0.0,0.0,0.0,0.0,0.0,0.0,0.0
1781710384.230259,1,8.695652173913043,True,2.96135563686685e-37,3.476621489989871e-40,100.0,False,99.99978542327881,True,0.0,0.0,0.0,0.0,0.0,0.0,0.0,0.0,0.0,0.0,0.0,0.0,0.0,0.0,0.0,0.0,0.0,0.0,0.0,0.0,0.0,0.0,0.0,0.0,0.0,0.0,0.0,0.0,0.0,0.0,0.5127322673797607,0.48726773262023926,0.9998015761375427,0.00019849304226227105,0.4447610378265381,0.5552389621734619,0.0,0.0,0.0,0.0,0.0,0.0,0.0,0.0,0.0,0.0
1781710384.8954875,0,0.0,False,5.593808587536322e-36,7.573317550443474e-39,100.0,False,0.0003029553454325651,False,0.0,0.0,0.0,0.0,0.0,0.0,0.0,0.0,0.0,0.0,0.0,0.0,0.0,0.0,0.0,0.0,0.0,0.0,0.0,0.0,0.0,0.0,0.0,0.0,0.0,0.0,0.0,0.0,0.0,0.0,0.0,0.0,0.04330318793654442,0.9566968679428101,0.07287684828042984,0.9271231293678284,0.0,0.0,0.0,0.0,0.0,0.0,0.0,0.0,0.0,0.0
1781710385.5502663,1,8.695652173913043,True,0.0,0.0,100.0,False,99.99727010726929,True,0.0,0.0,0.0,0.0,0.0,0.0,0.0,0.0,0.0,0.0,0.0,0.0,0.0,0.0,0.0,0.0,0.0,0.0,0.0,0.0,0.0,0.0,0.0,0.0,0.0,0.0,0.0,0.0,0.0,0.0,0.0,0.0,0.8703234195709229,0.12967658042907715,0.9538586735725403,0.04614138603210449,0.2431352585554123,0.7568647265434265,0.0,0.0,0.0,0.0,0.0,0.0,0.0,0.0
1781710386.210068,1,8.695652173913043,True,3.124895575444342e-41,0.0,100.0,False,99.99998807907104,True,0.0,0.0,0.0,0.0,0.0,0.0,0.0,0.0,0.0,0.0,0.0,0.0,0.0,0.0,0.0,0.0,0.0,0.0,0.0,0.0,0.0,0.0,0.0,0.0,0.0,0.0,0.0,0.0,0.0,0.0,0.0,0.0,0.9999462366104126,5.374586544348858e-05,0.9023587703704834,0.09764117747545242,0.31861934065818787,0.6813806295394897,0.0,0.0,0.0,0.0,0.0,0.0,0.0,0.0
1781710403.6220639,0,0.0,False,6.103215331520308e-39,5.324934164434305e-42,100.0,False,0.0023546823285869323,False,0.0,0.0,0.0,0.0,0.0,0.0,0.0,0.0,0.0,0.0,0.0,0.0,0.0,0.0,0.0,0.0,0.0,0.0,0.0,0.0,0.0,0.0,0.0,0.0,0.0,0.0,0.0,0.0,0.0,0.0,0.097926564514637,0.9020734429359436,0.055047303438186646,0.9449527263641357,0.05348082259297371,0.9465191960334778,0.0,0.0,0.0,0.0,0.0,0.0,0.0,0.0,0.0,0.0
1781710404.3003771,0,0.0,False,3.6433760072445244e-42,0.0,100.0,False,5.645913461194141e-05,False,0.0,0.0,0.0,0.0,0.0,0.0,0.0,0.0,0.0,0.0,0.0,0.0,0.0,0.0,0.0,0.0,0.0,0.0,0.0,0.0,0.0,0.0,0.0,0.0,0.0,0.0,0.0,0.0,0.0,0.0,0.03256102651357651,0.9674389362335205,0.05248173326253891,0.9475182890892029,0.02036151848733425,0.9796384572982788,0.0,0.0,0.0,0.0,0.0,0.0,0.0,0.0,0.0,0.0
1781710404.9676247,1,4.3478260869565215,True,5.605193857299268e-43,0.0,100.0,False,99.99885559082031,True,0.0,0.0,0.0,0.0,0.0,0.0,0.0,0.0,0.0,0.0,0.0,0.0,0.0,0.0,0.0,0.0,0.0,0.0,0.0,0.0,0.0,0.0,0.0,0.0,0.0,0.0,0.0,0.0,0.0,0.0,0.0,0.0,0.5510677099227905,0.4489322900772095,0.26910659670829773,0.7308933734893799,0.0,0.0,0.0,0.0,0.0,0.0,0.0,0.0,0.0,0.0
1781710405.6368856,1,0.0,False,1.401298464324817e-43,0.0,100.0,False,0.0015299938240787014,False,0.0,0.0,0.0,0.0,0.0,0.0,0.0,0.0,0.0,0.0,0.0,0.0,0.0,0.0,0.0,0.0,0.0,0.0,0.0,0.0,0.0,0.0,0.0,0.0,0.0,0.0,0.0,0.0,0.0,0.0,0.0,0.0,0.03187168389558792,0.9681282639503479,0.0,0.0,0.0,0.0,0.0,0.0,0.0,0.0,0.0,0.0,0.0,0.0
1781710406.2831726,1,0.0,False,5.605193857299268e-43,0.0,100.0,False,0.0033032945793820545,False,0.0,0.0,0.0,0.0,0.0,0.0,0.0,0.0,0.0,0.0,0.0,0.0,0.0,0.0,0.0,0.0,0.0,0.0,0.0,0.0,0.0,0.0,0.0,0.0,0.0,0.0,0.0,0.0,0.0,0.0,0.0,0.0,0.4173962473869324,0.5826037526130676,0.0,0.0,0.0,0.0,0.0,0.0,0.0,0.0,0.0,0.0,0.0,0.0
1781710406.9090824,1,0.0,False,5.605193857299268e-43,0.0,100.0,False,0.04932703450322151,False,0.0,0.0,0.0,0.0,0.0,0.0,0.0,0.0,0.0,0.0,0.0,0.0,0.0,0.0,0.0,0.0,0.0,0.0,0.0,0.0,0.0,0.0,0.0,0.0,0.0,0.0,0.0,0.0,0.0,0.0,0.0,0.0,0.3630715608596802,0.6369284987449646,0.0,0.0,0.0,0.0,0.0,0.0,0.0,0.0,0.0,0.0,0.0,0.0
1781710407.5841184,1,8.695652173913043,True,5.883678945789011e-36,8.122906808151667e-39,100.0,False,99.99996423721313,True,0.0,0.0,0.0,0.0,0.0,0.0,0.0,0.0,0.0,0.0,0.0,0.0,0.0,0.0,0.0,0.0,0.0,0.0,0.0,0.0,0.0,0.0,0.0,0.0,0.0,0.0,0.0,0.0,0.0,0.0,0.0,0.0,0.6290709972381592,0.3709290027618408,0.7340794801712036,0.2659205496311188,0.0,0.0,0.0,0.0,0.0,0.0,0.0,0.0,0.0,0.0
1781710408.2416031,1,4.3478260869565215,True,6.457183323608757e-40,4.203895392974451e-43,100.0,False,99.99995231628418,True,0.0,0.0,0.0,0.0,0.0,0.0,0.0,0.0,0.0,0.0,0.0,0.0,0.0,0.0,0.0,0.0,0.0,0.0,0.0,0.0,0.0,0.0,0.0,0.0,0.0,0.0,0.0,0.0,0.0,0.0,0.0,0.0,0.3470303416252136,0.6529696583747864,0.8766645193099976,0.12333547323942184,0.0,0.0,0.0,0.0,0.0,0.0,0.0,0.0,0.0,0.0
1781710408.8923166,0,0.0,False,3.685414961174269e-41,0.0,100.0,False,0.03823103033937514,False,0.0,0.0,0.0,0.0,0.0,0.0,0.0,0.0,0.0,0.0,0.0,0.0,0.0,0.0,0.0,0.0,0.0,0.0,0.0,0.0,0.0,0.0,0.0,0.0,0.0,0.0,0.0,0.0,0.0,0.0,0.0,0.0,0.03375875949859619,0.9662412405014038,0.03146727755665779,0.9685326814651489,0.03368894010782242,0.9663110375404358,0.0,0.0,0.0,0.0,0.0,0.0,0.0,0.0
1781710409.5736532,1,4.3478260869565215,True,5.432974276033748e-39,5.74532370373175e-42,100.0,False,99.00423288345337,True,0.0,0.0,0.0,0.0,0.0,0.0,0.0,0.0,0.0,0.0,0.0,0.0,0.0,0.0,0.0,0.0,0.0,0.0,0.0,0.0,0.0,0.0,0.0,0.0,0.0,0.0,0.0,0.0,0.0,0.0,0.0,0.0,0.23842951655387878,0.7615704536437988,0.8769016861915588,0.12309834361076355,0.20087464153766632,0.7991253137588501,0.0,0.0,0.0,0.0,0.0,0.0,0.0,0.0
1781710410.2298775,1,4.3478260869565215,True,1.555441295400547e-41,0.0,100.0,False,99.99979734420776,True,0.0,0.0,0.0,0.0,0.0,0.0,0.0,0.0,0.0,0.0,0.0,0.0,0.0,0.0,0.0,0.0,0.0,0.0,0.0,0.0,0.0,0.0,0.0,0.0,0.0,0.0,0.0,0.0,0.0,0.0,0.0,0.0,0.8024650812149048,0.1975349485874176,0.49849411845207214,0.5015058517456055,0.0,0.0,0.0,0.0,0.0,0.0,0.0,0.0,0.0,0.0
1781710410.8785539,1,0.0,False,1.0679575856312296e-38,8.688050478813866e-42,100.0,False,7.902583547547692e-05,False,0.0,0.0,0.0,0.0,0.0,0.0,0.0,0.0,0.0,0.0,0.0,0.0,0.0,0.0,0.0,0.0,0.0,0.0,0.0,0.0,0.0,0.0,0.0,0.0,0.0,0.0,0.0,0.0,0.0,0.0,0.0,0.0,0.42172467708587646,0.5782752633094788,0.36732935905456543,0.6326706409454346,0.0,0.0,0.0,0.0,0.0,0.0,0.0,0.0,0.0,0.0
1781710411.5375123,0,0.0,False,1.1210387714598537e-41,0.0,100.0,False,0.005564790262724273,False,0.0,0.0,0.0,0.0,0.0,0.0,0.0,0.0,0.0,0.0,0.0,0.0,0.0,0.0,0.0,0.0,0.0,0.0,0.0,0.0,0.0,0.0,0.0,0.0,0.0,0.0,0.0,0.0,0.0,0.0,0.0,0.0,0.034767281264066696,0.9652327299118042,0.08937171846628189,0.9106283187866211,0.0,0.0,0.0,0.0,0.0,0.0,0.0,0.0,0.0,0.0
1781710412.2151499,1,4.3478260869565215,True,1.1210387714598537e-42,0.0,100.0,False,99.99961853027344,True,0.0,0.0,0.0,0.0,0.0,0.0,0.0,0.0,0.0,0.0,0.0,0.0,0.0,0.0,0.0,0.0,0.0,0.0,0.0,0.0,0.0,0.0,0.0,0.0,0.0,0.0,0.0,0.0,0.0,0.0,0.0,0.0,0.86200350522995,0.13799652457237244,0.12880681455135345,0.8711932301521301,0.0,0.0,0.0,0.0,0.0,0.0,0.0,0.0,0.0,0.0
1781710412.8947217,0,0.0,False,4.057179443759643e-39,2.942726775082116e-42,100.0,False,0.0010741129699454177,False,0.0,0.0,0.0,0.0,0.0,0.0,0.0,0.0,0.0,0.0,0.0,0.0,0.0,0.0,0.0,0.0,0.0,0.0,0.0,0.0,0.0,0.0,0.0,0.0,0.0,0.0,0.0,0.0,0.0,0.0,0.0,0.0,0.12497489899396896,0.8750250339508057,0.06495464593172073,0.9350453615188599,0.0,0.0,0.0,0.0,0.0,0.0,0.0,0.0,0.0,0.0
1781710413.5568926,1,4.3478260869565215,True,7.136813078806293e-40,7.006492321624085e-43,100.0,False,99.99988079071045,True,0.0,0.0,0.0,0.0,0.0,0.0,0.0,0.0,0.0,0.0,0.0,0.0,0.0,0.0,0.0,0.0,0.0,0.0,0.0,0.0,0.0,0.0,0.0,0.0,0.0,0.0,0.0,0.0,0.0,0.0,0.07799199223518372,0.9220080375671387,0.9999961853027344,3.7800259633513633e-06,0.1685943752527237,0.8314055800437927,0.0,0.0,0.0,0.0,0.0,0.0,0.0,0.0,0.0,0.0
1781710414.5335,0,0.0,False,1.485376372184306e-41,0.0,100.0,False,0.0010708307854656596,False,0.0,0.0,0.0,0.0,0.0,0.0,0.0,0.0,0.0,0.0,0.0,0.0,0.0,0.0,0.0,0.0,0.0,0.0,0.0,0.0,0.0,0.0,0.0,0.0,0.0,0.0,0.0,0.0,0.0,0.0,0.1542152464389801,0.8457847237586975,0.016633180901408195,0.983366847038269,0.029274510219693184,0.9707255363464355,0.0,0.0,0.0,0.0,0.0,0.0,0.0,0.0,0.0,0.0
1781710415.4522552,0,0.0,False,0.0,0.0,100.0,False,0.024728168500587344,False,0.0,0.0,0.0,0.0,0.0,0.0,0.0,0.0,0.0,0.0,0.0,0.0,0.0,0.0,0.0,0.0,0.0,0.0,0.0,0.0,0.0,0.0,0.0,0.0,0.0,0.0,0.0,0.0,0.0,0.0,0.19990217685699463,0.8000978231430054,0.0202634334564209,0.9797365069389343,0.0,0.0,0.0,0.0,0.0,0.0,0.0,0.0,0.0,0.0,0.0,0.0
1781710417.2112918,1,8.695652173913043,True,6.457183323608757e-40,4.203895392974451e-43,100.0,False,99.99566078186035,True,0.0,0.0,0.0,0.0,0.0,0.0,0.0,0.0,0.0,0.0,0.0,0.0,0.0,0.0,0.0,0.0,0.0,0.0,0.0,0.0,0.0,0.0,0.0,0.0,0.0,0.0,0.0,0.0,0.5560432076454163,0.44395682215690613,0.8830134272575378,0.11698657274246216,0.0,0.0,0.0,0.0,0.0,0.0,0.0,0.0,0.0,0.0,0.0,0.0,0.0,0.0
1781710417.9383488,1,8.695652173913043,True,2.2785113029921526e-40,1.401298464324817e-43,100.0,False,99.98260140419006,True,0.0,0.0,0.0,0.0,0.0,0.0,0.0,0.0,0.0,0.0,0.0,0.0,0.0,0.0,0.0,0.0,0.0,0.0,0.0,0.0,0.0,0.0,0.0,0.0,0.0,0.0,0.0,0.0,0.996124804019928,0.0038751699030399323,0.8688019514083862,0.13119806349277496,0.0,0.0,0.0,0.0,0.0,0.0,0.0,0.0,0.0,0.0,0.0,0.0,0.0,0.0
1781710418.6335866,0,0.0,False,1.1476634422820252e-40,0.0,100.0,False,0.00898633079486899,False,0.0,0.0,0.0,0.0,0.0,0.0,0.0,0.0,0.0,0.0,0.0,0.0,0.0,0.0,0.0,0.0,0.0,0.0,0.0,0.0,0.0,0.0,0.0,0.0,0.0,0.0,0.0,0.0,0.05629035085439682,0.943709671497345,0.07693225145339966,0.9230677485466003,0.0,0.0,0.0,0.0,0.0,0.0,0.0,0.0,0.0,0.0,0.0,0.0,0.0,0.0
1781710419.3106153,0,0.0,False,4.189882408331203e-41,0.0,100.0,False,0.0503156625200063,False,0.0,0.0,0.0,0.0,0.0,0.0,0.0,0.0,0.0,0.0,0.0,0.0,0.0,0.0,0.0,0.0,0.0,0.0,0.0,0.0,0.0,0.0,0.0,0.0,0.0,0.0,0.016437958925962448,0.9835620522499084,0.1538476198911667,0.8461524248123169,0.02208663336932659,0.9779133200645447,0.0,0.0,0.0,0.0,0.0,0.0,0.0,0.0,0.0,0.0,0.0,0.0,0.0,0.0
1781710419.9538045,0,0.0,False,6.098170657048739e-39,4.90454462513686e-42,100.0,False,0.009794041397981346,False,0.0,0.0,0.0,0.0,0.0,0.0,0.0,0.0,0.0,0.0,0.0,0.0,0.0,0.0,0.0,0.0,0.0,0.0,0.0,0.0,0.0,0.0,0.0,0.0,0.0,0.0,0.01838056743144989,0.9816194772720337,0.03222736716270447,0.9677726626396179,0.15882545709609985,0.8411745429039001,0.0,0.0,0.0,0.0,0.0,0.0,0.0,0.0,0.0,0.0,0.0,0.0,0.0,0.0
1781710420.6168354,1,8.695652173913043,True,3.02484286509155e-39,2.6624670822171524e-42,100.0,False,99.99978542327881,True,0.0,0.0,0.0,0.0,0.0,0.0,0.0,0.0,0.0,0.0,0.0,0.0,0.0,0.0,0.0,0.0,0.0,0.0,0.0,0.0,0.0,0.0,0.0,0.0,0.0,0.0,0.0,0.0,0.9869197010993958,0.013080348260700703,0.9909536838531494,0.009046368300914764,0.0,0.0,0.0,0.0,0.0,0.0,0.0,0.0,0.0,0.0,0.0,0.0,0.0,0.0
1781710421.3147597,0,0.0,False,6.043239757247206e-39,4.90454462513686e-42,100.0,False,0.0037560756027232856,False,0.0,0.0,0.0,0.0,0.0,0.0,0.0,0.0,0.0,0.0,0.0,0.0,0.0,0.0,0.0,0.0,0.0,0.0,0.0,0.0,0.0,0.0,0.0,0.0,0.0,0.0,0.0,0.0,0.1540224701166153,0.8459774851799011,0.14597928524017334,0.8540207147598267,0.0,0.0,0.0,0.0,0.0,0.0,0.0,0.0,0.0,0.0,0.0,0.0,0.0,0.0
1781710421.9631608,0,0.0,False,1.8216880036222622e-42,0.0,100.0,False,1.8173035234212875,False,0.0,0.0,0.0,0.0,0.0,0.0,0.0,0.0,0.0,0.0,0.0,0.0,0.0,0.0,0.0,0.0,0.0,0.0,0.0,0.0,0.0,0.0,0.0,0.0,0.0,0.0,0.0,0.0,0.137236550450325,0.8627634644508362,0.032258033752441406,0.9677419662475586,0.0,0.0,0.0,0.0,0.0,0.0,0.0,0.0,0.0,0.0,0.0,0.0,0.0,0.0
1781710422.6609657,1,8.695652173913043,True,5.413215967686768e-40,4.203895392974451e-43,100.0,False,99.99995231628418,True,0.0,0.0,0.0,0.0,0.0,0.0,0.0,0.0,0.0,0.0,0.0,0.0,0.0,0.0,0.0,0.0,0.0,0.0,0.0,0.0,0.0,0.0,0.0,0.0,0.0,0.0,0.0,0.0,0.9939225316047668,0.006077392492443323,0.964409351348877,0.03559063747525215,0.0,0.0,0.0,0.0,0.0,0.0,0.0,0.0,0.0,0.0,0.0,0.0,0.0,0.0
1781710423.3363385,0,0.0,False,1.753599349063606e-09,3.407751945211368e-10,100.0,False,0.002624592525535263,False,0.0,0.0,0.0,0.0,0.0,0.0,0.0,0.0,0.0,0.0,0.0,0.0,0.0,0.0,0.0,0.0,0.0,0.0,0.0,0.0,0.0,0.0,0.0,0.0,0.0,0.0,0.0,0.0,0.1313243955373764,0.8686755895614624,0.08153616636991501,0.9184638857841492,0.0,0.0,0.0,0.0,0.0,0.0,0.0,0.0,0.0,0.0,0.0,0.0,0.0,0.0
1781710424.0179663,1,0.0,False,4.203895392974451e-43,0.0,100.0,False,7.902583547547692e-05,False,0.0,0.0,0.0,0.0,0.0,0.0,0.0,0.0,0.0,0.0,0.0,0.0,0.0,0.0,0.0,0.0,0.0,0.0,0.0,0.0,0.0,0.0,0.0,0.0,0.0,0.0,0.0,0.0,0.39270928502082825,0.6072907447814941,0.13073378801345825,0.869266152381897,0.0,0.0,0.0,0.0,0.0,0.0,0.0,0.0,0.0,0.0,0.0,0.0,0.0,0.0
1781710424.688709,0,0.0,False,5.4120949289153085e-39,4.203895392974451e-42,100.0,False,0.006647589907515794,False,0.0,0.0,0.0,0.0,0.0,0.0,0.0,0.0,0.0,0.0,0.0,0.0,0.0,0.0,0.0,0.0,0.0,0.0,0.0,0.0,0.0,0.0,0.0,0.0,0.0,0.0,0.0,0.0,0.06691211462020874,0.933087944984436,0.03662450984120369,0.963375449180603,0.0,0.0,0.0,0.0,0.0,0.0,0.0,0.0,0.0,0.0,0.0,0.0,0.0,0.0
1781710425.358889,0,0.0,False,4.932570594423356e-41,0.0,100.0,False,0.0001256628365808865,False,0.0,0.0,0.0,0.0,0.0,0.0,0.0,0.0,0.0,0.0,0.0,0.0,0.0,0.0,0.0,0.0,0.0,0.0,0.0,0.0,0.0,0.0,0.0,0.0,0.0,0.0,0.1277267187833786,0.872273325920105,0.13458684086799622,0.8654131293296814,0.19161087274551392,0.8083891272544861,0.0,0.0,0.0,0.0,0.0,0.0,0.0,0.0,0.0,0.0,0.0,0.0,0.0,0.0
1781710426.0529706,1,4.3478260869565215,True,6.209938222563286e-38,6.27781712017518e-41,100.0,False,99.84689354896545,True,0.0,0.0,0.0,0.0,0.0,0.0,0.0,0.0,0.0,0.0,0.0,0.0,0.0,0.0,0.0,0.0,0.0,0.0,0.0,0.0,0.0,0.0,0.0,0.0,0.0,0.0,0.42935264110565186,0.5706473588943481,0.9999666213989258,3.337323141749948e-05,0.16262370347976685,0.8373762965202332,0.0,0.0,0.0,0.0,0.0,0.0,0.0,0.0,0.0,0.0,0.0,0.0,0.0,0.0
1781710426.7163186,1,4.3478260869565215,True,0.0,0.0,100.0,False,99.99996423721313,True,0.0,0.0,0.0,0.0,0.0,0.0,0.0,0.0,0.0,0.0,0.0,0.0,0.0,0.0,0.0,0.0,0.0,0.0,0.0,0.0,0.0,0.0,0.0,0.0,0.0,0.0,0.10165826976299286,0.898341715335846,0.951654851436615,0.048345133662223816,0.16011962294578552,0.8398804068565369,0.0,0.0,0.0,0.0,0.0,0.0,0.0,0.0,0.0,0.0,0.0,0.0,0.0,0.0
1781710427.3523068,0,0.0,False,1.1210387714598537e-42,0.0,100.0,False,0.060303654754534364,False,0.0,0.0,0.0,0.0,0.0,0.0,0.0,0.0,0.0,0.0,0.0,0.0,0.0,0.0,0.0,0.0,0.0,0.0,0.0,0.0,0.0,0.0,0.0,0.0,0.0,0.0,0.0,0.0,0.22824035584926605,0.7717596292495728,0.2999809980392456,0.7000190019607544,0.0,0.0,0.0,0.0,0.0,0.0,0.0,0.0,0.0,0.0,0.0,0.0,0.0,0.0
1781710428.3141716,1,4.3478260869565215,True,4.203895392974451e-43,0.0,100.0,False,99.94329810142517,True,0.0,0.0,0.0,0.0,0.0,0.0,0.0,0.0,0.0,0.0,0.0,0.0,0.0,0.0,0.0,0.0,0.0,0.0,0.0,0.0,0.0,0.0,0.0,0.0,0.0,0.0,0.0,0.0,0.0,0.0,0.5885218381881714,0.41147810220718384,0.0,0.0,0.0,0.0,0.0,0.0,0.0,0.0,0.0,0.0,0.0,0.0,0.0,0.0
1781710429.2474923,0,0.0,False,1.401298464324817e-43,0.0,100.0,False,0.028879582532681525,False,0.0,0.0,0.0,0.0,0.0,0.0,0.0,0.0,0.0,0.0,0.0,0.0,0.0,0.0,0.0,0.0,0.0,0.0,0.0,0.0,0.0,0.0,0.0,0.0,0.0,0.0,0.0,0.0,0.11167457699775696,0.8883254528045654,0.03674546629190445,0.9632545113563538,0.0,0.0,0.0,0.0,0.0,0.0,0.0,0.0,0.0,0.0,0.0,0.0,0.0,0.0
1781710430.0894296,1,4.3478260869565215,True,0.0,0.0,100.0,False,99.99978542327881,True,0.0,0.0,0.0,0.0,0.0,0.0,0.0,0.0,0.0,0.0,0.0,0.0,0.0,0.0,0.0,0.0,0.0,0.0,0.0,0.0,0.0,0.0,0.0,0.0,0.0,0.0,0.0,0.0,0.28235551714897156,0.717644453048706,0.6899599432945251,0.31004005670547485,0.0,0.0,0.0,0.0,0.0,0.0,0.0,0.0,0.0,0.0,0.0,0.0,0.0,0.0
1781710431.0110347,1,4.3478260869565215,True,1.401298464324817e-43,0.0,100.0,False,99.99961853027344,True,0.0,0.0,0.0,0.0,0.0,0.0,0.0,0.0,0.0,0.0,0.0,0.0,0.0,0.0,0.0,0.0,0.0,0.0,0.0,0.0,0.0,0.0,0.0,0.0,0.0,0.0,0.0,0.0,0.14938518404960632,0.8506148457527161,0.9224339723587036,0.07756602019071579,0.0,0.0,0.0,0.0,0.0,0.0,0.0,0.0,0.0,0.0,0.0,0.0,0.0,0.0
1781710431.7926376,1,8.695652173913043,True,0.0,0.0,100.0,False,99.99973773956299,True,0.0,0.0,0.0,0.0,0.0,0.0,0.0,0.0,0.0,0.0,0.0,0.0,0.0,0.0,0.0,0.0,0.0,0.0,0.0,0.0,0.0,0.0,0.0,0.0,0.0,0.0,0.04722924157977104,0.9527707099914551,0.9556179046630859,0.04438212141394615,0.9341874122619629,0.06581256538629532,0.0,0.0,0.0,0.0,0.0,0.0,0.0,0.0,0.0,0.0,0.0,0.0,0.0,0.0
1781710432.4486175,1,8.695652173913043,True,1.2955004302682934e-38,1.387285479681569e-41,100.0,False,99.94329810142517,True,0.0,0.0,0.0,0.0,0.0,0.0,0.0,0.0,0.0,0.0,0.0,0.0,0.0,0.0,0.0,0.0,0.0,0.0,0.0,0.0,0.0,0.0,0.0,0.0,0.0,0.0,0.7733520865440369,0.22664789855480194,0.8901978731155396,0.10980212688446045,0.08781567215919495,0.9121843576431274,0.0,0.0,0.0,0.0,0.0,0.0,0.0,0.0,0.0,0.0,0.0,0.0,0.0,0.0
1781710433.1383982,0,0.0,False,1.2578055015779558e-39,9.80908925027372e-43,100.0,False,0.01678153785178438,False,0.0,0.0,0.0,0.0,0.0,0.0,0.0,0.0,0.0,0.0,0.0,0.0,0.0,0.0,0.0,0.0,0.0,0.0,0.0,0.0,0.0,0.0,0.0,0.0,0.0,0.0,0.3687902092933655,0.6312097907066345,0.3260015845298767,0.6739984154701233,0.0,0.0,0.0,0.0,0.0,0.0,0.0,0.0,0.0,0.0,0.0,0.0,0.0,0.0,0.0,0.0
1781710433.8262835,1,4.3478260869565215,True,1.401298464324817e-43,0.0,100.0,False,99.99988079071045,True,0.0,0.0,0.0,0.0,0.0,0.0,0.0,0.0,0.0,0.0,0.0,0.0,0.0,0.0,0.0,0.0,0.0,0.0,0.0,0.0,0.0,0.0,0.0,0.0,0.0,0.0,0.5136889219284058,0.4863111078739166,0.4883638918399811,0.5116360783576965,0.0,0.0,0.0,0.0,0.0,0.0,0.0,0.0,0.0,0.0,0.0,0.0,0.0,0.0,0.0,0.0
1781710434.4966786,0,0.0,False,1.1700842177112223e-40,1.401298464324817e-43,100.0,False,0.0023801487259333953,False,0.0,0.0,0.0,0.0,0.0,0.0,0.0,0.0,0.0,0.0,0.0,0.0,0.0,0.0,0.0,0.0,0.0,0.0,0.0,0.0,0.0,0.0,0.0,0.0,0.0,0.0,0.0,0.0,0.04733668267726898,0.9526633024215698,0.017846062779426575,0.9821538925170898,0.0,0.0,0.0,0.0,0.0,0.0,0.0,0.0,0.0,0.0,0.0,0.0,0.0,0.0
1781710435.787771,1,8.695652173913043,True,9.1925179259708e-41,0.0,100.0,False,99.99885559082031,True,0.0,0.0,0.0,0.0,0.0,0.0,0.0,0.0,0.0,0.0,0.0,0.0,0.0,0.0,0.0,0.0,0.0,0.0,0.0,0.0,0.0,0.0,0.0,0.0,0.0,0.0,0.0,0.0,0.9527989625930786,0.04720107838511467,0.8822847604751587,0.11771522462368011,0.0,0.0,0.0,0.0,0.0,0.0,0.0,0.0,0.0,0.0,0.0,0.0,0.0,0.0
1781710436.4538553,0,0.0,False,1.4846266775058923e-37,1.6044867416519155e-40,100.0,False,0.31412828247994184,False,0.0,0.0,0.0,0.0,0.0,0.0,0.0,0.0,0.0,0.0,0.0,0.0,0.0,0.0,0.0,0.0,0.0,0.0,0.0,0.0,0.0,0.0,0.0,0.0,0.0,0.0,0.0,0.0,0.3345891237258911,0.6654108762741089,0.1433686763048172,0.8566312789916992,0.0,0.0,0.0,0.0,0.0,0.0,0.0,0.0,0.0,0.0,0.0,0.0,0.0,0.0
1781710437.1382978,0,0.0,False,4.021726592612225e-41,0.0,100.0,False,0.06072274409234524,False,0.0,0.0,0.0,0.0,0.0,0.0,0.0,0.0,0.0,0.0,0.0,0.0,0.0,0.0,0.0,0.0,0.0,0.0,0.0,0.0,0.0,0.0,0.0,0.0,0.0,0.0,0.0,0.0,0.10213754326105118,0.8978624939918518,0.09929394721984863,0.9007060527801514,0.0,0.0,0.0,0.0,0.0,0.0,0.0,0.0,0.0,0.0,0.0,0.0,0.0,0.0
1781710437.7945082,0,0.0,False,8.547920632381384e-42,0.0,100.0,False,0.00012620002962648869,False,0.0,0.0,0.0,0.0,0.0,0.0,0.0,0.0,0.0,0.0,0.0,0.0,0.0,0.0,0.0,0.0,0.0,0.0,0.0,0.0,0.0,0.0,0.0,0.0,0.0,0.0,0.0,0.0,0.1114005595445633,0.8885994553565979,0.010670779272913933,0.9893292784690857,0.0,0.0,0.0,0.0,0.0,0.0,0.0,0.0,0.0,0.0,0.0,0.0,0.0,0.0
1781710438.4590352,1,8.695652173913043,True,2.2000385889899628e-41,0.0,100.0,False,99.99866485595703,True,0.0,0.0,0.0,0.0,0.0,0.0,0.0,0.0,0.0,0.0,0.0,0.0,0.0,0.0,0.0,0.0,0.0,0.0,0.0,0.0,0.0,0.0,0.0,0.0,0.0,0.0,0.0,0.0,0.911228358745575,0.08877164125442505,0.9809536933898926,0.019046328961849213,0.27862995862960815,0.7213701009750366,0.0,0.0,0.0,0.0,0.0,0.0,0.0,0.0,0.0,0.0,0.0,0.0
1781710439.1419108,1,0.0,False,1.401298464324817e-43,0.0,100.0,False,0.003385376840014942,False,0.0,0.0,0.0,0.0,0.0,0.0,0.0,0.0,0.0,0.0,0.0,0.0,0.0,0.0,0.0,0.0,0.0,0.0,0.0,0.0,0.0,0.0,0.0,0.0,0.0,0.0,0.0,0.0,0.3587213158607483,0.6412787437438965,0.029661012813448906,0.9703390002250671,0.0,0.0,0.0,0.0,0.0,0.0,0.0,0.0,0.0,0.0,0.0,0.0,0.0,0.0
1781710439.783809,1,4.3478260869565215,True,1.961817850054744e-42,0.0,100.0,False,99.99998807907104,True,0.0,0.0,0.0,0.0,0.0,0.0,0.0,0.0,0.0,0.0,0.0,0.0,0.0,0.0,0.0,0.0,0.0,0.0,0.0,0.0,0.0,0.0,0.0,0.0,0.0,0.0,0.0,0.0,0.5955868363380432,0.40441322326660156,0.05462773144245148,0.9453722834587097,0.0,0.0,0.0,0.0,0.0,0.0,0.0,0.0,0.0,0.0,0.0,0.0,0.0,0.0
1781710440.4420414,1,0.0,False,1.401298464324817e-43,0.0,100.0,False,0.004649638867704198,False,0.0,0.0,0.0,0.0,0.0,0.0,0.0,0.0,0.0,0.0,0.0,0.0,0.0,0.0,0.0,0.0,0.0,0.0,0.0,0.0,0.0,0.0,0.0,0.0,0.0,0.0,0.0,0.0,0.3626919984817505,0.6373080611228943,0.1000918298959732,0.8999081254005432,0.0,0.0,0.0,0.0,0.0,0.0,0.0,0.0,0.0,0.0,0.0,0.0,0.0,0.0
1781710441.0938897,1,8.695652173913043,True,3.3656386516153456e-39,2.382207389352189e-42,100.0,False,99.99992847442627,True,0.0,0.0,0.0,0.0,0.0,0.0,0.0,0.0,0.0,0.0,0.0,0.0,0.0,0.0,0.0,0.0,0.0,0.0,0.0,0.0,0.0,0.0,0.0,0.0,0.0,0.0,0.0,0.0,0.612646222114563,0.387353777885437,0.967475414276123,0.03252453729510307,0.0,0.0,0.0,0.0,0.0,0.0,0.0,0.0,0.0,0.0,0.0,0.0,0.0,0.0
1781710441.924754,1,8.695652173913043,True,3.94745777400301e-40,2.802596928649634e-43,100.0,False,99.99992847442627,True,0.0,0.0,0.0,0.0,0.0,0.0,0.0,0.0,0.0,0.0,0.0,0.0,0.0,0.0,0.0,0.0,0.0,0.0,0.0,0.0,0.0,0.0,0.0,0.0,0.0,0.0,0.0,0.0,0.7751269340515137,0.2248731255531311,0.9752209782600403,0.02477901428937912,0.0,0.0,0.0,0.0,0.0,0.0,0.0,0.0,0.0,0.0,0.0,0.0,0.0,0.0
1781710442.8264596,0,0.0,False,2.205643782847262e-40,1.401298464324817e-43,100.0,False,0.006365037552313879,False,0.0,0.0,0.0,0.0,0.0,0.0,0.0,0.0,0.0,0.0,0.0,0.0,0.0,0.0,0.0,0.0,0.0,0.0,0.0,0.0,0.0,0.0,0.0,0.0,0.0,0.0,0.0,0.0,0.3341306149959564,0.665869414806366,0.04275718703866005,0.9572428464889526,0.0,0.0,0.0,0.0,0.0,0.0,0.0,0.0,0.0,0.0,0.0,0.0,0.0,0.0
1781710443.734442,0,0.0,False,1.772782687217326e-39,1.2611686178923354e-42,100.0,False,0.006365037552313879,False,0.0,0.0,0.0,0.0,0.0,0.0,0.0,0.0,0.0,0.0,0.0,0.0,0.0,0.0,0.0,0.0,0.0,0.0,0.0,0.0,0.0,0.0,0.0,0.0,0.0,0.0,0.0,0.0,0.05705519765615463,0.9429448246955872,0.25381404161453247,0.7461858987808228,0.0,0.0,0.0,0.0,0.0,0.0,0.0,0.0,0.0,0.0,0.0,0.0,0.0,0.0
1781710444.6433878,1,4.3478260869565215,True,0.0,0.0,100.0,False,99.99963045120239,True,0.0,0.0,0.0,0.0,0.0,0.0,0.0,0.0,0.0,0.0,0.0,0.0,0.0,0.0,0.0,0.0,0.0,0.0,0.0,0.0,0.0,0.0,0.0,0.0,0.0,0.0,0.0,0.0,0.11741580069065094,0.8825842142105103,0.7361557483673096,0.26384425163269043,0.0,0.0,0.0,0.0,0.0,0.0,0.0,0.0,0.0,0.0,0.0,0.0,0.0,0.0
1781710445.5642219,1,0.0,False,0.0,0.0,100.0,False,0.008799585339147598,False,0.0,0.0,0.0,0.0,0.0,0.0,0.0,0.0,0.0,0.0,0.0,0.0,0.0,0.0,0.0,0.0,0.0,0.0,0.0,0.0,0.0,0.0,0.0,0.0,0.0,0.0,0.0,0.0,0.4935172498226166,0.5064827799797058,0.18351510167121887,0.8164848685264587,0.0,0.0,0.0,0.0,0.0,0.0,0.0,0.0,0.0,0.0,0.0,0.0,0.0,0.0
1781710446.2168956,1,4.3478260869565215,True,1.4858051695143895e-37,1.6843607541184301e-40,100.0,False,99.99955892562866,True,0.0,0.0,0.0,0.0,0.0,0.0,0.0,0.0,0.0,0.0,0.0,0.0,0.0,0.0,0.0,0.0,0.0,0.0,0.0,0.0,0.0,0.0,0.0,0.0,0.0,0.0,0.0,0.0,0.498240202665329,0.5017598271369934,0.9191936254501343,0.08080634474754333,0.0,0.0,0.0,0.0,0.0,0.0,0.0,0.0,0.0,0.0,0.0,0.0,0.0,0.0
1781710446.9074032,1,4.3478260869565215,True,1.8216880036222622e-42,0.0,100.0,False,99.9998927116394,True,0.0,0.0,0.0,0.0,0.0,0.0,0.0,0.0,0.0,0.0,0.0,0.0,0.0,0.0,0.0,0.0,0.0,0.0,0.0,0.0,0.0,0.0,0.0,0.0,0.0,0.0,0.0,0.0,0.3628828227519989,0.6371171474456787,0.9853107929229736,0.014689259231090546,0.0,0.0,0.0,0.0,0.0,0.0,0.0,0.0,0.0,0.0,0.0,0.0,0.0,0.0
1781710447.611226,1,4.3478260869565215,True,3.54150160888811e-39,2.802596928649634e-42,100.0,False,99.99277591705322,True,0.0,0.0,0.0,0.0,0.0,0.0,0.0,0.0,0.0,0.0,0.0,0.0,0.0,0.0,0.0,0.0,0.0,0.0,0.0,0.0,0.0,0.0,0.0,0.0,0.0,0.0,0.0,0.0,0.0,0.0,0.9970088601112366,0.0029911717865616083,0.0,0.0,0.0,0.0,0.0,0.0,0.0,0.0,0.0,0.0,0.0,0.0,0.0,0.0
1781710448.2747781,1,4.3478260869565215,True,1.401298464324817e-43,0.0,100.0,False,99.99996423721313,True,0.0,0.0,0.0,0.0,0.0,0.0,0.0,0.0,0.0,0.0,0.0,0.0,0.0,0.0,0.0,0.0,0.0,0.0,0.0,0.0,0.0,0.0,0.0,0.0,0.0,0.0,0.0,0.0,0.42877519130706787,0.5712248086929321,0.604399561882019,0.39560046792030334,0.0,0.0,0.0,0.0,0.0,0.0,0.0,0.0,0.0,0.0,0.0,0.0,0.0,0.0
1781710448.9281514,1,8.695652173913043,True,1.785534503242682e-39,1.2611686178923354e-42,100.0,False,99.99978542327881,True,0.0,0.0,0.0,0.0,0.0,0.0,0.0,0.0,0.0,0.0,0.0,0.0,0.0,0.0,0.0,0.0,0.0,0.0,0.0,0.0,0.0,0.0,0.0,0.0,0.0,0.0,0.6742225885391235,0.32577741146087646,0.9786143898963928,0.021385589614510536,0.3412172794342041,0.6587826609611511,0.0,0.0,0.0,0.0,0.0,0.0,0.0,0.0,0.0,0.0,0.0,0.0,0.0,0.0
1781710449.5919473,0,0.0,False,3.3452357459747763e-38,3.615350037958028e-41,100.0,False,6.209396588019445e-05,False,0.0,0.0,0.0,0.0,0.0,0.0,0.0,0.0,0.0,0.0,0.0,0.0,0.0,0.0,0.0,0.0,0.0,0.0,0.0,0.0,0.0,0.0,0.0,0.0,0.0,0.0,0.052037861198186874,0.9479621648788452,0.05882920324802399,0.9411707520484924,0.04713347181677818,0.9528664946556091,0.0,0.0,0.0,0.0,0.0,0.0,0.0,0.0,0.0,0.0,0.0,0.0,0.0,0.0
1781710450.2535534,1,8.695652173913043,True,1.0775985190657843e-40,1.401298464324817e-43,100.0,False,99.87854361534119,True,0.0,0.0,0.0,0.0,0.0,0.0,0.0,0.0,0.0,0.0,0.0,0.0,0.0,0.0,0.0,0.0,0.0,0.0,0.0,0.0,0.0,0.0,0.0,0.0,0.0,0.0,0.0,0.0,0.9999659061431885,3.415228275116533e-05,0.9025667309761047,0.09743322432041168,0.0,0.0,0.0,0.0,0.0,0.0,0.0,0.0,0.0,0.0,0.0,0.0,0.0,0.0
1781710450.9279692,1,4.3478260869565215,True,6.025583396596713e-41,0.0,100.0,False,99.99961853027344,True,0.0,0.0,0.0,0.0,0.0,0.0,0.0,0.0,0.0,0.0,0.0,0.0,0.0,0.0,0.0,0.0,0.0,0.0,0.0,0.0,0.0,0.0,0.0,0.0,0.0,0.0,0.0,0.0,0.8665019273757935,0.13349805772304535,0.30829331278800964,0.6917067170143127,0.0,0.0,0.0,0.0,0.0,0.0,0.0,0.0,0.0,0.0,0.0,0.0,0.0,0.0
1781710451.5847895,0,0.0,False,1.401298464324817e-43,0.0,100.0,False,0.0022238631572690792,False,0.0,0.0,0.0,0.0,0.0,0.0,0.0,0.0,0.0,0.0,0.0,0.0,0.0,0.0,0.0,0.0,0.0,0.0,0.0,0.0,0.0,0.0,0.0,0.0,0.0,0.0,0.0,0.0,0.04615624621510506,0.9538438320159912,0.19444164633750916,0.8055583834648132,0.0,0.0,0.0,0.0,0.0,0.0,0.0,0.0,0.0,0.0,0.0,0.0,0.0,0.0
1781710452.2579021,1,4.3478260869565215,True,5.605193857299268e-43,0.0,100.0,False,99.98581409454346,True,0.0,0.0,0.0,0.0,0.0,0.0,0.0,0.0,0.0,0.0,0.0,0.0,0.0,0.0,0.0,0.0,0.0,0.0,0.0,0.0,0.0,0.0,0.0,0.0,0.0,0.0,0.0,0.0,0.9923396110534668,0.00766034796833992,0.12317825108766556,0.876821756362915,0.0,0.0,0.0,0.0,0.0,0.0,0.0,0.0,0.0,0.0,0.0,0.0,0.0,0.0
1781710452.918867,1,4.3478260869565215,True,8.547920632381384e-41,0.0,100.0,False,99.9997615814209,True,0.0,0.0,0.0,0.0,0.0,0.0,0.0,0.0,0.0,0.0,0.0,0.0,0.0,0.0,0.0,0.0,0.0,0.0,0.0,0.0,0.0,0.0,0.0,0.0,0.0,0.0,0.761419415473938,0.23858053982257843,0.43730297684669495,0.5626970529556274,0.2459654062986374,0.7540346384048462,0.0,0.0,0.0,0.0,0.0,0.0,0.0,0.0,0.0,0.0,0.0,0.0,0.0,0.0
1781710453.5905664,1,13.043478260869565,True,1.447541313647536e-40,1.401298464324817e-43,100.0,False,99.99774694442749,True,0.0,0.0,0.0,0.0,0.0,0.0,0.0,0.0,0.0,0.0,0.0,0.0,0.0,0.0,0.0,0.0,0.0,0.0,0.0,0.0,0.0,0.0,0.0,0.0,0.0,0.0,0.5193975567817688,0.4806024432182312,0.7771733403205872,0.22282665967941284,0.8820917010307312,0.11790835112333298,0.0,0.0,0.0,0.0,0.0,0.0,0.0,0.0,0.0,0.0,0.0,0.0,0.0,0.0
1781710454.2822738,1,4.3478260869565215,True,3.363116314379561e-42,0.0,100.0,False,99.99996423721313,True,0.0,0.0,0.0,0.0,0.0,0.0,0.0,0.0,0.0,0.0,0.0,0.0,0.0,0.0,0.0,0.0,0.0,0.0,0.0,0.0,0.0,0.0,0.0,0.0,0.0,0.0,0.0,0.0,0.9990691542625427,0.0009309013257734478,0.20158152282238007,0.7984185218811035,0.0,0.0,0.0,0.0,0.0,0.0,0.0,0.0,0.0,0.0,0.0,0.0,0.0,0.0
1781710454.9829369,1,4.3478260869565215,True,1.447541313647536e-40,1.401298464324817e-43,100.0,False,99.99992847442627,True,0.0,0.0,0.0,0.0,0.0,0.0,0.0,0.0,0.0,0.0,0.0,0.0,0.0,0.0,0.0,0.0,0.0,0.0,0.0,0.0,0.0,0.0,0.0,0.0,0.0,0.0,0.0,0.0,0.8703007698059082,0.1296992301940918,0.4048839211463928,0.5951160192489624,0.0,0.0,0.0,0.0,0.0,0.0,0.0,0.0,0.0,0.0,0.0,0.0,0.0,0.0
1781710455.7779431,0,0.0,False,5.904023557413464e-37,6.985472844659213e-40,100.0,False,0.024728168500587344,False,0.0,0.0,0.0,0.0,0.0,0.0,0.0,0.0,0.0,0.0,0.0,0.0,0.0,0.0,0.0,0.0,0.0,0.0,0.0,0.0,0.0,0.0,0.0,0.0,0.0,0.0,0.0,0.0,0.049892183393239975,0.950107753276825,0.034798357635736465,0.9652016162872314,0.0,0.0,0.0,0.0,0.0,0.0,0.0,0.0,0.0,0.0,0.0,0.0,0.0,0.0
1781710456.7064602,0,0.0,False,1.5949607146914354e-37,1.6199010247594885e-40,100.0,False,0.006510169623652473,False,0.0,0.0,0.0,0.0,0.0,0.0,0.0,0.0,0.0,0.0,0.0,0.0,0.0,0.0,0.0,0.0,0.0,0.0,0.0,0.0,0.0,0.0,0.0,0.0,0.0,0.0,0.0,0.0,0.10341478139162064,0.89658522605896,0.17060625553131104,0.829393744468689,0.0,0.0,0.0,0.0,0.0,0.0,0.0,0.0,0.0,0.0,0.0,0.0,0.0,0.0
1781710457.655728,0,0.0,False,8.300409284627692e-38,8.57594660166788e-41,100.0,False,0.02230241079814732,False,0.0,0.0,0.0,0.0,0.0,0.0,0.0,0.0,0.0,0.0,0.0,0.0,0.0,0.0,0.0,0.0,0.0,0.0,0.0,0.0,0.0,0.0,0.0,0.0,0.0,0.0,0.0,0.0,0.10024778544902802,0.8997522592544556,0.12912710011005402,0.8708728551864624,0.0,0.0,0.0,0.0,0.0,0.0,0.0,0.0,0.0,0.0,0.0,0.0,0.0,0.0
1781710459.587885,0,0.0,False,1.596219080712399e-39,1.1210387714598537e-42,100.0,False,0.037613449967466295,False,0.0,0.0,0.0,0.0,0.0,0.0,0.0,0.0,0.0,0.0,0.0,0.0,0.0,0.0,0.0,0.0,0.0,0.0,0.0,0.0,0.0,0.0,0.0,0.0,0.0,0.0,0.0,0.0,0.09551040828227997,0.9044895768165588,0.010350142605602741,0.9896498918533325,0.0,0.0,0.0,0.0,0.0,0.0,0.0,0.0,0.0,0.0,0.0,0.0,0.0,0.0
1781710460.2744737,0,4.3478260869565215,True,6.294632701747078e-40,4.203895392974451e-43,100.0,False,99.9987006187439,True,0.0,0.0,0.0,0.0,0.0,0.0,0.0,0.0,0.0,0.0,0.0,0.0,0.0,0.0,0.0,0.0,0.0,0.0,0.0,0.0,0.0,0.0,0.0,0.0,0.0,0.0,0.0,0.0,0.2025962918996811,0.7974036931991577,0.6174748539924622,0.3825252056121826,0.0,0.0,0.0,0.0,0.0,0.0,0.0,0.0,0.0,0.0,0.0,0.0,0.0,0.0
1781710460.9411073,0,4.3478260869565215,True,3.0828566215145976e-42,0.0,100.0,False,99.99911785125732,True,0.0,0.0,0.0,0.0,0.0,0.0,0.0,0.0,0.0,0.0,0.0,0.0,0.0,0.0,0.0,0.0,0.0,0.0,0.0,0.0,0.0,0.0,0.0,0.0,0.0,0.0,0.0,0.0,0.3516000211238861,0.6484000086784363,0.6876464486122131,0.3123535215854645,0.0,0.0,0.0,0.0,0.0,0.0,0.0,0.0,0.0,0.0,0.0,0.0,0.0,0.0
1781710461.6324668,1,0.0,False,5.605193857299268e-43,0.0,100.0,False,5.5037344282027334e-05,False,0.0,0.0,0.0,0.0,0.0,0.0,0.0,0.0,0.0,0.0,0.0,0.0,0.0,0.0,0.0,0.0,0.0,0.0,0.0,0.0,0.0,0.0,0.0,0.0,0.0,0.0,0.47877001762390137,0.5212299227714539,0.3715439438819885,0.6284560561180115,0.0,0.0,0.0,0.0,0.0,0.0,0.0,0.0,0.0,0.0,0.0,0.0,0.0,0.0,0.0,0.0
1781710462.3406916,0,0.0,False,0.0,0.0,100.0,False,0.016472802963107824,False,0.0,0.0,0.0,0.0,0.0,0.0,0.0,0.0,0.0,0.0,0.0,0.0,0.0,0.0,0.0,0.0,0.0,0.0,0.0,0.0,0.0,0.0,0.0,0.0,0.0,0.0,0.10330090671777725,0.896699070930481,0.28843244910240173,0.7115675210952759,0.0,0.0,0.0,0.0,0.0,0.0,0.0,0.0,0.0,0.0,0.0,0.0,0.0,0.0,0.0,0.0
1781710463.0048182,1,8.695652173913043,True,5.605193857299268e-43,0.0,100.0,False,99.99885559082031,True,0.0,0.0,0.0,0.0,0.0,0.0,0.0,0.0,0.0,0.0,0.0,0.0,0.0,0.0,0.0,0.0,0.0,0.0,0.0,0.0,0.0,0.0,0.0,0.0,0.0,0.0,0.5614282488822937,0.4385717213153839,0.7187266945838928,0.2812733054161072,0.0,0.0,0.0,0.0,0.0,0.0,0.0,0.0,0.0,0.0,0.0,0.0,0.0,0.0,0.0,0.0
1781710463.6823366,0,0.0,False,1.401298464324817e-43,0.0,100.0,False,0.005247482840786688,False,0.0,0.0,0.0,0.0,0.0,0.0,0.0,0.0,0.0,0.0,0.0,0.0,0.0,0.0,0.0,0.0,0.0,0.0,0.0,0.0,0.0,0.0,0.0,0.0,0.0,0.0,0.0,0.0,0.0,0.0,0.0,0.0,0.0,0.0,0.0,0.0,0.0,0.0,0.0,0.0,0.0,0.0,0.0,0.0,0.0,0.0
1781710464.36269,0,0.0,False,1.401298464324817e-43,0.0,100.0,False,0.0028122449293732643,False,0.0,0.0,0.0,0.0,0.0,0.0,0.0,0.0,0.0,0.0,0.0,0.0,0.0,0.0,0.0,0.0,0.0,0.0,0.0,0.0,0.0,0.0,0.0,0.0,0.0,0.0,0.020241308957338333,0.9797587394714355,0.0,0.0,0.0,0.0,0.0,0.0,0.0,0.0,0.0,0.0,0.0,0.0,0.0,0.0,0.0,0.0,0.0,0.0
1781710465.042271,0,0.0,False,4.203895392974451e-43,0.0,100.0,False,0.005998343476676382,False,0.0,0.0,0.0,0.0,0.0,0.0,0.0,0.0,0.0,0.0,0.0,0.0,0.0,0.0,0.0,0.0,0.0,0.0,0.0,0.0,0.0,0.0,0.0,0.0,0.0,0.0,0.02468225732445717,0.9753177165985107,0.0,0.0,0.0,0.0,0.0,0.0,0.0,0.0,0.0,0.0,0.0,0.0,0.0,0.0,0.0,0.0,0.0,0.0
1781710465.704488,1,4.3478260869565215,True,0.0,0.0,100.0,False,99.99996423721313,True,0.0,0.0,0.0,0.0,0.0,0.0,0.0,0.0,0.0,0.0,0.0,0.0,0.0,0.0,0.0,0.0,0.0,0.0,0.0,0.0,0.0,0.0,0.0,0.0,0.0,0.0,0.0,0.0,0.5177516341209412,0.4822483956813812,0.0,0.0,0.0,0.0,0.0,0.0,0.0,0.0,0.0,0.0,0.0,0.0,0.0,0.0,0.0,0.0
1781710466.3834512,0,0.0,False,0.0,0.0,100.0,False,0.01580800744704902,False,0.0,0.0,0.0,0.0,0.0,0.0,0.0,0.0,0.0,0.0,0.0,0.0,0.0,0.0,0.0,0.0,0.0,0.0,0.0,0.0,0.0,0.0,0.0,0.0,0.0,0.0,0.0,0.0,0.2665393352508545,0.7334606647491455,0.0,0.0,0.0,0.0,0.0,0.0,0.0,0.0,0.0,0.0,0.0,0.0,0.0,0.0,0.0,0.0
1781710467.107777,0,0.0,False,1.401298464324817e-43,0.0,100.0,False,0.0001971968003999791,False,0.0,0.0,0.0,0.0,0.0,0.0,0.0,0.0,0.0,0.0,0.0,0.0,0.0,0.0,0.0,0.0,0.0,0.0,0.0,0.0,0.0,0.0,0.0,0.0,0.0,0.0,0.0,0.0,0.05041572451591492,0.9495842456817627,0.0,0.0,0.0,0.0,0.0,0.0,0.0,0.0,0.0,0.0,0.0,0.0,0.0,0.0,0.0,0.0
1781710467.79389,0,0.0,False,2.802596928649634e-43,0.0,100.0,False,7.51659456454945e-05,False,0.0,0.0,0.0,0.0,0.0,0.0,0.0,0.0,0.0,0.0,0.0,0.0,0.0,0.0,0.0,0.0,0.0,0.0,0.0,0.0,0.0,0.0,0.0,0.0,0.0,0.0,0.0,0.0,0.10876589268445969,0.8912340998649597,0.0,0.0,0.0,0.0,0.0,0.0,0.0,0.0,0.0,0.0,0.0,0.0,0.0,0.0,0.0,0.0
1781710468.4895134,1,0.0,False,1.401298464324817e-43,0.0,100.0,False,0.025484891375526786,False,0.0,0.0,0.0,0.0,0.0,0.0,0.0,0.0,0.0,0.0,0.0,0.0,0.0,0.0,0.0,0.0,0.0,0.0,0.0,0.0,0.0,0.0,0.0,0.0,0.0,0.0,0.0,0.0,0.14917325973510742,0.8508267402648926,0.0,0.0,0.0,0.0,0.0,0.0,0.0,0.0,0.0,0.0,0.0,0.0,0.0,0.0,0.0,0.0
1781710469.194031,0,0.0,False,0.0,0.0,100.0,False,0.005864425475010648,False,0.0,0.0,0.0,0.0,0.0,0.0,0.0,0.0,0.0,0.0,0.0,0.0,0.0,0.0,0.0,0.0,0.0,0.0,0.0,0.0,0.0,0.0,0.0,0.0,0.0,0.0,0.40008747577667236,0.5999125242233276,0.03398013114929199,0.9660198092460632,0.0,0.0,0.0,0.0,0.0,0.0,0.0,0.0,0.0,0.0,0.0,0.0,0.0,0.0,0.0,0.0
1781710470.1181207,0,0.0,False,1.401298464324817e-43,0.0,100.0,False,0.028793801902793348,False,0.0,0.0,0.0,0.0,0.0,0.0,0.0,0.0,0.0,0.0,0.0,0.0,0.0,0.0,0.0,0.0,0.0,0.0,0.0,0.0,0.0,0.0,0.0,0.0,0.0,0.0,0.08221014589071274,0.9177898168563843,0.053090326488018036,0.9469096064567566,0.0,0.0,0.0,0.0,0.0,0.0,0.0,0.0,0.0,0.0,0.0,0.0,0.0,0.0,0.0,0.0
1781710471.0106444,1,4.3478260869565215,True,4.203895392974451e-43,0.0,100.0,False,87.3445212841034,True,0.0,0.0,0.0,0.0,0.0,0.0,0.0,0.0,0.0,0.0,0.0,0.0,0.0,0.0,0.0,0.0,0.0,0.0,0.0,0.0,0.0,0.0,0.0,0.0,0.0,0.0,0.9130798578262329,0.08692016452550888,0.0,0.0,0.0,0.0,0.0,0.0,0.0,0.0,0.0,0.0,0.0,0.0,0.0,0.0,0.0,0.0,0.0,0.0
1781710472.0100906,0,0.0,False,5.605193857299268e-43,0.0,100.0,False,0.0008087965397862718,False,0.0,0.0,0.0,0.0,0.0,0.0,0.0,0.0,0.0,0.0,0.0,0.0,0.0,0.0,0.0,0.0,0.0,0.0,0.0,0.0,0.0,0.0,0.0,0.0,0.0,0.0,0.24785281717777252,0.7521471977233887,0.0,0.0,0.0,0.0,0.0,0.0,0.0,0.0,0.0,0.0,0.0,0.0,0.0,0.0,0.0,0.0,0.0,0.0
1781710472.9231544,1,0.0,False,5.605193857299268e-43,0.0,100.0,False,0.004649638867704198,False,0.0,0.0,0.0,0.0,0.0,0.0,0.0,0.0,0.0,0.0,0.0,0.0,0.0,0.0,0.0,0.0,0.0,0.0,0.0,0.0,0.0,0.0,0.0,0.0,0.0,0.0,0.03669703006744385,0.9633029699325562,0.2515629231929779,0.7484370470046997,0.0,0.0,0.0,0.0,0.0,0.0,0.0,0.0,0.0,0.0,0.0,0.0,0.0,0.0,0.0,0.0
1781710473.7571483,1,0.0,False,1.8216880036222622e-42,0.0,100.0,False,0.006025846232660115,False,0.0,0.0,0.0,0.0,0.0,0.0,0.0,0.0,0.0,0.0,0.0,0.0,0.0,0.0,0.0,0.0,0.0,0.0,0.0,0.0,0.0,0.0,0.0,0.0,0.0,0.0,0.2699832618236542,0.7300167679786682,0.08314114063978195,0.9168589115142822,0.0,0.0,0.0,0.0,0.0,0.0,0.0,0.0,0.0,0.0,0.0,0.0,0.0,0.0,0.0,0.0
1781710474.4239125,0,0.0,False,2.382207389352189e-42,0.0,100.0,False,0.060303654754534364,False,0.0,0.0,0.0,0.0,0.0,0.0,0.0,0.0,0.0,0.0,0.0,0.0,0.0,0.0,0.0,0.0,0.0,0.0,0.0,0.0,0.0,0.0,0.0,0.0,0.0,0.0,0.05522662028670311,0.9447733759880066,0.06283033639192581,0.9371697306632996,0.0,0.0,0.0,0.0,0.0,0.0,0.0,0.0,0.0,0.0,0.0,0.0,0.0,0.0,0.0,0.0
1781710475.1132588,1,4.3478260869565215,True,2.1019476964872256e-42,0.0,100.0,False,99.9998927116394,True,0.0,0.0,0.0,0.0,0.0,0.0,0.0,0.0,0.0,0.0,0.0,0.0,0.0,0.0,0.0,0.0,0.0,0.0,0.0,0.0,0.0,0.0,0.0,0.0,0.0,0.0,0.8926864266395569,0.10731355100870132,0.4177338182926178,0.5822662115097046,0.0,0.0,0.0,0.0,0.0,0.0,0.0,0.0,0.0,0.0,0.0,0.0,0.0,0.0,0.0,0.0
1781710475.788976,0,0.0,False,1.401298464324817e-43,0.0,100.0,False,0.10239449329674244,False,0.0,0.0,0.0,0.0,0.0,0.0,0.0,0.0,0.0,0.0,0.0,0.0,0.0,0.0,0.0,0.0,0.0,0.0,0.0,0.0,0.0,0.0,0.0,0.0,0.0,0.0,0.34687748551368713,0.6531225442886353,0.0,0.0,0.0,0.0,0.0,0.0,0.0,0.0,0.0,0.0,0.0,0.0,0.0,0.0,0.0,0.0,0.0,0.0
1781710476.4841166,1,4.3478260869565215,True,0.0,0.0,100.0,False,100.0,True,0.0,0.0,0.0,0.0,0.0,0.0,0.0,0.0,0.0,0.0,0.0,0.0,0.0,0.0,0.0,0.0,0.0,0.0,0.0,0.0,0.0,0.0,0.0,0.0,0.0,0.0,0.8957446813583374,0.10425528138875961,0.0,0.0,0.0,0.0,0.0,0.0,0.0,0.0,0.0,0.0,0.0,0.0,0.0,0.0,0.0,0.0,0.0,0.0
1781710477.1751125,0,0.0,False,2.802596928649634e-43,0.0,100.0,False,0.0886425084900111,False,0.0,0.0,0.0,0.0,0.0,0.0,0.0,0.0,0.0,0.0,0.0,0.0,0.0,0.0,0.0,0.0,0.0,0.0,0.0,0.0,0.0,0.0,0.0,0.0,0.0,0.0,0.12238633632659912,0.8776136636734009,0.0,0.0,0.0,0.0,0.0,0.0,0.0,0.0,0.0,0.0,0.0,0.0,0.0,0.0,0.0,0.0,0.0,0.0
1781710477.9552467,1,0.0,False,1.6815581571897805e-42,0.0,100.0,False,0.005998343476676382,False,0.0,0.0,0.0,0.0,0.0,0.0,0.0,0.0,0.0,0.0,0.0,0.0,0.0,0.0,0.0,0.0,0.0,0.0,0.0,0.0,0.0,0.0,0.0,0.0,0.0,0.0,0.0,0.0,0.0,0.0,0.0,0.0,0.0,0.0,0.0,0.0,0.0,0.0,0.0,0.0,0.0,0.0,0.0,0.0,0.0,0.0
1781710807.3063555,0,0.0,False,8.407790785948902e-43,0.0,100.0,False,0.012145048094680533,False,0.0,0.0,0.0,0.0,0.0,0.0,0.0,0.0,0.0,0.0,0.0,0.0,0.0,0.0,0.0,0.0,0.0,0.0,0.0,0.0,0.0,0.0,0.0,0.0,0.0,0.0,0.2322252094745636,0.7677748203277588,0.1769828200340271,0.8230171203613281,0.0,0.0,0.0,0.0,0.0,0.0,0.0,0.0,0.0,0.0,0.0,0.0,0.0,0.0,0.0,0.0
1781710808.1827202,1,4.3478260869565215,True,2.802596928649634e-43,0.0,100.0,False,100.0,True,0.0,0.0,0.0,0.0,0.0,0.0,0.0,0.0,0.0,0.0,0.0,0.0,0.0,0.0,0.0,0.0,0.0,0.0,0.0,0.0,0.0,0.0,0.0,0.0,0.0,0.0,0.6471049189567566,0.3528950810432434,0.3430387079715729,0.6569612622261047,0.0,0.0,0.0,0.0,0.0,0.0,0.0,0.0,0.0,0.0,0.0,0.0,0.0,0.0,0.0,0.0
1781710809.146375,0,0.0,False,2.746819644575649e-37,3.2972552865562946e-40,100.0,False,0.002624592525535263,False,0.0,0.0,0.0,0.0,0.0,0.0,0.0,0.0,0.0,0.0,0.0,0.0,0.0,0.0,0.0,0.0,0.0,0.0,0.0,0.0,0.0,0.0,0.0,0.0,0.0,0.0,0.31039944291114807,0.6896005272865295,0.04076125845313072,0.9592387676239014,0.0,0.0,0.0,0.0,0.0,0.0,0.0,0.0,0.0,0.0,0.0,0.0,0.0,0.0,0.0,0.0
1781710810.0467093,0,0.0,False,1.9898438193412402e-41,0.0,100.0,False,0.0533614307641983,False,0.0,0.0,0.0,0.0,0.0,0.0,0.0,0.0,0.0,0.0,0.0,0.0,0.0,0.0,0.0,0.0,0.0,0.0,0.0,0.0,0.0,0.0,0.0,0.0,0.0,0.0,0.05600081756711006,0.943999171257019,0.0,0.0,0.0,0.0,0.0,0.0,0.0,0.0,0.0,0.0,0.0,0.0,0.0,0.0,0.0,0.0,0.0,0.0
1781710810.9969196,1,4.3478260869565215,True,1.401298464324817e-43,0.0,100.0,False,99.99909400939941,True,0.0,0.0,0.0,0.0,0.0,0.0,0.0,0.0,0.0,0.0,0.0,0.0,0.0,0.0,0.0,0.0,0.0,0.0,0.0,0.0,0.0,0.0,0.0,0.0,0.0,0.0,0.8336557745933533,0.16634425520896912,0.0,0.0,0.0,0.0,0.0,0.0,0.0,0.0,0.0,0.0,0.0,0.0,0.0,0.0,0.0,0.0,0.0,0.0
1781710811.839662,1,4.3478260869565215,True,0.0,0.0,100.0,False,99.9987244606018,True,0.0,0.0,0.0,0.0,0.0,0.0,0.0,0.0,0.0,0.0,0.0,0.0,0.0,0.0,0.0,0.0,0.0,0.0,0.0,0.0,0.0,0.0,0.0,0.0,0.0,0.0,0.948671817779541,0.05132812634110451,0.0,0.0,0.0,0.0,0.0,0.0,0.0,0.0,0.0,0.0,0.0,0.0,0.0,0.0,0.0,0.0,0.0,0.0
1781710812.5174935,0,0.0,False,4.203895392974451e-43,0.0,100.0,False,0.31412828247994184,False,0.0,0.0,0.0,0.0,0.0,0.0,0.0,0.0,0.0,0.0,0.0,0.0,0.0,0.0,0.0,0.0,0.0,0.0,0.0,0.0,0.0,0.0,0.0,0.0,0.0,0.0,0.09050062298774719,0.9094993472099304,0.0,0.0,0.0,0.0,0.0,0.0,0.0,0.0,0.0,0.0,0.0,0.0,0.0,0.0,0.0,0.0,0.0,0.0
1781710813.190949,1,0.0,False,8.407790785948902e-43,0.0,100.0,False,0.010455773735884577,False,0.0,0.0,0.0,0.0,0.0,0.0,0.0,0.0,0.0,0.0,0.0,0.0,0.0,0.0,0.0,0.0,0.0,0.0,0.0,0.0,0.0,0.0,0.0,0.0,0.0,0.0,0.0,0.0,0.0,0.0,0.0,0.0,0.0,0.0,0.0,0.0,0.0,0.0,0.0,0.0,0.0,0.0,0.0,0.0,0.0,0.0
1781710813.8624582,1,0.0,False,5.605193857299268e-43,0.0,100.0,False,0.0005698732365999604,False,0.0,0.0,0.0,0.0,0.0,0.0,0.0,0.0,0.0,0.0,0.0,0.0,0.0,0.0,0.0,0.0,0.0,0.0,0.0,0.0,0.0,0.0,0.0,0.0,0.0,0.0,0.0,0.0,0.0,0.0,0.0,0.0,0.0,0.0,0.0,0.0,0.0,0.0,0.0,0.0,0.0,0.0,0.0,0.0,0.0,0.0
1781710814.5358515,0,0.0,False,5.605193857299268e-43,0.0,100.0,False,0.009855077223619446,False,0.0,0.0,0.0,0.0,0.0,0.0,0.0,0.0,0.0,0.0,0.0,0.0,0.0,0.0,0.0,0.0,0.0,0.0,0.0,0.0,0.0,0.0,0.0,0.0,0.0,0.0,0.0,0.0,0.0,0.0,0.0,0.0,0.0,0.0,0.0,0.0,0.0,0.0,0.0,0.0,0.0,0.0,0.0,0.0,0.0,0.0
1781710815.1866112,0,0.0,False,4.90454462513686e-42,0.0,100.0,False,0.0002335533281438984,False,0.0,0.0,0.0,0.0,0.0,0.0,0.0,0.0,0.0,0.0,0.0,0.0,0.0,0.0,0.0,0.0,0.0,0.0,0.0,0.0,0.0,0.0,0.0,0.0,0.0,0.0,0.0,0.0,0.0,0.0,0.0,0.0,0.0,0.0,0.0,0.0,0.0,0.0,0.0,0.0,0.0,0.0,0.0,0.0,0.0,0.0
1781710817.5075092,1,0.0,False,1.401298464324817e-43,0.0,100.0,False,0.0022238631572690792,False,0.0,0.0,0.0,0.0,0.0,0.0,0.0,0.0,0.0,0.0,0.0,0.0,0.0,0.0,0.0,0.0,0.0,0.0,0.0,0.0,0.0,0.0,0.0,0.0,0.0,0.0,0.0,0.0,0.0,0.0,0.0,0.0,0.0,0.0,0.0,0.0,0.0,0.0,0.0,0.0,0.0,0.0,0.0,0.0,0.0,0.0
1781710818.2149856,1,4.3478260869565215,True,1.401298464324817e-43,0.0,100.0,False,99.99996423721313,True,0.0,0.0,0.0,0.0,0.0,0.0,0.0,0.0,0.0,0.0,0.0,0.0,0.0,0.0,0.0,0.0,0.0,0.0,0.0,0.0,0.0,0.0,0.0,0.0,0.0,0.0,0.6620221734046936,0.3379778265953064,0.0,0.0,0.0,0.0,0.0,0.0,0.0,0.0,0.0,0.0,0.0,0.0,0.0,0.0,0.0,0.0,0.0,0.0
1781710818.9292462,1,0.0,False,1.6815581571897805e-42,0.0,100.0,False,0.025484891375526786,False,0.0,0.0,0.0,0.0,0.0,0.0,0.0,0.0,0.0,0.0,0.0,0.0,0.0,0.0,0.0,0.0,0.0,0.0,0.0,0.0,0.0,0.0,0.0,0.0,0.08028347790241241,0.919716477394104,0.04689398035407066,0.9531059861183167,0.0,0.0,0.0,0.0,0.0,0.0,0.0,0.0,0.0,0.0,0.0,0.0,0.0,0.0,0.0,0.0,0.0,0.0
1781710819.6352267,0,0.0,False,1.401298464324817e-43,0.0,100.0,False,8.128066610879614e-05,False,0.0,0.0,0.0,0.0,0.0,0.0,0.0,0.0,0.0,0.0,0.0,0.0,0.0,0.0,0.0,0.0,0.0,0.0,0.0,0.0,0.0,0.0,0.0,0.0,0.050673432648181915,0.9493265151977539,0.1690489798784256,0.8309510350227356,0.0,0.0,0.0,0.0,0.0,0.0,0.0,0.0,0.0,0.0,0.0,0.0,0.0,0.0,0.0,0.0,0.0,0.0
1781710820.3254821,0,0.0,False,5.605193857299268e-43,0.0,100.0,False,0.011841589002870023,False,0.0,0.0,0.0,0.0,0.0,0.0,0.0,0.0,0.0,0.0,0.0,0.0,0.0,0.0,0.0,0.0,0.0,0.0,0.0,0.0,0.0,0.0,0.0,0.0,0.42817920446395874,0.5718207955360413,0.10980154573917389,0.8901984691619873,0.0,0.0,0.0,0.0,0.0,0.0,0.0,0.0,0.0,0.0,0.0,0.0,0.0,0.0,0.0,0.0,0.0,0.0
1781710820.9841187,1,0.0,False,1.348049122680474e-39,9.80908925027372e-43,100.0,False,0.016148373833857477,False,0.0,0.0,0.0,0.0,0.0,0.0,0.0,0.0,0.0,0.0,0.0,0.0,0.0,0.0,0.0,0.0,0.0,0.0,0.0,0.0,0.0,0.0,0.0,0.0,0.35326048731803894,0.6467394828796387,0.10995231568813324,0.8900477290153503,0.0,0.0,0.0,0.0,0.0,0.0,0.0,0.0,0.0,0.0,0.0,0.0,0.0,0.0,0.0,0.0,0.0,0.0
1781710821.7528307,0,0.0,False,0.0,0.0,100.0,False,0.0028122449293732643,False,0.0,0.0,0.0,0.0,0.0,0.0,0.0,0.0,0.0,0.0,0.0,0.0,0.0,0.0,0.0,0.0,0.0,0.0,0.0,0.0,0.0,0.0,0.0,0.0,0.04961087182164192,0.9503891468048096,0.2664124369621277,0.7335876226425171,0.0,0.0,0.0,0.0,0.0,0.0,0.0,0.0,0.0,0.0,0.0,0.0,0.0,0.0,0.0,0.0,0.0,0.0
1781710822.6972878,1,4.3478260869565215,True,0.0,0.0,100.0,False,99.99998807907104,True,0.0,0.0,0.0,0.0,0.0,0.0,0.0,0.0,0.0,0.0,0.0,0.0,0.0,0.0,0.0,0.0,0.0,0.0,0.0,0.0,0.0,0.0,0.0,0.0,0.952967643737793,0.04703241586685181,0.16156120598316193,0.8384388089179993,0.0,0.0,0.0,0.0,0.0,0.0,0.0,0.0,0.0,0.0,0.0,0.0,0.0,0.0,0.0,0.0,0.0,0.0
1781710823.6447227,1,4.3478260869565215,True,5.002635517639597e-41,0.0,100.0,False,99.99960660934448,True,0.0,0.0,0.0,0.0,0.0,0.0,0.0,0.0,0.0,0.0,0.0,0.0,0.0,0.0,0.0,0.0,0.0,0.0,0.0,0.0,0.0,0.0,0.0,0.0,0.20861586928367615,0.7913841605186462,0.7172962427139282,0.28270378708839417,0.0,0.0,0.0,0.0,0.0,0.0,0.0,0.0,0.0,0.0,0.0,0.0,0.0,0.0,0.0,0.0,0.0,0.0
1781710824.5843682,1,8.695652173913043,True,5.310921179791057e-41,0.0,100.0,False,99.99995231628418,True,0.0,0.0,0.0,0.0,0.0,0.0,0.0,0.0,0.0,0.0,0.0,0.0,0.0,0.0,0.0,0.0,0.0,0.0,0.0,0.0,0.0,0.0,0.0,0.0,0.9947852492332458,0.005214799661189318,0.6514835953712463,0.34851646423339844,0.0,0.0,0.0,0.0,0.0,0.0,0.0,0.0,0.0,0.0,0.0,0.0,0.0,0.0,0.0,0.0,0.0,0.0
1781710825.4384031,1,13.043478260869565,True,2.0318827732709848e-41,0.0,100.0,False,99.98996257781982,True,0.0,0.0,0.0,0.0,0.0,0.0,0.0,0.0,0.0,0.0,0.0,0.0,0.0,0.0,0.0,0.0,0.0,0.0,0.0,0.0,0.0,0.0,0.5049481987953186,0.4950518310070038,0.9100732803344727,0.08992668986320496,0.5182034969329834,0.4817964434623718,0.0,0.0,0.0,0.0,0.0,0.0,0.0,0.0,0.0,0.0,0.0,0.0,0.0,0.0,0.0,0.0,0.0,0.0
1781710826.1325457,1,8.695652173913043,True,8.04345318522445e-41,0.0,100.0,False,99.99996423721313,True,0.0,0.0,0.0,0.0,0.0,0.0,0.0,0.0,0.0,0.0,0.0,0.0,0.0,0.0,0.0,0.0,0.0,0.0,0.0,0.0,0.0,0.0,0.890839695930481,0.10916028916835785,0.9509877562522888,0.049012258648872375,0.193153515458107,0.8068464994430542,0.0,0.0,0.0,0.0,0.0,0.0,0.0,0.0,0.0,0.0,0.0,0.0,0.0,0.0,0.0,0.0,0.0,0.0
1781710826.8127031,1,13.043478260869565,True,7.006492321624085e-43,0.0,100.0,False,99.99727010726929,True,0.0,0.0,0.0,0.0,0.0,0.0,0.0,0.0,0.0,0.0,0.0,0.0,0.0,0.0,0.0,0.0,0.0,0.0,0.0,0.0,0.0,0.0,0.8124033212661743,0.1875966340303421,0.9256415367126465,0.07435841113328934,0.9367669820785522,0.06323304027318954,0.0,0.0,0.0,0.0,0.0,0.0,0.0,0.0,0.0,0.0,0.0,0.0,0.0,0.0,0.0,0.0,0.0,0.0
1781710827.4768002,1,4.3478260869565215,True,5.149771856393703e-40,4.203895392974451e-43,100.0,False,99.99860525131226,True,0.0,0.0,0.0,0.0,0.0,0.0,0.0,0.0,0.0,0.0,0.0,0.0,0.0,0.0,0.0,0.0,0.0,0.0,0.0,0.0,0.0,0.0,0.0,0.0,0.7855513691902161,0.21444860100746155,0.27434346079826355,0.7256565690040588,0.0,0.0,0.0,0.0,0.0,0.0,0.0,0.0,0.0,0.0,0.0,0.0,0.0,0.0,0.0,0.0,0.0,0.0
1781710828.1565335,1,8.695652173913043,True,5.0954749040174305e-36,7.329211357958091e-39,100.0,False,99.98681545257568,True,0.0,0.0,0.0,0.0,0.0,0.0,0.0,0.0,0.0,0.0,0.0,0.0,0.0,0.0,0.0,0.0,0.0,0.0,0.0,0.0,0.0,0.0,0.0,0.0,0.6406914591789246,0.35930848121643066,1.0,4.879210990793581e-08,0.25397366285324097,0.746026337146759,0.0,0.0,0.0,0.0,0.0,0.0,0.0,0.0,0.0,0.0,0.0,0.0,0.0,0.0,0.0,0.0
1781710828.8500524,1,4.3478260869565215,True,4.8861876152542046e-39,3.923635700109488e-42,100.0,False,99.99533891677856,True,0.0,0.0,0.0,0.0,0.0,0.0,0.0,0.0,0.0,0.0,0.0,0.0,0.0,0.0,0.0,0.0,0.0,0.0,0.0,0.0,0.0,0.0,0.0,0.0,0.08968156576156616,0.9103184342384338,0.9999998807907104,6.807076147197222e-08,0.21944718062877655,0.7805528044700623,0.0,0.0,0.0,0.0,0.0,0.0,0.0,0.0,0.0,0.0,0.0,0.0,0.0,0.0,0.0,0.0
1781710829.5586603,1,4.3478260869565215,True,2.999199103194406e-39,2.5223372357846707e-42,100.0,False,99.55381155014038,True,0.0,0.0,0.0,0.0,0.0,0.0,0.0,0.0,0.0,0.0,0.0,0.0,0.0,0.0,0.0,0.0,0.0,0.0,0.0,0.0,0.0,0.0,0.0,0.0,0.25456321239471436,0.7454367876052856,0.9327659606933594,0.06723396480083466,0.0,0.0,0.0,0.0,0.0,0.0,0.0,0.0,0.0,0.0,0.0,0.0,0.0,0.0,0.0,0.0,0.0,0.0
1781710830.2831376,0,0.0,False,1.401298464324817e-43,0.0,100.0,False,0.0008767323379288428,False,0.0,0.0,0.0,0.0,0.0,0.0,0.0,0.0,0.0,0.0,0.0,0.0,0.0,0.0,0.0,0.0,0.0,0.0,0.0,0.0,0.0,0.0,0.0,0.0,0.04324371740221977,0.9567563533782959,0.03936534374952316,0.960634708404541,0.0,0.0,0.0,0.0,0.0,0.0,0.0,0.0,0.0,0.0,0.0,0.0,0.0,0.0,0.0,0.0,0.0,0.0
1781710830.9530358,1,0.0,False,1.1210387714598537e-42,0.0,100.0,False,0.0006558806944667595,False,0.0,0.0,0.0,0.0,0.0,0.0,0.0,0.0,0.0,0.0,0.0,0.0,0.0,0.0,0.0,0.0,0.0,0.0,0.0,0.0,0.0,0.0,0.0,0.0,0.45536184310913086,0.5446382164955139,0.08134029805660248,0.9186597466468811,0.0,0.0,0.0,0.0,0.0,0.0,0.0,0.0,0.0,0.0,0.0,0.0,0.0,0.0,0.0,0.0,0.0,0.0
1781710831.6462789,1,0.0,False,5.605193857299268e-43,0.0,100.0,False,0.001076138960343087,False,0.0,0.0,0.0,0.0,0.0,0.0,0.0,0.0,0.0,0.0,0.0,0.0,0.0,0.0,0.0,0.0,0.0,0.0,0.0,0.0,0.0,0.0,0.0,0.0,0.33937206864356995,0.6606279015541077,0.10457129031419754,0.8954287171363831,0.0,0.0,0.0,0.0,0.0,0.0,0.0,0.0,0.0,0.0,0.0,0.0,0.0,0.0,0.0,0.0,0.0,0.0
1781710832.3339794,0,0.0,False,7.006492321624085e-43,0.0,100.0,False,0.005864425475010648,False,0.0,0.0,0.0,0.0,0.0,0.0,0.0,0.0,0.0,0.0,0.0,0.0,0.0,0.0,0.0,0.0,0.0,0.0,0.0,0.0,0.0,0.0,0.0,0.0,0.019576333463191986,0.9804236888885498,0.21126195788383484,0.7887380719184875,0.0,0.0,0.0,0.0,0.0,0.0,0.0,0.0,0.0,0.0,0.0,0.0,0.0,0.0,0.0,0.0,0.0,0.0
1781710833.004999,1,0.0,False,0.0,0.0,100.0,False,0.0009421157301403582,False,0.0,0.0,0.0,0.0,0.0,0.0,0.0,0.0,0.0,0.0,0.0,0.0,0.0,0.0,0.0,0.0,0.0,0.0,0.0,0.0,0.0,0.0,0.0,0.0,0.0,0.0,0.11304076761007309,0.8869592547416687,0.0,0.0,0.0,0.0,0.0,0.0,0.0,0.0,0.0,0.0,0.0,0.0,0.0,0.0,0.0,0.0,0.0,0.0
1781710833.6664064,0,0.0,False,0.0,0.0,100.0,False,0.0033032945793820545,False,0.0,0.0,0.0,0.0,0.0,0.0,0.0,0.0,0.0,0.0,0.0,0.0,0.0,0.0,0.0,0.0,0.0,0.0,0.0,0.0,0.0,0.0,0.0,0.0,0.020177030935883522,0.9798229336738586,0.44909369945526123,0.5509063005447388,0.0,0.0,0.0,0.0,0.0,0.0,0.0,0.0,0.0,0.0,0.0,0.0,0.0,0.0,0.0,0.0,0.0,0.0
1781710834.9331417,0,0.0,False,2.151371493323962e-38,1.9197788961249994e-41,100.0,False,0.0003584021442293306,False,0.0,0.0,0.0,0.0,0.0,0.0,0.0,0.0,0.0,0.0,0.0,0.0,0.0,0.0,0.0,0.0,0.0,0.0,0.0,0.0,0.0,0.0,0.0,0.0,0.2750473618507385,0.7249526381492615,0.08765657246112823,0.9123433828353882,0.0,0.0,0.0,0.0,0.0,0.0,0.0,0.0,0.0,0.0,0.0,0.0,0.0,0.0,0.0,0.0,0.0,0.0
1781710835.731921,1,4.3478260869565215,True,9.141370532022944e-39,7.987401246651457e-42,100.0,False,99.99997615814209,True,0.0,0.0,0.0,0.0,0.0,0.0,0.0,0.0,0.0,0.0,0.0,0.0,0.0,0.0,0.0,0.0,0.0,0.0,0.0,0.0,0.0,0.0,0.0,0.0,0.8709133863449097,0.1290866583585739,0.45498088002204895,0.5450191497802734,0.0,0.0,0.0,0.0,0.0,0.0,0.0,0.0,0.0,0.0,0.0,0.0,0.0,0.0,0.0,0.0,0.0,0.0
1781710836.6941183,1,0.0,False,9.462548140046192e-39,7.847271400218976e-42,100.0,False,5.645913461194141e-05,False,0.0,0.0,0.0,0.0,0.0,0.0,0.0,0.0,0.0,0.0,0.0,0.0,0.0,0.0,0.0,0.0,0.0,0.0,0.0,0.0,0.0,0.0,0.0,0.0,0.36748918890953064,0.6325108408927917,0.3628181517124176,0.6371818780899048,0.0,0.0,0.0,0.0,0.0,0.0,0.0,0.0,0.0,0.0,0.0,0.0,0.0,0.0,0.0,0.0,0.0,0.0
1781710837.6068099,1,4.3478260869565215,True,2.5910008605365868e-40,1.401298464324817e-43,100.0,False,99.9998927116394,True,0.0,0.0,0.0,0.0,0.0,0.0,0.0,0.0,0.0,0.0,0.0,0.0,0.0,0.0,0.0,0.0,0.0,0.0,0.0,0.0,0.0,0.0,0.0,0.0,0.3048914074897766,0.6951085925102234,0.9228192567825317,0.07718075811862946,0.0,0.0,0.0,0.0,0.0,0.0,0.0,0.0,0.0,0.0,0.0,0.0,0.0,0.0,0.0,0.0,0.0,0.0
1781710838.5771606,0,4.3478260869565215,True,2.905941457250941e-35,4.581012835693546e-38,100.0,False,99.99990463256836,True,0.0,0.0,0.0,0.0,0.0,0.0,0.0,0.0,0.0,0.0,0.0,0.0,0.0,0.0,0.0,0.0,0.0,0.0,0.0,0.0,0.0,0.0,0.0,0.0,0.5273619294166565,0.4726380407810211,0.03559870645403862,0.9644012451171875,0.0,0.0,0.0,0.0,0.0,0.0,0.0,0.0,0.0,0.0,0.0,0.0,0.0,0.0,0.0,0.0,0.0,0.0
1781710839.4500334,1,8.695652173913043,True,4.203895392974451e-42,0.0,100.0,False,99.9987006187439,True,0.0,0.0,0.0,0.0,0.0,0.0,0.0,0.0,0.0,0.0,0.0,0.0,0.0,0.0,0.0,0.0,0.0,0.0,0.0,0.0,0.0,0.0,0.0,0.0,0.9999998807907104,1.3419820277249528e-07,0.6533886790275574,0.34661129117012024,0.0,0.0,0.0,0.0,0.0,0.0,0.0,0.0,0.0,0.0,0.0,0.0,0.0,0.0,0.0,0.0,0.0,0.0
1781710840.1233852,1,4.3478260869565215,True,1.3048891299792697e-39,9.80908925027372e-43,100.0,False,99.55381155014038,True,0.0,0.0,0.0,0.0,0.0,0.0,0.0,0.0,0.0,0.0,0.0,0.0,0.0,0.0,0.0,0.0,0.0,0.0,0.0,0.0,0.0,0.0,0.0,0.0,0.9036849141120911,0.09631504118442535,0.18368859589099884,0.8163114190101624,0.0,0.0,0.0,0.0,0.0,0.0,0.0,0.0,0.0,0.0,0.0,0.0,0.0,0.0,0.0,0.0,0.0,0.0
1781710840.795131,0,0.0,False,3.6668982032666808e-37,4.17446812522363e-40,100.0,False,0.009735713683767244,False,0.0,0.0,0.0,0.0,0.0,0.0,0.0,0.0,0.0,0.0,0.0,0.0,0.0,0.0,0.0,0.0,0.0,0.0,0.0,0.0,0.0,0.0,0.0,0.0,0.07388670742511749,0.9261132478713989,0.0,0.0,0.0,0.0,0.0,0.0,0.0,0.0,0.0,0.0,0.0,0.0,0.0,0.0,0.0,0.0,0.0,0.0,0.0,0.0
1781710841.456669,0,0.0,False,3.4589651293393785e-39,2.802596928649634e-42,100.0,False,9.103400202548073e-05,False,0.0,0.0,0.0,0.0,0.0,0.0,0.0,0.0,0.0,0.0,0.0,0.0,0.0,0.0,0.0,0.0,0.0,0.0,0.0,0.0,0.0,0.0,0.0,0.0,0.1799612045288086,0.8200387954711914,0.0,0.0,0.0,0.0,0.0,0.0,0.0,0.0,0.0,0.0,0.0,0.0,0.0,0.0,0.0,0.0,0.0,0.0,0.0,0.0
1781710842.1968145,0,0.0,False,4.259947331547444e-41,0.0,100.0,False,0.0061526916397269815,False,0.0,0.0,0.0,0.0,0.0,0.0,0.0,0.0,0.0,0.0,0.0,0.0,0.0,0.0,0.0,0.0,0.0,0.0,0.0,0.0,0.0,0.0,0.0,0.0,0.13717776536941528,0.8628222346305847,0.0,0.0,0.0,0.0,0.0,0.0,0.0,0.0,0.0,0.0,0.0,0.0,0.0,0.0,0.0,0.0,0.0,0.0,0.0,0.0
1781710842.992251,1,4.3478260869565215,True,3.349383589429178e-39,3.0828566215145976e-42,100.0,False,99.95284080505371,True,0.0,0.0,0.0,0.0,0.0,0.0,0.0,0.0,0.0,0.0,0.0,0.0,0.0,0.0,0.0,0.0,0.0,0.0,0.0,0.0,0.0,0.0,0.0,0.0,0.628392219543457,0.37160778045654297,0.0,0.0,0.0,0.0,0.0,0.0,0.0,0.0,0.0,0.0,0.0,0.0,0.0,0.0,0.0,0.0,0.0,0.0,0.0,0.0
1781710843.685816,0,0.0,False,7.006492321624085e-43,0.0,100.0,False,0.00236236573982751,False,0.0,0.0,0.0,0.0,0.0,0.0,0.0,0.0,0.0,0.0,0.0,0.0,0.0,0.0,0.0,0.0,0.0,0.0,0.0,0.0,0.0,0.0,0.0,0.0,0.0,0.0,0.0,0.0,0.0,0.0,0.0,0.0,0.0,0.0,0.0,0.0,0.0,0.0,0.0,0.0,0.0,0.0,0.0,0.0,0.0,0.0
1781710844.3571203,0,0.0,False,0.0,0.0,100.0,False,0.33850420732051134,False,0.0,0.0,0.0,0.0,0.0,0.0,0.0,0.0,0.0,0.0,0.0,0.0,0.0,0.0,0.0,0.0,0.0,0.0,0.0,0.0,0.0,0.0,0.0,0.0,0.039595041424036026,0.9604049324989319,0.0,0.0,0.0,0.0,0.0,0.0,0.0,0.0,0.0,0.0,0.0,0.0,0.0,0.0,0.0,0.0,0.0,0.0,0.0,0.0
1781710845.0084157,1,0.0,False,4.203895392974451e-43,0.0,100.0,False,0.007568568253191188,False,0.0,0.0,0.0,0.0,0.0,0.0,0.0,0.0,0.0,0.0,0.0,0.0,0.0,0.0,0.0,0.0,0.0,0.0,0.0,0.0,0.0,0.0,0.0,0.0,0.46939021348953247,0.5306097865104675,0.0,0.0,0.0,0.0,0.0,0.0,0.0,0.0,0.0,0.0,0.0,0.0,0.0,0.0,0.0,0.0,0.0,0.0,0.0,0.0
1781710845.6631258,0,0.0,False,1.401298464324817e-43,0.0,100.0,False,0.00011004328825947596,False,0.0,0.0,0.0,0.0,0.0,0.0,0.0,0.0,0.0,0.0,0.0,0.0,0.0,0.0,0.0,0.0,0.0,0.0,0.0,0.0,0.0,0.0,0.0,0.0,0.07446570694446564,0.9255343079566956,0.0,0.0,0.0,0.0,0.0,0.0,0.0,0.0,0.0,0.0,0.0,0.0,0.0,0.0,0.0,0.0,0.0,0.0,0.0,0.0
1781710846.314564,1,0.0,False,2.4088320601743605e-40,1.401298464324817e-43,100.0,False,0.00017865816062112572,False,0.0,0.0,0.0,0.0,0.0,0.0,0.0,0.0,0.0,0.0,0.0,0.0,0.0,0.0,0.0,0.0,0.0,0.0,0.0,0.0,0.0,0.0,0.4243904650211334,0.5756095051765442,0.3992686867713928,0.6007313132286072,0.0,0.0,0.0,0.0,0.0,0.0,0.0,0.0,0.0,0.0,0.0,0.0,0.0,0.0,0.0,0.0,0.0,0.0,0.0,0.0
1781710847.0002193,0,0.0,False,0.0,0.0,100.0,False,0.00333053212671075,False,0.0,0.0,0.0,0.0,0.0,0.0,0.0,0.0,0.0,0.0,0.0,0.0,0.0,0.0,0.0,0.0,0.0,0.0,0.0,0.0,0.0,0.0,0.013135407119989395,0.9868646264076233,0.051164623349905014,0.9488353729248047,0.0,0.0,0.0,0.0,0.0,0.0,0.0,0.0,0.0,0.0,0.0,0.0,0.0,0.0,0.0,0.0,0.0,0.0,0.0,0.0
1781710847.6628506,1,0.0,False,0.0,0.0,100.0,False,0.0017067925000446849,False,0.0,0.0,0.0,0.0,0.0,0.0,0.0,0.0,0.0,0.0,0.0,0.0,0.0,0.0,0.0,0.0,0.0,0.0,0.0,0.0,0.0,0.0,0.18610364198684692,0.8138964176177979,0.08429057896137238,0.9157094359397888,0.0,0.0,0.0,0.0,0.0,0.0,0.0,0.0,0.0,0.0,0.0,0.0,0.0,0.0,0.0,0.0,0.0,0.0,0.0,0.0
1781710848.3006332,1,0.0,False,0.0,0.0,100.0,False,0.0844838737975806,False,0.0,0.0,0.0,0.0,0.0,0.0,0.0,0.0,0.0,0.0,0.0,0.0,0.0,0.0,0.0,0.0,0.0,0.0,0.0,0.0,0.0,0.0,0.1704837530851364,0.8295162320137024,0.16141973435878754,0.838580310344696,0.0,0.0,0.0,0.0,0.0,0.0,0.0,0.0,0.0,0.0,0.0,0.0,0.0,0.0,0.0,0.0,0.0,0.0,0.0,0.0
1781710848.9419622,0,0.0,False,9.80908925027372e-43,0.0,100.0,False,0.051389425061643124,False,0.0,0.0,0.0,0.0,0.0,0.0,0.0,0.0,0.0,0.0,0.0,0.0,0.0,0.0,0.0,0.0,0.0,0.0,0.0,0.0,0.0,0.0,0.0,0.0,0.14946629106998444,0.8505337238311768,0.0,0.0,0.0,0.0,0.0,0.0,0.0,0.0,0.0,0.0,0.0,0.0,0.0,0.0,0.0,0.0,0.0,0.0,0.0,0.0
1781710849.7724874,0,0.0,False,1.401298464324817e-43,0.0,100.0,False,0.011841589002870023,False,0.0,0.0,0.0,0.0,0.0,0.0,0.0,0.0,0.0,0.0,0.0,0.0,0.0,0.0,0.0,0.0,0.0,0.0,0.0,0.0,0.0,0.0,0.0,0.0,0.06224377825856209,0.9377561807632446,0.0,0.0,0.0,0.0,0.0,0.0,0.0,0.0,0.0,0.0,0.0,0.0,0.0,0.0,0.0,0.0,0.0,0.0,0.0,0.0
1781710850.6274297,1,0.0,False,8.407790785948902e-43,0.0,100.0,False,0.09458109852857888,False,0.0,0.0,0.0,0.0,0.0,0.0,0.0,0.0,0.0,0.0,0.0,0.0,0.0,0.0,0.0,0.0,0.0,0.0,0.0,0.0,0.0,0.0,0.0,0.0,0.1023620218038559,0.8976379632949829,0.0,0.0,0.0,0.0,0.0,0.0,0.0,0.0,0.0,0.0,0.0,0.0,0.0,0.0,0.0,0.0,0.0,0.0,0.0,0.0
1781710851.5729077,0,0.0,False,2.802596928649634e-43,0.0,100.0,False,0.0008767323379288428,False,0.0,0.0,0.0,0.0,0.0,0.0,0.0,0.0,0.0,0.0,0.0,0.0,0.0,0.0,0.0,0.0,0.0,0.0,0.0,0.0,0.0,0.0,0.06810986250638962,0.9318901896476746,0.12025967985391617,0.879740297794342,0.0,0.0,0.0,0.0,0.0,0.0,0.0,0.0,0.0,0.0,0.0,0.0,0.0,0.0,0.0,0.0,0.0,0.0,0.0,0.0
1781710852.5949574,0,0.0,False,4.623304023346869e-39,4.6242849322718963e-42,100.0,False,9.854205700321472e-05,False,0.0,0.0,0.0,0.0,0.0,0.0,0.0,0.0,0.0,0.0,0.0,0.0,0.0,0.0,0.0,0.0,0.0,0.0,0.0,0.0,0.0,0.0,0.07338720560073853,0.9266127943992615,0.11655501276254654,0.8834450244903564,0.0,0.0,0.0,0.0,0.0,0.0,0.0,0.0,0.0,0.0,0.0,0.0,0.0,0.0,0.0,0.0,0.0,0.0,0.0,0.0
1781710853.4140263,0,0.0,False,4.123881250661504e-39,3.363116314379561e-42,100.0,False,2.288372513703507e-05,False,0.0,0.0,0.0,0.0,0.0,0.0,0.0,0.0,0.0,0.0,0.0,0.0,0.0,0.0,0.0,0.0,0.0,0.0,0.0,0.0,0.0,0.0,0.08903041481971741,0.910969614982605,0.09184199571609497,0.908158004283905,0.0,0.0,0.0,0.0,0.0,0.0,0.0,0.0,0.0,0.0,0.0,0.0,0.0,0.0,0.0,0.0,0.0,0.0,0.0,0.0
1781710854.1157172,0,0.0,False,4.203895392974451e-43,0.0,100.0,False,0.020312676497269422,False,0.0,0.0,0.0,0.0,0.0,0.0,0.0,0.0,0.0,0.0,0.0,0.0,0.0,0.0,0.0,0.0,0.0,0.0,0.0,0.0,0.0,0.0,0.06004656106233597,0.9399534463882446,0.0,0.0,0.0,0.0,0.0,0.0,0.0,0.0,0.0,0.0,0.0,0.0,0.0,0.0,0.0,0.0,0.0,0.0,0.0,0.0,0.0,0.0
1781710854.753668,1,4.3478260869565215,True,1.3220830621365352e-38,1.1070257868166055e-41,100.0,False,99.99996423721313,True,0.0,0.0,0.0,0.0,0.0,0.0,0.0,0.0,0.0,0.0,0.0,0.0,0.0,0.0,0.0,0.0,0.0,0.0,0.0,0.0,0.0,0.0,0.8957306742668152,0.1042693629860878,0.0,0.0,0.0,0.0,0.0,0.0,0.0,0.0,0.0,0.0,0.0,0.0,0.0,0.0,0.0,0.0,0.0,0.0,0.0,0.0,0.0,0.0
1781710855.4138544,0,4.3478260869565215,True,0.0,0.0,100.0,False,99.9998927116394,True,0.0,0.0,0.0,0.0,0.0,0.0,0.0,0.0,0.0,0.0,0.0,0.0,0.0,0.0,0.0,0.0,0.0,0.0,0.0,0.0,0.0,0.0,0.6044722199440002,0.39552780985832214,0.03253225237131119,0.967467725276947,0.0,0.0,0.0,0.0,0.0,0.0,0.0,0.0,0.0,0.0,0.0,0.0,0.0,0.0,0.0,0.0,0.0,0.0,0.0,0.0
1781710856.0885205,0,0.0,False,0.0,0.0,100.0,False,0.00497490145789925,False,0.0,0.0,0.0,0.0,0.0,0.0,0.0,0.0,0.0,0.0,0.0,0.0,0.0,0.0,0.0,0.0,0.0,0.0,0.0,0.0,0.0,0.0,0.13098134100437164,0.8690186738967896,0.31548207998275757,0.6845179200172424,0.0,0.0,0.0,0.0,0.0,0.0,0.0,0.0,0.0,0.0,0.0,0.0,0.0,0.0,0.0,0.0,0.0,0.0,0.0,0.0
1781710857.4672027,1,8.695652173913043,True,9.80908925027372e-43,0.0,100.0,False,99.99533891677856,True,0.0,0.0,0.0,0.0,0.0,0.0,0.0,0.0,0.0,0.0,0.0,0.0,0.0,0.0,0.0,0.0,0.0,0.0,0.0,0.0,0.0,0.0,0.6538870930671692,0.3461128771305084,0.9157845973968506,0.0842154249548912,0.0,0.0,0.0,0.0,0.0,0.0,0.0,0.0,0.0,0.0,0.0,0.0,0.0,0.0,0.0,0.0,0.0,0.0,0.0,0.0
1781710858.1414042,0,0.0,False,5.605193857299268e-43,0.0,100.0,False,0.000743490954846493,False,0.0,0.0,0.0,0.0,0.0,0.0,0.0,0.0,0.0,0.0,0.0,0.0,0.0,0.0,0.0,0.0,0.0,0.0,0.0,0.0,0.0,0.0,0.0,0.0,0.028345340862870216,0.9716547131538391,0.0,0.0,0.0,0.0,0.0,0.0,0.0,0.0,0.0,0.0,0.0,0.0,0.0,0.0,0.0,0.0,0.0,0.0,0.0,0.0
1781710858.8256295,1,0.0,False,1.401298464324817e-43,0.0,100.0,False,0.010455773735884577,False,0.0,0.0,0.0,0.0,0.0,0.0,0.0,0.0,0.0,0.0,0.0,0.0,0.0,0.0,0.0,0.0,0.0,0.0,0.0,0.0,0.0,0.0,0.0,0.0,0.10975785553455353,0.8902422189712524,0.0,0.0,0.0,0.0,0.0,0.0,0.0,0.0,0.0,0.0,0.0,0.0,0.0,0.0,0.0,0.0,0.0,0.0,0.0,0.0
1781710859.4952836,1,0.0,False,1.401298464324817e-43,0.0,100.0,False,9.103400202548073e-05,False,0.0,0.0,0.0,0.0,0.0,0.0,0.0,0.0,0.0,0.0,0.0,0.0,0.0,0.0,0.0,0.0,0.0,0.0,0.0,0.0,0.0,0.0,0.0,0.0,0.16098858416080475,0.8390114307403564,0.0,0.0,0.0,0.0,0.0,0.0,0.0,0.0,0.0,0.0,0.0,0.0,0.0,0.0,0.0,0.0,0.0,0.0,0.0,0.0
1781710860.1923437,0,0.0,False,2.802596928649634e-43,0.0,100.0,False,0.022971337602939457,False,0.0,0.0,0.0,0.0,0.0,0.0,0.0,0.0,0.0,0.0,0.0,0.0,0.0,0.0,0.0,0.0,0.0,0.0,0.0,0.0,0.0,0.0,0.0,0.0,0.027328021824359894,0.9726719856262207,0.0,0.0,0.0,0.0,0.0,0.0,0.0,0.0,0.0,0.0,0.0,0.0,0.0,0.0,0.0,0.0,0.0,0.0,0.0,0.0
1781710860.851536,0,0.0,False,5.605193857299268e-43,0.0,100.0,False,4.686039289936161e-06,False,0.0,0.0,0.0,0.0,0.0,0.0,0.0,0.0,0.0,0.0,0.0,0.0,0.0,0.0,0.0,0.0,0.0,0.0,0.0,0.0,0.0,0.0,0.0,0.0,0.07796754688024521,0.9220324754714966,0.0,0.0,0.0,0.0,0.0,0.0,0.0,0.0,0.0,0.0,0.0,0.0,0.0,0.0,0.0,0.0,0.0,0.0,0.0,0.0
1781710861.5087874,1,0.0,False,1.8167834589971253e-39,1.5414283107572988e-42,100.0,False,0.00333053212671075,False,0.0,0.0,0.0,0.0,0.0,0.0,0.0,0.0,0.0,0.0,0.0,0.0,0.0,0.0,0.0,0.0,0.0,0.0,0.0,0.0,0.0,0.0,0.0,0.0,0.21102984249591827,0.7889701128005981,0.49840816855430603,0.5015918612480164,0.0,0.0,0.0,0.0,0.0,0.0,0.0,0.0,0.0,0.0,0.0,0.0,0.0,0.0,0.0,0.0,0.0,0.0
1781710862.1959105,1,8.695652173913043,True,1.555441295400547e-41,0.0,100.0,False,99.99426603317261,True,0.0,0.0,0.0,0.0,0.0,0.0,0.0,0.0,0.0,0.0,0.0,0.0,0.0,0.0,0.0,0.0,0.0,0.0,0.0,0.0,0.0,0.0,0.0,0.0,0.9915277361869812,0.008472335524857044,0.648453950881958,0.3515460789203644,0.0,0.0,0.0,0.0,0.0,0.0,0.0,0.0,0.0,0.0,0.0,0.0,0.0,0.0,0.0,0.0,0.0,0.0
1781710862.9281445,0,0.0,False,1.5414283107572988e-42,0.0,100.0,False,5.5037344282027334e-05,False,0.0,0.0,0.0,0.0,0.0,0.0,0.0,0.0,0.0,0.0,0.0,0.0,0.0,0.0,0.0,0.0,0.0,0.0,0.0,0.0,0.0,0.0,0.0,0.0,0.11742915958166122,0.8825708031654358,0.030902445316314697,0.9690975546836853,0.0,0.0,0.0,0.0,0.0,0.0,0.0,0.0,0.0,0.0,0.0,0.0,0.0,0.0,0.0,0.0,0.0,0.0
1781710863.8308895,1,0.0,False,0.0,0.0,100.0,False,0.004579970482154749,False,0.0,0.0,0.0,0.0,0.0,0.0,0.0,0.0,0.0,0.0,0.0,0.0,0.0,0.0,0.0,0.0,0.0,0.0,0.0,0.0,0.0,0.0,0.0,0.0,0.4457949101924896,0.5542051196098328,0.04226739704608917,0.9577325582504272,0.0,0.0,0.0,0.0,0.0,0.0,0.0,0.0,0.0,0.0,0.0,0.0,0.0,0.0,0.0,0.0,0.0,0.0
1781710864.7015383,0,0.0,False,3.163152424818874e-36,4.336177968006714e-39,100.0,False,0.00011004328825947596,False,0.0,0.0,0.0,0.0,0.0,0.0,0.0,0.0,0.0,0.0,0.0,0.0,0.0,0.0,0.0,0.0,0.0,0.0,0.0,0.0,0.0,0.0,0.0,0.0,0.25358015298843384,0.7464198470115662,0.08494891971349716,0.9150510430335999,0.043473340570926666,0.9565266966819763,0.0,0.0,0.0,0.0,0.0,0.0,0.0,0.0,0.0,0.0,0.0,0.0,0.0,0.0,0.0,0.0
1781710865.6865416,1,8.695652173913043,True,3.17954621555301e-40,2.802596928649634e-43,100.0,False,87.3445212841034,True,0.0,0.0,0.0,0.0,0.0,0.0,0.0,0.0,0.0,0.0,0.0,0.0,0.0,0.0,0.0,0.0,0.0,0.0,0.0,0.0,0.0,0.0,0.0,0.0,0.22003492712974548,0.7799651026725769,0.6628630757331848,0.3371369540691376,0.7070238590240479,0.29297614097595215,0.0,0.0,0.0,0.0,0.0,0.0,0.0,0.0,0.0,0.0,0.0,0.0,0.0,0.0,0.0,0.0
1781710866.6209922,0,0.0,False,1.0089348943138683e-41,0.0,100.0,False,0.0008767323379288428,False,0.0,0.0,0.0,0.0,0.0,0.0,0.0,0.0,0.0,0.0,0.0,0.0,0.0,0.0,0.0,0.0,0.0,0.0,0.0,0.0,0.0,0.0,0.0,0.0,0.04700249433517456,0.9529975056648254,0.05868576839566231,0.941314160823822,0.07690614461898804,0.923093855381012,0.0,0.0,0.0,0.0,0.0,0.0,0.0,0.0,0.0,0.0,0.0,0.0,0.0,0.0,0.0,0.0
1781710867.3899798,0,0.0,False,1.533063960223744e-37,1.6213023232238134e-40,100.0,False,0.006882329034851864,False,0.0,0.0,0.0,0.0,0.0,0.0,0.0,0.0,0.0,0.0,0.0,0.0,0.0,0.0,0.0,0.0,0.0,0.0,0.0,0.0,0.0,0.0,0.0,0.0,0.12770484387874603,0.8722952008247375,0.06539513170719147,0.9346048831939697,0.0,0.0,0.0,0.0,0.0,0.0,0.0,0.0,0.0,0.0,0.0,0.0,0.0,0.0,0.0,0.0,0.0,0.0
1781710868.073863,0,0.0,False,1.401298464324817e-43,0.0,100.0,False,7.902583547547692e-05,False,0.0,0.0,0.0,0.0,0.0,0.0,0.0,0.0,0.0,0.0,0.0,0.0,0.0,0.0,0.0,0.0,0.0,0.0,0.0,0.0,0.0,0.0,0.0,0.0,0.11763602495193481,0.8823639750480652,0.028564754873514175,0.9714353084564209,0.0,0.0,0.0,0.0,0.0,0.0,0.0,0.0,0.0,0.0,0.0,0.0,0.0,0.0,0.0,0.0,0.0,0.0
1781710868.7546613,0,0.0,False,1.3452465257518244e-41,0.0,100.0,False,0.0004898391125607304,False,0.0,0.0,0.0,0.0,0.0,0.0,0.0,0.0,0.0,0.0,0.0,0.0,0.0,0.0,0.0,0.0,0.0,0.0,0.0,0.0,0.0,0.0,0.022186139598488808,0.9778138399124146,0.06052985042333603,0.9394701719284058,0.08978474885225296,0.9102153182029724,0.0,0.0,0.0,0.0,0.0,0.0,0.0,0.0,0.0,0.0,0.0,0.0,0.0,0.0,0.0,0.0,0.0,0.0
1781710869.4087853,1,8.695652173913043,True,9.178504941327552e-41,0.0,100.0,False,99.99995231628418,True,0.0,0.0,0.0,0.0,0.0,0.0,0.0,0.0,0.0,0.0,0.0,0.0,0.0,0.0,0.0,0.0,0.0,0.0,0.0,0.0,0.0,0.0,0.053276557475328445,0.946723461151123,0.9999997615814209,2.1013788398249744e-07,0.8457081317901611,0.15429186820983887,0.0,0.0,0.0,0.0,0.0,0.0,0.0,0.0,0.0,0.0,0.0,0.0,0.0,0.0,0.0,0.0,0.0,0.0
1781710870.0794802,1,8.695652173913043,True,3.3210773604498165e-41,0.0,100.0,False,99.99995231628418,True,0.0,0.0,0.0,0.0,0.0,0.0,0.0,0.0,0.0,0.0,0.0,0.0,0.0,0.0,0.0,0.0,0.0,0.0,0.0,0.0,0.0,0.0,0.0,0.0,0.9976934790611267,0.002306450391188264,0.9889029860496521,0.011096946895122528,0.0,0.0,0.0,0.0,0.0,0.0,0.0,0.0,0.0,0.0,0.0,0.0,0.0,0.0,0.0,0.0,0.0,0.0
1781710870.756127,1,8.695652173913043,True,5.868637968592334e-40,4.203895392974451e-43,100.0,False,99.99992847442627,True,0.0,0.0,0.0,0.0,0.0,0.0,0.0,0.0,0.0,0.0,0.0,0.0,0.0,0.0,0.0,0.0,0.0,0.0,0.0,0.0,0.0,0.0,0.0,0.0,0.9219083189964294,0.07809172570705414,0.9312220811843872,0.06877793371677399,0.0,0.0,0.0,0.0,0.0,0.0,0.0,0.0,0.0,0.0,0.0,0.0,0.0,0.0,0.0,0.0,0.0,0.0
1781710871.4410222,1,8.695652173913043,True,3.5032461608120427e-42,0.0,100.0,False,99.99574422836304,True,0.0,0.0,0.0,0.0,0.0,0.0,0.0,0.0,0.0,0.0,0.0,0.0,0.0,0.0,0.0,0.0,0.0,0.0,0.0,0.0,0.0,0.0,0.0,0.0,0.5153824090957642,0.48461759090423584,0.5432267785072327,0.4567732512950897,0.0,0.0,0.0,0.0,0.0,0.0,0.0,0.0,0.0,0.0,0.0,0.0,0.0,0.0,0.0,0.0,0.0,0.0
1781710872.1313672,1,0.0,False,9.790872370237497e-40,7.006492321624085e-43,100.0,False,0.0034459513699403033,False,0.0,0.0,0.0,0.0,0.0,0.0,0.0,0.0,0.0,0.0,0.0,0.0,0.0,0.0,0.0,0.0,0.0,0.0,0.0,0.0,0.0,0.0,0.0,0.0,0.04155300185084343,0.9584469795227051,0.2085740566253662,0.791425883769989,0.0,0.0,0.0,0.0,0.0,0.0,0.0,0.0,0.0,0.0,0.0,0.0,0.0,0.0,0.0,0.0,0.0,0.0
1781710872.8068492,1,4.3478260869565215,True,6.011570411953465e-41,0.0,100.0,False,99.99533891677856,True,0.0,0.0,0.0,0.0,0.0,0.0,0.0,0.0,0.0,0.0,0.0,0.0,0.0,0.0,0.0,0.0,0.0,0.0,0.0,0.0,0.0,0.0,0.0,0.0,0.13026852905750275,0.8697314858436584,0.742864727973938,0.257135272026062,0.0,0.0,0.0,0.0,0.0,0.0,0.0,0.0,0.0,0.0,0.0,0.0,0.0,0.0,0.0,0.0,0.0,0.0
1781710873.4863613,1,0.0,False,1.401298464324817e-43,0.0,100.0,False,0.009018693526741117,False,0.0,0.0,0.0,0.0,0.0,0.0,0.0,0.0,0.0,0.0,0.0,0.0,0.0,0.0,0.0,0.0,0.0,0.0,0.0,0.0,0.0,0.0,0.0,0.0,0.0,0.0,0.20621442794799805,0.7937855124473572,0.0,0.0,0.0,0.0,0.0,0.0,0.0,0.0,0.0,0.0,0.0,0.0,0.0,0.0,0.0,0.0,0.0,0.0
1781710874.1649399,0,0.0,False,1.401298464324817e-43,0.0,100.0,False,0.0033032945793820545,False,0.0,0.0,0.0,0.0,0.0,0.0,0.0,0.0,0.0,0.0,0.0,0.0,0.0,0.0,0.0,0.0,0.0,0.0,0.0,0.0,0.0,0.0,0.0,0.0,0.0,0.0,0.0,0.0,0.0,0.0,0.0,0.0,0.0,0.0,0.0,0.0,0.0,0.0,0.0,0.0,0.0,0.0,0.0,0.0,0.0,0.0
1781710874.8368576,1,0.0,False,9.80908925027372e-43,0.0,100.0,False,0.001503142721048789,False,0.0,0.0,0.0,0.0,0.0,0.0,0.0,0.0,0.0,0.0,0.0,0.0,0.0,0.0,0.0,0.0,0.0,0.0,0.0,0.0,0.0,0.0,0.0,0.0,0.0,0.0,0.0,0.0,0.0,0.0,0.0,0.0,0.0,0.0,0.0,0.0,0.0,0.0,0.0,0.0,0.0,0.0,0.0,0.0,0.0,0.0
1781710875.4977543,1,0.0,False,1.401298464324817e-43,0.0,100.0,False,0.00031495158054895,False,0.0,0.0,0.0,0.0,0.0,0.0,0.0,0.0,0.0,0.0,0.0,0.0,0.0,0.0,0.0,0.0,0.0,0.0,0.0,0.0,0.0,0.0,0.0,0.0,0.0,0.0,0.0,0.0,0.0,0.0,0.0,0.0,0.0,0.0,0.0,0.0,0.0,0.0,0.0,0.0,0.0,0.0,0.0,0.0,0.0,0.0
1781710876.16309,0,0.0,False,1.8216880036222622e-42,0.0,100.0,False,0.36122784949839115,False,0.0,0.0,0.0,0.0,0.0,0.0,0.0,0.0,0.0,0.0,0.0,0.0,0.0,0.0,0.0,0.0,0.0,0.0,0.0,0.0,0.0,0.0,0.0,0.0,0.0,0.0,0.0,0.0,0.0,0.0,0.0,0.0,0.0,0.0,0.0,0.0,0.0,0.0,0.0,0.0,0.0,0.0,0.0,0.0,0.0,0.0
1781710876.8308108,1,0.0,False,5.605193857299268e-43,0.0,100.0,False,0.01678153785178438,False,0.0,0.0,0.0,0.0,0.0,0.0,0.0,0.0,0.0,0.0,0.0,0.0,0.0,0.0,0.0,0.0,0.0,0.0,0.0,0.0,0.0,0.0,0.0,0.0,0.0,0.0,0.4005538523197174,0.5994461178779602,0.0,0.0,0.0,0.0,0.0,0.0,0.0,0.0,0.0,0.0,0.0,0.0,0.0,0.0,0.0,0.0,0.0,0.0
1781710877.6927311,1,0.0,False,7.006492321624085e-43,0.0,100.0,False,0.01059469796018675,False,0.0,0.0,0.0,0.0,0.0,0.0,0.0,0.0,0.0,0.0,0.0,0.0,0.0,0.0,0.0,0.0,0.0,0.0,0.0,0.0,0.0,0.0,0.0,0.0,0.0,0.0,0.32476431131362915,0.6752357482910156,0.0,0.0,0.0,0.0,0.0,0.0,0.0,0.0,0.0,0.0,0.0,0.0,0.0,0.0,0.0,0.0,0.0,0.0
1781710878.645528,1,0.0,False,5.605193857299268e-43,0.0,100.0,False,0.06072274409234524,False,0.0,0.0,0.0,0.0,0.0,0.0,0.0,0.0,0.0,0.0,0.0,0.0,0.0,0.0,0.0,0.0,0.0,0.0,0.0,0.0,0.0,0.0,0.0,0.0,0.0,0.0,0.0,0.0,0.0,0.0,0.0,0.0,0.0,0.0,0.0,0.0,0.0,0.0,0.0,0.0,0.0,0.0,0.0,0.0,0.0,0.0
1781710879.596844,1,4.3478260869565215,True,0.0,0.0,100.0,False,100.0,True,0.0,0.0,0.0,0.0,0.0,0.0,0.0,0.0,0.0,0.0,0.0,0.0,0.0,0.0,0.0,0.0,0.0,0.0,0.0,0.0,0.0,0.0,0.0,0.0,0.0,0.0,0.898349404335022,0.10165061056613922,0.0,0.0,0.0,0.0,0.0,0.0,0.0,0.0,0.0,0.0,0.0,0.0,0.0,0.0,0.0,0.0,0.0,0.0
1781710880.4850385,0,0.0,False,0.0,0.0,100.0,False,0.028879582532681525,False,0.0,0.0,0.0,0.0,0.0,0.0,0.0,0.0,0.0,0.0,0.0,0.0,0.0,0.0,0.0,0.0,0.0,0.0,0.0,0.0,0.0,0.0,0.0,0.0,0.0,0.0,0.058761823922395706,0.9412381649017334,0.0,0.0,0.0,0.0,0.0,0.0,0.0,0.0,0.0,0.0,0.0,0.0,0.0,0.0,0.0,0.0,0.0,0.0
1781710881.2572725,1,8.695652173913043,True,5.885453550164232e-42,0.0,100.0,False,99.99927282333374,True,0.0,0.0,0.0,0.0,0.0,0.0,0.0,0.0,0.0,0.0,0.0,0.0,0.0,0.0,0.0,0.0,0.0,0.0,0.0,0.0,0.0,0.0,0.0,0.0,0.9752202033996582,0.02477983757853508,0.617935299873352,0.38206472992897034,0.0,0.0,0.0,0.0,0.0,0.0,0.0,0.0,0.0,0.0,0.0,0.0,0.0,0.0,0.0,0.0,0.0,0.0
1781710881.9238133,0,0.0,False,8.196615107375152e-39,7.146622168056567e-42,100.0,False,0.03067140933126211,False,0.0,0.0,0.0,0.0,0.0,0.0,0.0,0.0,0.0,0.0,0.0,0.0,0.0,0.0,0.0,0.0,0.0,0.0,0.0,0.0,0.0,0.0,0.0,0.0,0.04687436670064926,0.9531255960464478,0.14581280946731567,0.8541872501373291,0.0,0.0,0.0,0.0,0.0,0.0,0.0,0.0,0.0,0.0,0.0,0.0,0.0,0.0,0.0,0.0,0.0,0.0
1781710882.598905,1,8.695652173913043,True,1.975830834697992e-40,1.401298464324817e-43,100.0,False,100.0,True,0.0,0.0,0.0,0.0,0.0,0.0,0.0,0.0,0.0,0.0,0.0,0.0,0.0,0.0,0.0,0.0,0.0,0.0,0.0,0.0,0.0,0.0,0.0,0.0,0.31001758575439453,0.6899824142456055,0.885811448097229,0.11418849229812622,0.6285279989242554,0.37147200107574463,0.0,0.0,0.0,0.0,0.0,0.0,0.0,0.0,0.0,0.0,0.0,0.0,0.0,0.0,0.0,0.0
1781710884.1667087,0,0.0,False,2.802596928649634e-43,0.0,100.0,False,0.0022529970010509714,False,0.0,0.0,0.0,0.0,0.0,0.0,0.0,0.0,0.0,0.0,0.0,0.0,0.0,0.0,0.0,0.0,0.0,0.0,0.0,0.0,0.0,0.0,0.0,0.0,0.0,0.0,0.2850848138332367,0.7149152159690857,0.10415609180927277,0.8958439230918884,0.0,0.0,0.0,0.0,0.0,0.0,0.0,0.0,0.0,0.0,0.0,0.0,0.0,0.0,0.0,0.0
1781710884.8483214,0,0.0,False,4.203895392974451e-43,0.0,100.0,False,0.10239449329674244,False,0.0,0.0,0.0,0.0,0.0,0.0,0.0,0.0,0.0,0.0,0.0,0.0,0.0,0.0,0.0,0.0,0.0,0.0,0.0,0.0,0.0,0.0,0.0,0.0,0.0,0.0,0.03350576013326645,0.9664943218231201,0.09774209558963776,0.9022578597068787,0.0,0.0,0.0,0.0,0.0,0.0,0.0,0.0,0.0,0.0,0.0,0.0,0.0,0.0,0.0,0.0
1781711093.7308013,1,4.3478260869565215,True,2.802596928649634e-43,0.0,100.0,False,99.9998688697815,True,0.0,0.0,0.0,0.0,0.0,0.0,0.0,0.0,0.0,0.0,0.0,0.0,0.0,0.0,0.0,0.0,0.0,0.0,0.0,0.0,0.0,0.0,0.0,0.0,0.0,0.0,0.795704185962677,0.20429575443267822,0.0,0.0,0.0,0.0,0.0,0.0,0.0,0.0,0.0,0.0,0.0,0.0,0.0,0.0,0.0,0.0,0.0,0.0
1781711094.4493015,1,4.3478260869565215,True,4.203895392974451e-43,0.0,100.0,False,99.99964237213135,True,0.0,0.0,0.0,0.0,0.0,0.0,0.0,0.0,0.0,0.0,0.0,0.0,0.0,0.0,0.0,0.0,0.0,0.0,0.0,0.0,0.0,0.0,0.0,0.0,0.7824855446815491,0.21751448512077332,0.35107672214508057,0.6489232778549194,0.0,0.0,0.0,0.0,0.0,0.0,0.0,0.0,0.0,0.0,0.0,0.0,0.0,0.0,0.0,0.0,0.0,0.0
1781711095.1391659,1,4.3478260869565215,True,4.4348994448183973e-38,4.119817485114962e-41,100.0,False,99.99566078186035,True,0.0,0.0,0.0,0.0,0.0,0.0,0.0,0.0,0.0,0.0,0.0,0.0,0.0,0.0,0.0,0.0,0.0,0.0,0.0,0.0,0.0,0.0,0.0,0.0,0.9765764474868774,0.023423556238412857,0.3802672326564789,0.6197327375411987,0.0,0.0,0.0,0.0,0.0,0.0,0.0,0.0,0.0,0.0,0.0,0.0,0.0,0.0,0.0,0.0,0.0,0.0
1781711095.8328624,0,0.0,False,1.4769802402015804e-35,2.2599300853552055e-38,100.0,False,0.00017865816062112572,False,0.0,0.0,0.0,0.0,0.0,0.0,0.0,0.0,0.0,0.0,0.0,0.0,0.0,0.0,0.0,0.0,0.0,0.0,0.0,0.0,0.0,0.0,0.053868357092142105,0.946131706237793,0.14113983511924744,0.858860194683075,0.026064377278089523,0.9739356637001038,0.0,0.0,0.0,0.0,0.0,0.0,0.0,0.0,0.0,0.0,0.0,0.0,0.0,0.0,0.0,0.0,0.0,0.0
1781711096.502909,0,0.0,False,4.8488738397461634e-36,6.307945037158164e-39,100.0,False,0.0005698732365999604,False,0.0,0.0,0.0,0.0,0.0,0.0,0.0,0.0,0.0,0.0,0.0,0.0,0.0,0.0,0.0,0.0,0.0,0.0,0.0,0.0,0.0,0.0,0.3364681303501129,0.6635318398475647,0.10482557117938995,0.8951744437217712,0.037605565041303635,0.9623944163322449,0.0,0.0,0.0,0.0,0.0,0.0,0.0,0.0,0.0,0.0,0.0,0.0,0.0,0.0,0.0,0.0,0.0,0.0
1781711097.2116864,0,0.0,False,1.6225634918417057e-39,1.2611686178923354e-42,100.0,False,0.010402032785350457,False,0.0,0.0,0.0,0.0,0.0,0.0,0.0,0.0,0.0,0.0,0.0,0.0,0.0,0.0,0.0,0.0,0.0,0.0,0.0,0.0,0.0,0.0,0.0,0.0,0.2947990596294403,0.7052009701728821,0.01816854439675808,0.9818314909934998,0.0,0.0,0.0,0.0,0.0,0.0,0.0,0.0,0.0,0.0,0.0,0.0,0.0,0.0,0.0,0.0,0.0,0.0
1781711097.8795965,1,8.695652173913043,True,1.2717764472672742e-38,1.1070257868166055e-41,100.0,False,99.87854361534119,True,0.0,0.0,0.0,0.0,0.0,0.0,0.0,0.0,0.0,0.0,0.0,0.0,0.0,0.0,0.0,0.0,0.0,0.0,0.0,0.0,0.0,0.0,0.0,0.0,0.6742091178894043,0.3257908523082733,0.7489750981330872,0.25102487206459045,0.0,0.0,0.0,0.0,0.0,0.0,0.0,0.0,0.0,0.0,0.0,0.0,0.0,0.0,0.0,0.0,0.0,0.0
1781711098.54694,0,0.0,False,1.401298464324817e-42,0.0,100.0,False,0.029043538961559534,False,0.0,0.0,0.0,0.0,0.0,0.0,0.0,0.0,0.0,0.0,0.0,0.0,0.0,0.0,0.0,0.0,0.0,0.0,0.0,0.0,0.0,0.0,0.0,0.0,0.0,0.0,0.09434206783771515,0.905657947063446,0.0,0.0,0.0,0.0,0.0,0.0,0.0,0.0,0.0,0.0,0.0,0.0,0.0,0.0,0.0,0.0,0.0,0.0
1781711099.2241228,0,0.0,False,4.021726592612225e-41,0.0,100.0,False,0.0010708307854656596,False,0.0,0.0,0.0,0.0,0.0,0.0,0.0,0.0,0.0,0.0,0.0,0.0,0.0,0.0,0.0,0.0,0.0,0.0,0.0,0.0,0.0,0.0,0.0,0.0,0.0765376091003418,0.923462450504303,0.02531328797340393,0.9746866822242737,0.0548396110534668,0.945160448551178,0.0,0.0,0.0,0.0,0.0,0.0,0.0,0.0,0.0,0.0,0.0,0.0,0.0,0.0,0.0,0.0
1781711099.8894818,1,4.3478260869565215,True,4.1324291712938855e-40,2.802596928649634e-43,100.0,False,99.99992847442627,True,0.0,0.0,0.0,0.0,0.0,0.0,0.0,0.0,0.0,0.0,0.0,0.0,0.0,0.0,0.0,0.0,0.0,0.0,0.0,0.0,0.0,0.0,0.0,0.0,0.16845951974391937,0.8315405249595642,1.0,3.482852450886753e-09,0.2166970819234848,0.783302903175354,0.0,0.0,0.0,0.0,0.0,0.0,0.0,0.0,0.0,0.0,0.0,0.0,0.0,0.0,0.0,0.0
1781711100.6035337,0,0.0,False,9.406356071626767e-39,8.127531093083939e-42,100.0,False,0.0533614307641983,False,0.0,0.0,0.0,0.0,0.0,0.0,0.0,0.0,0.0,0.0,0.0,0.0,0.0,0.0,0.0,0.0,0.0,0.0,0.0,0.0,0.0,0.0,0.0,0.0,0.027309903874993324,0.9726901054382324,0.07472218573093414,0.9252777695655823,0.20302501320838928,0.7969749569892883,0.0,0.0,0.0,0.0,0.0,0.0,0.0,0.0,0.0,0.0,0.0,0.0,0.0,0.0,0.0,0.0
1781711101.4958563,0,0.0,False,2.138675729237179e-38,1.8637269575520067e-41,100.0,False,0.004525397525867447,False,0.0,0.0,0.0,0.0,0.0,0.0,0.0,0.0,0.0,0.0,0.0,0.0,0.0,0.0,0.0,0.0,0.0,0.0,0.0,0.0,0.0,0.0,0.0,0.0,0.20944632589817047,0.7905536890029907,0.030544977635145187,0.9694550037384033,0.0,0.0,0.0,0.0,0.0,0.0,0.0,0.0,0.0,0.0,0.0,0.0,0.0,0.0,0.0,0.0,0.0,0.0
1781711102.3427255,1,4.3478260869565215,True,3.10387609847947e-40,2.802596928649634e-43,100.0,False,99.00423288345337,True,0.0,0.0,0.0,0.0,0.0,0.0,0.0,0.0,0.0,0.0,0.0,0.0,0.0,0.0,0.0,0.0,0.0,0.0,0.0,0.0,0.0,0.0,0.0,0.0,0.9887274503707886,0.011272517964243889,0.06662740558385849,0.9333726167678833,0.0,0.0,0.0,0.0,0.0,0.0,0.0,0.0,0.0,0.0,0.0,0.0,0.0,0.0,0.0,0.0,0.0,0.0
1781711103.3298476,0,0.0,False,2.2404352211195186e-37,2.4480684171754554e-40,100.0,False,0.0049226120609091595,False,0.0,0.0,0.0,0.0,0.0,0.0,0.0,0.0,0.0,0.0,0.0,0.0,0.0,0.0,0.0,0.0,0.0,0.0,0.0,0.0,0.0,0.0,0.0,0.0,0.14531056582927704,0.8546894788742065,0.1611555963754654,0.838844358921051,0.0,0.0,0.0,0.0,0.0,0.0,0.0,0.0,0.0,0.0,0.0,0.0,0.0,0.0,0.0,0.0,0.0,0.0
1781711104.3598642,1,4.3478260869565215,True,1.385884181217244e-40,1.401298464324817e-43,100.0,False,99.99774694442749,True,0.0,0.0,0.0,0.0,0.0,0.0,0.0,0.0,0.0,0.0,0.0,0.0,0.0,0.0,0.0,0.0,0.0,0.0,0.0,0.0,0.0,0.0,0.0,0.0,0.33726441860198975,0.662735641002655,0.8843836784362793,0.1156163439154625,0.0,0.0,0.0,0.0,0.0,0.0,0.0,0.0,0.0,0.0,0.0,0.0,0.0,0.0,0.0,0.0,0.0,0.0
1781711105.0845985,1,4.3478260869565215,True,1.0025169473472606e-38,8.127531093083939e-42,100.0,False,99.99979734420776,True,0.0,0.0,0.0,0.0,0.0,0.0,0.0,0.0,0.0,0.0,0.0,0.0,0.0,0.0,0.0,0.0,0.0,0.0,0.0,0.0,0.0,0.0,0.0,0.0,0.039725642651319504,0.960274338722229,0.9597659707069397,0.04023405537009239,0.0,0.0,0.0,0.0,0.0,0.0,0.0,0.0,0.0,0.0,0.0,0.0,0.0,0.0,0.0,0.0,0.0,0.0
1781711105.7854662,0,0.0,False,0.0,0.0,100.0,False,0.01011225176625885,False,0.0,0.0,0.0,0.0,0.0,0.0,0.0,0.0,0.0,0.0,0.0,0.0,0.0,0.0,0.0,0.0,0.0,0.0,0.0,0.0,0.0,0.0,0.0,0.0,0.0,0.0,0.042393431067466736,0.9576066136360168,0.10694432258605957,0.8930556774139404,0.0,0.0,0.0,0.0,0.0,0.0,0.0,0.0,0.0,0.0,0.0,0.0,0.0,0.0,0.0,0.0
1781711106.4895916,0,0.0,False,4.855078789346194e-39,4.344025239406933e-42,100.0,False,0.0034459513699403033,False,0.0,0.0,0.0,0.0,0.0,0.0,0.0,0.0,0.0,0.0,0.0,0.0,0.0,0.0,0.0,0.0,0.0,0.0,0.0,0.0,0.0,0.0,0.0,0.0,0.0,0.0,0.035462331026792526,0.9645376205444336,0.048138104379177094,0.9518619775772095,0.0,0.0,0.0,0.0,0.0,0.0,0.0,0.0,0.0,0.0,0.0,0.0,0.0,0.0,0.0,0.0
1781711107.1573076,0,0.0,False,4.8861876152542046e-39,3.923635700109488e-42,100.0,False,0.002458995732013136,False,0.0,0.0,0.0,0.0,0.0,0.0,0.0,0.0,0.0,0.0,0.0,0.0,0.0,0.0,0.0,0.0,0.0,0.0,0.0,0.0,0.0,0.0,0.0,0.0,0.0,0.0,0.122352734208107,0.8776472806930542,0.06346249580383301,0.9365375638008118,0.0,0.0,0.0,0.0,0.0,0.0,0.0,0.0,0.0,0.0,0.0,0.0,0.0,0.0,0.0,0.0
1781711107.8242178,1,4.3478260869565215,True,7.006492321624085e-43,0.0,100.0,False,99.99426603317261,True,0.0,0.0,0.0,0.0,0.0,0.0,0.0,0.0,0.0,0.0,0.0,0.0,0.0,0.0,0.0,0.0,0.0,0.0,0.0,0.0,0.0,0.0,0.0,0.0,0.0,0.0,0.09952319413423538,0.9004768133163452,0.5877137184143066,0.41228625178337097,0.0,0.0,0.0,0.0,0.0,0.0,0.0,0.0,0.0,0.0,0.0,0.0,0.0,0.0,0.0,0.0
1781711108.5049653,1,0.0,False,5.605193857299268e-43,0.0,100.0,False,0.012145048094680533,False,0.0,0.0,0.0,0.0,0.0,0.0,0.0,0.0,0.0,0.0,0.0,0.0,0.0,0.0,0.0,0.0,0.0,0.0,0.0,0.0,0.0,0.0,0.0,0.0,0.0,0.0,0.17912951111793518,0.8208705186843872,0.13831518590450287,0.8616847395896912,0.0,0.0,0.0,0.0,0.0,0.0,0.0,0.0,0.0,0.0,0.0,0.0,0.0,0.0,0.0,0.0
1781711109.1910746,0,0.0,False,1.401298464324817e-43,0.0,100.0,False,0.09458109852857888,False,0.0,0.0,0.0,0.0,0.0,0.0,0.0,0.0,0.0,0.0,0.0,0.0,0.0,0.0,0.0,0.0,0.0,0.0,0.0,0.0,0.0,0.0,0.0,0.0,0.0,0.0,0.4598718285560608,0.5401281118392944,0.15342563390731812,0.8465743660926819,0.0,0.0,0.0,0.0,0.0,0.0,0.0,0.0,0.0,0.0,0.0,0.0,0.0,0.0,0.0,0.0
1781711109.8790526,1,4.3478260869565215,True,4.105804500471714e-40,2.802596928649634e-43,100.0,False,99.9998688697815,True,0.0,0.0,0.0,0.0,0.0,0.0,0.0,0.0,0.0,0.0,0.0,0.0,0.0,0.0,0.0,0.0,0.0,0.0,0.0,0.0,0.0,0.0,0.0,0.0,0.0,0.0,0.435899019241333,0.564100980758667,0.9208751320838928,0.0791248232126236,0.24705027043819427,0.7529497146606445,0.0,0.0,0.0,0.0,0.0,0.0,0.0,0.0,0.0,0.0,0.0,0.0,0.0,0.0
1781711110.5714076,0,0.0,False,2.0711191302720796e-40,1.401298464324817e-43,100.0,False,6.209396588019445e-05,False,0.0,0.0,0.0,0.0,0.0,0.0,0.0,0.0,0.0,0.0,0.0,0.0,0.0,0.0,0.0,0.0,0.0,0.0,0.0,0.0,0.0,0.0,0.0,0.0,0.0,0.0,0.02166477032005787,0.9783352017402649,0.22592473030090332,0.7740752696990967,0.19047661125659943,0.8095234036445618,0.0,0.0,0.0,0.0,0.0,0.0,0.0,0.0,0.0,0.0,0.0,0.0,0.0,0.0
1781711111.2518415,1,4.3478260869565215,True,1.401298464324817e-43,0.0,100.0,False,99.98260140419006,True,0.0,0.0,0.0,0.0,0.0,0.0,0.0,0.0,0.0,0.0,0.0,0.0,0.0,0.0,0.0,0.0,0.0,0.0,0.0,0.0,0.0,0.0,0.0,0.0,0.0,0.0,0.5808781385421753,0.41912180185317993,0.23641179502010345,0.7635881900787354,0.0,0.0,0.0,0.0,0.0,0.0,0.0,0.0,0.0,0.0,0.0,0.0,0.0,0.0,0.0,0.0
1781711111.9269576,1,0.0,False,3.363116314379561e-42,0.0,100.0,False,0.000743490954846493,False,0.0,0.0,0.0,0.0,0.0,0.0,0.0,0.0,0.0,0.0,0.0,0.0,0.0,0.0,0.0,0.0,0.0,0.0,0.0,0.0,0.0,0.0,0.0,0.0,0.0,0.0,0.03804523125290871,0.9619547128677368,0.15602795779705048,0.8439720869064331,0.0,0.0,0.0,0.0,0.0,0.0,0.0,0.0,0.0,0.0,0.0,0.0,0.0,0.0,0.0,0.0
1781711112.6418886,0,0.0,False,0.0,0.0,100.0,False,0.0003638320094978553,False,0.0,0.0,0.0,0.0,0.0,0.0,0.0,0.0,0.0,0.0,0.0,0.0,0.0,0.0,0.0,0.0,0.0,0.0,0.0,0.0,0.0,0.0,0.0,0.0,0.0,0.0,0.017324868589639664,0.9826750755310059,0.04998224601149559,0.9500176906585693,0.0,0.0,0.0,0.0,0.0,0.0,0.0,0.0,0.0,0.0,0.0,0.0,0.0,0.0,0.0,0.0
1781711113.3251574,1,4.3478260869565215,True,2.0016147264415687e-39,1.961817850054744e-42,100.0,False,99.9998927116394,True,0.0,0.0,0.0,0.0,0.0,0.0,0.0,0.0,0.0,0.0,0.0,0.0,0.0,0.0,0.0,0.0,0.0,0.0,0.0,0.0,0.0,0.0,0.0,0.0,0.0,0.0,0.741266667842865,0.2587333619594574,0.27505627274513245,0.7249436974525452,0.0,0.0,0.0,0.0,0.0,0.0,0.0,0.0,0.0,0.0,0.0,0.0,0.0,0.0,0.0,0.0
1781711114.0319822,0,0.0,False,7.677293896496375e-39,6.445972935894159e-42,100.0,False,0.002458995732013136,False,0.0,0.0,0.0,0.0,0.0,0.0,0.0,0.0,0.0,0.0,0.0,0.0,0.0,0.0,0.0,0.0,0.0,0.0,0.0,0.0,0.0,0.0,0.0,0.0,0.0,0.0,0.07591208815574646,0.9240879416465759,0.045692697167396545,0.9543072581291199,0.0,0.0,0.0,0.0,0.0,0.0,0.0,0.0,0.0,0.0,0.0,0.0,0.0,0.0,0.0,0.0
1781711114.876297,1,0.0,False,0.0,0.0,100.0,False,0.00236236573982751,False,0.0,0.0,0.0,0.0,0.0,0.0,0.0,0.0,0.0,0.0,0.0,0.0,0.0,0.0,0.0,0.0,0.0,0.0,0.0,0.0,0.0,0.0,0.0,0.0,0.0,0.0,0.43789178133010864,0.5621082782745361,0.43359658122062683,0.5664034485816956,0.0,0.0,0.0,0.0,0.0,0.0,0.0,0.0,0.0,0.0,0.0,0.0,0.0,0.0,0.0,0.0
1781711115.9086423,0,0.0,False,2.129973665773722e-41,0.0,100.0,False,0.009735713683767244,False,0.0,0.0,0.0,0.0,0.0,0.0,0.0,0.0,0.0,0.0,0.0,0.0,0.0,0.0,0.0,0.0,0.0,0.0,0.0,0.0,0.0,0.0,0.0,0.0,0.1332274228334427,0.8667725920677185,0.03547082468867302,0.9645292162895203,0.0,0.0,0.0,0.0,0.0,0.0,0.0,0.0,0.0,0.0,0.0,0.0,0.0,0.0,0.0,0.0,0.0,0.0
1781711116.891331,0,8.695652173913043,True,1.9478048654114957e-41,0.0,100.0,False,99.99767541885376,True,0.0,0.0,0.0,0.0,0.0,0.0,0.0,0.0,0.0,0.0,0.0,0.0,0.0,0.0,0.0,0.0,0.0,0.0,0.0,0.0,0.0,0.0,0.0,0.0,0.6253904104232788,0.3746096193790436,0.5685548782348633,0.43144509196281433,0.053738996386528015,0.9462610483169556,0.0,0.0,0.0,0.0,0.0,0.0,0.0,0.0,0.0,0.0,0.0,0.0,0.0,0.0,0.0,0.0
1781711117.8939414,1,8.695652173913043,True,5.2064896919969426e-36,7.377275895284432e-39,100.0,False,99.99988079071045,True,0.0,0.0,0.0,0.0,0.0,0.0,0.0,0.0,0.0,0.0,0.0,0.0,0.0,0.0,0.0,0.0,0.0,0.0,0.0,0.0,0.0,0.0,0.0,0.0,0.4854518473148346,0.5145481824874878,0.9999781847000122,2.1761408788734116e-05,0.8335379362106323,0.16646212339401245,0.0,0.0,0.0,0.0,0.0,0.0,0.0,0.0,0.0,0.0,0.0,0.0,0.0,0.0,0.0,0.0
1781711118.7812555,0,0.0,False,6.218962584673538e-40,4.203895392974451e-43,100.0,False,0.008799585339147598,False,0.0,0.0,0.0,0.0,0.0,0.0,0.0,0.0,0.0,0.0,0.0,0.0,0.0,0.0,0.0,0.0,0.0,0.0,0.0,0.0,0.0,0.0,0.0,0.0,0.09901437908411026,0.9009856581687927,0.2542762756347656,0.7457237839698792,0.0,0.0,0.0,0.0,0.0,0.0,0.0,0.0,0.0,0.0,0.0,0.0,0.0,0.0,0.0,0.0,0.0,0.0
1781711119.4912763,1,0.0,False,2.1428656116455103e-39,1.5414283107572988e-42,100.0,False,0.0003029553454325651,False,0.0,0.0,0.0,0.0,0.0,0.0,0.0,0.0,0.0,0.0,0.0,0.0,0.0,0.0,0.0,0.0,0.0,0.0,0.0,0.0,0.0,0.0,0.0,0.0,0.29305538535118103,0.7069446444511414,0.20965629816055298,0.7903437614440918,0.0,0.0,0.0,0.0,0.0,0.0,0.0,0.0,0.0,0.0,0.0,0.0,0.0,0.0,0.0,0.0,0.0,0.0
1781711120.1679704,0,0.0,False,1.1210387714598537e-42,0.0,100.0,False,0.006510169623652473,False,0.0,0.0,0.0,0.0,0.0,0.0,0.0,0.0,0.0,0.0,0.0,0.0,0.0,0.0,0.0,0.0,0.0,0.0,0.0,0.0,0.0,0.0,0.0,0.0,0.035950735211372375,0.964049220085144,0.0,0.0,0.0,0.0,0.0,0.0,0.0,0.0,0.0,0.0,0.0,0.0,0.0,0.0,0.0,0.0,0.0,0.0,0.0,0.0
1781711120.8505213,0,0.0,False,5.605193857299268e-43,0.0,100.0,False,0.005864425475010648,False,0.0,0.0,0.0,0.0,0.0,0.0,0.0,0.0,0.0,0.0,0.0,0.0,0.0,0.0,0.0,0.0,0.0,0.0,0.0,0.0,0.0,0.0,0.0,0.0,0.05030306056141853,0.9496968984603882,0.0,0.0,0.0,0.0,0.0,0.0,0.0,0.0,0.0,0.0,0.0,0.0,0.0,0.0,0.0,0.0,0.0,0.0,0.0,0.0
1781711121.535919,1,0.0,False,1.401298464324817e-43,0.0,100.0,False,0.002299128937011119,False,0.0,0.0,0.0,0.0,0.0,0.0,0.0,0.0,0.0,0.0,0.0,0.0,0.0,0.0,0.0,0.0,0.0,0.0,0.0,0.0,0.0,0.0,0.0,0.0,0.1276462823152542,0.8723536729812622,0.0,0.0,0.0,0.0,0.0,0.0,0.0,0.0,0.0,0.0,0.0,0.0,0.0,0.0,0.0,0.0,0.0,0.0,0.0,0.0
1781711122.251975,1,0.0,False,5.605193857299268e-43,0.0,100.0,False,9.103400202548073e-05,False,0.0,0.0,0.0,0.0,0.0,0.0,0.0,0.0,0.0,0.0,0.0,0.0,0.0,0.0,0.0,0.0,0.0,0.0,0.0,0.0,0.0,0.0,0.0,0.0,0.27123215794563293,0.7287678718566895,0.0,0.0,0.0,0.0,0.0,0.0,0.0,0.0,0.0,0.0,0.0,0.0,0.0,0.0,0.0,0.0,0.0,0.0,0.0,0.0
1781711122.9053154,1,0.0,False,1.401298464324817e-43,0.0,100.0,False,0.25261417031288147,False,0.0,0.0,0.0,0.0,0.0,0.0,0.0,0.0,0.0,0.0,0.0,0.0,0.0,0.0,0.0,0.0,0.0,0.0,0.0,0.0,0.0,0.0,0.0,0.0,0.10572610795497894,0.8942738771438599,0.0,0.0,0.0,0.0,0.0,0.0,0.0,0.0,0.0,0.0,0.0,0.0,0.0,0.0,0.0,0.0,0.0,0.0,0.0,0.0
1781711123.6089783,1,0.0,False,2.942726775082116e-42,0.0,100.0,False,0.0019903623979189433,False,0.0,0.0,0.0,0.0,0.0,0.0,0.0,0.0,0.0,0.0,0.0,0.0,0.0,0.0,0.0,0.0,0.0,0.0,0.0,0.0,0.0,0.0,0.0,0.0,0.0,0.0,0.0,0.0,0.0,0.0,0.0,0.0,0.0,0.0,0.0,0.0,0.0,0.0,0.0,0.0,0.0,0.0,0.0,0.0,0.0,0.0
1781711126.0521438,1,0.0,False,1.401298464324817e-43,0.0,100.0,False,0.00304768473142758,False,0.0,0.0,0.0,0.0,0.0,0.0,0.0,0.0,0.0,0.0,0.0,0.0,0.0,0.0,0.0,0.0,0.0,0.0,0.0,0.0,0.0,0.0,0.0,0.0,0.0,0.0,0.0,0.0,0.0,0.0,0.0,0.0,0.0,0.0,0.0,0.0,0.0,0.0,0.0,0.0,0.0,0.0,0.0,0.0,0.0,0.0
1781711126.721552,1,0.0,False,7.006492321624085e-43,0.0,100.0,False,0.001503142721048789,False,0.0,0.0,0.0,0.0,0.0,0.0,0.0,0.0,0.0,0.0,0.0,0.0,0.0,0.0,0.0,0.0,0.0,0.0,0.0,0.0,0.0,0.0,0.0,0.0,0.0,0.0,0.0,0.0,0.0,0.0,0.0,0.0,0.0,0.0,0.0,0.0,0.0,0.0,0.0,0.0,0.0,0.0,0.0,0.0,0.0,0.0
1781711127.4000828,0,0.0,False,4.203895392974451e-43,0.0,100.0,False,7.51659456454945e-05,False,0.0,0.0,0.0,0.0,0.0,0.0,0.0,0.0,0.0,0.0,0.0,0.0,0.0,0.0,0.0,0.0,0.0,0.0,0.0,0.0,0.0,0.0,0.0,0.0,0.0,0.0,0.0,0.0,0.0,0.0,0.0,0.0,0.0,0.0,0.0,0.0,0.0,0.0,0.0,0.0,0.0,0.0,0.0,0.0,0.0,0.0
1781711128.0494676,1,0.0,False,1.401298464324817e-43,0.0,100.0,False,0.1193658565171063,False,0.0,0.0,0.0,0.0,0.0,0.0,0.0,0.0,0.0,0.0,0.0,0.0,0.0,0.0,0.0,0.0,0.0,0.0,0.0,0.0,0.0,0.0,0.0,0.0,0.0,0.0,0.0,0.0,0.0,0.0,0.0,0.0,0.0,0.0,0.0,0.0,0.0,0.0,0.0,0.0,0.0,0.0,0.0,0.0,0.0,0.0
1781711128.7972353,1,0.0,False,0.0,0.0,100.0,False,0.07899326155893505,False,0.0,0.0,0.0,0.0,0.0,0.0,0.0,0.0,0.0,0.0,0.0,0.0,0.0,0.0,0.0,0.0,0.0,0.0,0.0,0.0,0.0,0.0,0.0,0.0,0.12490415573120117,0.875095784664154,0.0,0.0,0.0,0.0,0.0,0.0,0.0,0.0,0.0,0.0,0.0,0.0,0.0,0.0,0.0,0.0,0.0,0.0,0.0,0.0
1781711129.7360406,0,0.0,False,5.324934164434305e-42,0.0,100.0,False,0.0009434653293283191,False,0.0,0.0,0.0,0.0,0.0,0.0,0.0,0.0,0.0,0.0,0.0,0.0,0.0,0.0,0.0,0.0,0.0,0.0,0.0,0.0,0.0,0.0,0.0,0.0,0.45257842540740967,0.5474215745925903,0.0,0.0,0.0,0.0,0.0,0.0,0.0,0.0,0.0,0.0,0.0,0.0,0.0,0.0,0.0,0.0,0.0,0.0,0.0,0.0
1781711130.642769,0,0.0,False,1.6815581571897805e-42,0.0,100.0,False,0.025966428802348673,False,0.0,0.0,0.0,0.0,0.0,0.0,0.0,0.0,0.0,0.0,0.0,0.0,0.0,0.0,0.0,0.0,0.0,0.0,0.0,0.0,0.0,0.0,0.0,0.0,0.22006945312023163,0.779930591583252,0.0,0.0,0.0,0.0,0.0,0.0,0.0,0.0,0.0,0.0,0.0,0.0,0.0,0.0,0.0,0.0,0.0,0.0,0.0,0.0
1781711131.5694656,1,0.0,False,1.401298464324817e-42,0.0,100.0,False,0.005564790262724273,False,0.0,0.0,0.0,0.0,0.0,0.0,0.0,0.0,0.0,0.0,0.0,0.0,0.0,0.0,0.0,0.0,0.0,0.0,0.0,0.0,0.0,0.0,0.0,0.0,0.0,0.0,0.0,0.0,0.0,0.0,0.0,0.0,0.0,0.0,0.0,0.0,0.0,0.0,0.0,0.0,0.0,0.0,0.0,0.0,0.0,0.0
1781711132.4800303,0,0.0,False,4.203895392974451e-43,0.0,100.0,False,0.01732566161081195,False,0.0,0.0,0.0,0.0,0.0,0.0,0.0,0.0,0.0,0.0,0.0,0.0,0.0,0.0,0.0,0.0,0.0,0.0,0.0,0.0,0.0,0.0,0.0,0.0,0.0,0.0,0.0,0.0,0.0,0.0,0.0,0.0,0.0,0.0,0.0,0.0,0.0,0.0,0.0,0.0,0.0,0.0,0.0,0.0,0.0,0.0
1781711133.1305013,0,0.0,False,2.802596928649634e-43,0.0,100.0,False,0.00031495158054895,False,0.0,0.0,0.0,0.0,0.0,0.0,0.0,0.0,0.0,0.0,0.0,0.0,0.0,0.0,0.0,0.0,0.0,0.0,0.0,0.0,0.0,0.0,0.0,0.0,0.0,0.0,0.0,0.0,0.0,0.0,0.0,0.0,0.0,0.0,0.0,0.0,0.0,0.0,0.0,0.0,0.0,0.0,0.0,0.0,0.0,0.0
1781711133.7710102,1,0.0,False,4.90454462513686e-42,0.0,100.0,False,0.006653113086940721,False,0.0,0.0,0.0,0.0,0.0,0.0,0.0,0.0,0.0,0.0,0.0,0.0,0.0,0.0,0.0,0.0,0.0,0.0,0.0,0.0,0.0,0.0,0.0,0.0,0.0,0.0,0.0,0.0,0.0,0.0,0.0,0.0,0.0,0.0,0.0,0.0,0.0,0.0,0.0,0.0,0.0,0.0,0.0,0.0,0.0,0.0
1781711134.4136925,0,0.0,False,1.401298464324817e-42,0.0,100.0,False,0.0059093188610859215,False,0.0,0.0,0.0,0.0,0.0,0.0,0.0,0.0,0.0,0.0,0.0,0.0,0.0,0.0,0.0,0.0,0.0,0.0,0.0,0.0,0.0,0.0,0.0,0.0,0.0,0.0,0.0,0.0,0.0,0.0,0.0,0.0,0.0,0.0,0.0,0.0,0.0,0.0,0.0,0.0,0.0,0.0,0.0,0.0,0.0,0.0
1781711135.0619144,0,0.0,False,1.401298464324817e-43,0.0,100.0,False,4.917957880934409e-05,False,0.0,0.0,0.0,0.0,0.0,0.0,0.0,0.0,0.0,0.0,0.0,0.0,0.0,0.0,0.0,0.0,0.0,0.0,0.0,0.0,0.0,0.0,0.0,0.0,0.0,0.0,0.0,0.0,0.0,0.0,0.0,0.0,0.0,0.0,0.0,0.0,0.0,0.0,0.0,0.0,0.0,0.0,0.0,0.0,0.0,0.0
1781711135.7365735,0,0.0,False,1.1210387714598537e-42,0.0,100.0,False,0.0061526916397269815,False,0.0,0.0,0.0,0.0,0.0,0.0,0.0,0.0,0.0,0.0,0.0,0.0,0.0,0.0,0.0,0.0,0.0,0.0,0.0,0.0,0.0,0.0,0.0,0.0,0.0,0.0,0.0,0.0,0.0,0.0,0.0,0.0,0.0,0.0,0.0,0.0,0.0,0.0,0.0,0.0,0.0,0.0,0.0,0.0,0.0,0.0
1781711136.3894684,1,0.0,False,8.407790785948902e-43,0.0,100.0,False,0.006365037552313879,False,0.0,0.0,0.0,0.0,0.0,0.0,0.0,0.0,0.0,0.0,0.0,0.0,0.0,0.0,0.0,0.0,0.0,0.0,0.0,0.0,0.0,0.0,0.0,0.0,0.0,0.0,0.0,0.0,0.0,0.0,0.0,0.0,0.0,0.0,0.0,0.0,0.0,0.0,0.0,0.0,0.0,0.0,0.0,0.0,0.0,0.0
1781711137.0420763,0,0.0,False,1.6815581571897805e-42,0.0,100.0,False,4.039329426497318e-08,False,0.0,0.0,0.0,0.0,0.0,0.0,0.0,0.0,0.0,0.0,0.0,0.0,0.0,0.0,0.0,0.0,0.0,0.0,0.0,0.0,0.0,0.0,0.0,0.0,0.0,0.0,0.0,0.0,0.0,0.0,0.0,0.0,0.0,0.0,0.0,0.0,0.0,0.0,0.0,0.0,0.0,0.0,0.0,0.0,0.0,0.0
1781711137.7083917,1,0.0,False,5.605193857299268e-43,0.0,100.0,False,7.902583547547692e-05,False,0.0,0.0,0.0,0.0,0.0,0.0,0.0,0.0,0.0,0.0,0.0,0.0,0.0,0.0,0.0,0.0,0.0,0.0,0.0,0.0,0.0,0.0,0.0,0.0,0.0,0.0,0.0,0.0,0.0,0.0,0.0,0.0,0.0,0.0,0.0,0.0,0.0,0.0,0.0,0.0,0.0,0.0,0.0,0.0,0.0,0.0
1781711138.34601,1,0.0,False,5.605193857299268e-43,0.0,100.0,False,0.0003638320094978553,False,0.0,0.0,0.0,0.0,0.0,0.0,0.0,0.0,0.0,0.0,0.0,0.0,0.0,0.0,0.0,0.0,0.0,0.0,0.0,0.0,0.0,0.0,0.0,0.0,0.0,0.0,0.0,0.0,0.0,0.0,0.0,0.0,0.0,0.0,0.0,0.0,0.0,0.0,0.0,0.0,0.0,0.0,0.0,0.0,0.0,0.0
1781711138.9890077,1,4.3478260869565215,True,0.0,0.0,100.0,False,99.00423288345337,True,0.0,0.0,0.0,0.0,0.0,0.0,0.0,0.0,0.0,0.0,0.0,0.0,0.0,0.0,0.0,0.0,0.0,0.0,0.0,0.0,0.0,0.0,0.0,0.0,0.7761792540550232,0.22382071614265442,0.0,0.0,0.0,0.0,0.0,0.0,0.0,0.0,0.0,0.0,0.0,0.0,0.0,0.0,0.0,0.0,0.0,0.0,0.0,0.0
1781711139.6316373,1,0.0,False,1.0479750695299577e-38,8.968310171678829e-42,100.0,False,2.288372513703507e-05,False,0.0,0.0,0.0,0.0,0.0,0.0,0.0,0.0,0.0,0.0,0.0,0.0,0.0,0.0,0.0,0.0,0.0,0.0,0.0,0.0,0.0,0.0,0.0,0.0,0.49721112847328186,0.5027889013290405,0.3865591883659363,0.6134408116340637,0.0,0.0,0.0,0.0,0.0,0.0,0.0,0.0,0.0,0.0,0.0,0.0,0.0,0.0,0.0,0.0,0.0,0.0
1781711140.285557,1,4.3478260869565215,True,2.0173092692420067e-39,1.8216880036222622e-42,100.0,False,99.93614554405212,True,0.0,0.0,0.0,0.0,0.0,0.0,0.0,0.0,0.0,0.0,0.0,0.0,0.0,0.0,0.0,0.0,0.0,0.0,0.0,0.0,0.0,0.0,0.0,0.0,0.9529845118522644,0.04701554402709007,0.33791473507881165,0.662085235118866,0.0,0.0,0.0,0.0,0.0,0.0,0.0,0.0,0.0,0.0,0.0,0.0,0.0,0.0,0.0,0.0,0.0,0.0
1781711140.9852743,1,0.0,False,4.203895392974451e-43,0.0,100.0,False,0.025484891375526786,False,0.0,0.0,0.0,0.0,0.0,0.0,0.0,0.0,0.0,0.0,0.0,0.0,0.0,0.0,0.0,0.0,0.0,0.0,0.0,0.0,0.0,0.0,0.0,0.0,0.12668658792972565,0.8733133673667908,0.0,0.0,0.0,0.0,0.0,0.0,0.0,0.0,0.0,0.0,0.0,0.0,0.0,0.0,0.0,0.0,0.0,0.0,0.0,0.0
1781711141.6489203,1,0.0,False,1.401298464324817e-43,0.0,100.0,False,0.01732566161081195,False,0.0,0.0,0.0,0.0,0.0,0.0,0.0,0.0,0.0,0.0,0.0,0.0,0.0,0.0,0.0,0.0,0.0,0.0,0.0,0.0,0.0,0.0,0.0,0.0,0.25890496373176575,0.7410950660705566,0.0,0.0,0.0,0.0,0.0,0.0,0.0,0.0,0.0,0.0,0.0,0.0,0.0,0.0,0.0,0.0,0.0,0.0,0.0,0.0
1781711142.2993362,0,0.0,False,0.0,0.0,100.0,False,0.020312676497269422,False,0.0,0.0,0.0,0.0,0.0,0.0,0.0,0.0,0.0,0.0,0.0,0.0,0.0,0.0,0.0,0.0,0.0,0.0,0.0,0.0,0.0,0.0,0.0,0.0,0.0,0.0,0.0,0.0,0.0,0.0,0.0,0.0,0.0,0.0,0.0,0.0,0.0,0.0,0.0,0.0,0.0,0.0,0.0,0.0,0.0,0.0
1781711143.2000482,0,0.0,False,1.1210387714598537e-42,0.0,100.0,False,0.002388423126831185,False,0.0,0.0,0.0,0.0,0.0,0.0,0.0,0.0,0.0,0.0,0.0,0.0,0.0,0.0,0.0,0.0,0.0,0.0,0.0,0.0,0.0,0.0,0.0,0.0,0.0,0.0,0.0,0.0,0.0,0.0,0.0,0.0,0.0,0.0,0.0,0.0,0.0,0.0,0.0,0.0,0.0,0.0,0.0,0.0,0.0,0.0
1781711144.1255815,1,0.0,False,0.0,0.0,100.0,False,0.06072274409234524,False,0.0,0.0,0.0,0.0,0.0,0.0,0.0,0.0,0.0,0.0,0.0,0.0,0.0,0.0,0.0,0.0,0.0,0.0,0.0,0.0,0.0,0.0,0.0,0.0,0.0,0.0,0.0,0.0,0.0,0.0,0.0,0.0,0.0,0.0,0.0,0.0,0.0,0.0,0.0,0.0,0.0,0.0,0.0,0.0,0.0,0.0
1781711145.0751214,0,0.0,False,1.401298464324817e-43,0.0,100.0,False,0.001076138960343087,False,0.0,0.0,0.0,0.0,0.0,0.0,0.0,0.0,0.0,0.0,0.0,0.0,0.0,0.0,0.0,0.0,0.0,0.0,0.0,0.0,0.0,0.0,0.0,0.0,0.0,0.0,0.0,0.0,0.0,0.0,0.0,0.0,0.0,0.0,0.0,0.0,0.0,0.0,0.0,0.0,0.0,0.0,0.0,0.0,0.0,0.0
1781711146.0374677,1,0.0,False,0.0,0.0,100.0,False,0.22620651870965958,False,0.0,0.0,0.0,0.0,0.0,0.0,0.0,0.0,0.0,0.0,0.0,0.0,0.0,0.0,0.0,0.0,0.0,0.0,0.0,0.0,0.0,0.0,0.0,0.0,0.0,0.0,0.0,0.0,0.0,0.0,0.0,0.0,0.0,0.0,0.0,0.0,0.0,0.0,0.0,0.0,0.0,0.0,0.0,0.0,0.0,0.0
1781711146.740457,1,0.0,False,1.401298464324817e-43,0.0,100.0,False,0.011398915376048535,False,0.0,0.0,0.0,0.0,0.0,0.0,0.0,0.0,0.0,0.0,0.0,0.0,0.0,0.0,0.0,0.0,0.0,0.0,0.0,0.0,0.0,0.0,0.0,0.0,0.0,0.0,0.0,0.0,0.0,0.0,0.0,0.0,0.0,0.0,0.0,0.0,0.0,0.0,0.0,0.0,0.0,0.0,0.0,0.0,0.0,0.0
1781711148.1034124,0,0.0,False,0.0,0.0,100.0,False,0.09458109852857888,False,0.0,0.0,0.0,0.0,0.0,0.0,0.0,0.0,0.0,0.0,0.0,0.0,0.0,0.0,0.0,0.0,0.0,0.0,0.0,0.0,0.0,0.0,0.0,0.0,0.029134128242731094,0.9708658456802368,0.0,0.0,0.0,0.0,0.0,0.0,0.0,0.0,0.0,0.0,0.0,0.0,0.0,0.0,0.0,0.0,0.0,0.0,0.0,0.0
1781711148.7727704,1,4.3478260869565215,True,5.605193857299268e-43,0.0,100.0,False,99.99982118606567,True,0.0,0.0,0.0,0.0,0.0,0.0,0.0,0.0,0.0,0.0,0.0,0.0,0.0,0.0,0.0,0.0,0.0,0.0,0.0,0.0,0.0,0.0,0.0,0.0,0.7726733088493347,0.22732670605182648,0.0,0.0,0.0,0.0,0.0,0.0,0.0,0.0,0.0,0.0,0.0,0.0,0.0,0.0,0.0,0.0,0.0,0.0,0.0,0.0
1781711149.4396455,0,0.0,False,2.802596928649634e-43,0.0,100.0,False,0.0006558806944667595,False,0.0,0.0,0.0,0.0,0.0,0.0,0.0,0.0,0.0,0.0,0.0,0.0,0.0,0.0,0.0,0.0,0.0,0.0,0.0,0.0,0.0,0.0,0.0,0.0,0.16589891910552979,0.8341010808944702,0.0,0.0,0.0,0.0,0.0,0.0,0.0,0.0,0.0,0.0,0.0,0.0,0.0,0.0,0.0,0.0,0.0,0.0,0.0,0.0
1781711150.0855196,0,0.0,False,0.0,0.0,100.0,False,4.393470121044629e-06,False,0.0,0.0,0.0,0.0,0.0,0.0,0.0,0.0,0.0,0.0,0.0,0.0,0.0,0.0,0.0,0.0,0.0,0.0,0.0,0.0,0.0,0.0,0.0,0.0,0.074650838971138,0.925349235534668,0.0,0.0,0.0,0.0,0.0,0.0,0.0,0.0,0.0,0.0,0.0,0.0,0.0,0.0,0.0,0.0,0.0,0.0,0.0,0.0
1781711150.7313373,1,0.0,False,4.203895392974451e-43,0.0,100.0,False,0.010455773735884577,False,0.0,0.0,0.0,0.0,0.0,0.0,0.0,0.0,0.0,0.0,0.0,0.0,0.0,0.0,0.0,0.0,0.0,0.0,0.0,0.0,0.0,0.0,0.0,0.0,0.20995976030826569,0.7900402545928955,0.0,0.0,0.0,0.0,0.0,0.0,0.0,0.0,0.0,0.0,0.0,0.0,0.0,0.0,0.0,0.0,0.0,0.0,0.0,0.0
1781711151.3847327,1,0.0,False,2.802596928649634e-42,0.0,100.0,False,0.00011004328825947596,False,0.0,0.0,0.0,0.0,0.0,0.0,0.0,0.0,0.0,0.0,0.0,0.0,0.0,0.0,0.0,0.0,0.0,0.0,0.0,0.0,0.0,0.0,0.0,0.0,0.0,0.0,0.0,0.0,0.0,0.0,0.0,0.0,0.0,0.0,0.0,0.0,0.0,0.0,0.0,0.0,0.0,0.0,0.0,0.0,0.0,0.0
1781711152.0710409,1,0.0,False,0.0,0.0,100.0,False,0.00333053212671075,False,0.0,0.0,0.0,0.0,0.0,0.0,0.0,0.0,0.0,0.0,0.0,0.0,0.0,0.0,0.0,0.0,0.0,0.0,0.0,0.0,0.0,0.0,0.0,0.0,0.0,0.0,0.0,0.0,0.0,0.0,0.0,0.0,0.0,0.0,0.0,0.0,0.0,0.0,0.0,0.0,0.0,0.0,0.0,0.0,0.0,0.0
1781711152.7402174,0,0.0,False,0.0,0.0,100.0,False,0.006882329034851864,False,0.0,0.0,0.0,0.0,0.0,0.0,0.0,0.0,0.0,0.0,0.0,0.0,0.0,0.0,0.0,0.0,0.0,0.0,0.0,0.0,0.0,0.0,0.0,0.0,0.0,0.0,0.0,0.0,0.0,0.0,0.0,0.0,0.0,0.0,0.0,0.0,0.0,0.0,0.0,0.0,0.0,0.0,0.0,0.0,0.0,0.0
1781711153.3884737,1,0.0,False,1.401298464324817e-43,0.0,100.0,False,0.05146389012224972,False,0.0,0.0,0.0,0.0,0.0,0.0,0.0,0.0,0.0,0.0,0.0,0.0,0.0,0.0,0.0,0.0,0.0,0.0,0.0,0.0,0.0,0.0,0.0,0.0,0.0,0.0,0.0,0.0,0.0,0.0,0.0,0.0,0.0,0.0,0.0,0.0,0.0,0.0,0.0,0.0,0.0,0.0,0.0,0.0,0.0,0.0
1781711154.0402915,1,0.0,False,0.0,0.0,100.0,False,0.0008767323379288428,False,0.0,0.0,0.0,0.0,0.0,0.0,0.0,0.0,0.0,0.0,0.0,0.0,0.0,0.0,0.0,0.0,0.0,0.0,0.0,0.0,0.0,0.0,0.0,0.0,0.0,0.0,0.0,0.0,0.0,0.0,0.0,0.0,0.0,0.0,0.0,0.0,0.0,0.0,0.0,0.0,0.0,0.0,0.0,0.0,0.0,0.0
1781711154.6863499,1,0.0,False,1.6815581571897805e-42,0.0,100.0,False,0.0061526916397269815,False,0.0,0.0,0.0,0.0,0.0,0.0,0.0,0.0,0.0,0.0,0.0,0.0,0.0,0.0,0.0,0.0,0.0,0.0,0.0,0.0,0.0,0.0,0.0,0.0,0.0,0.0,0.0,0.0,0.0,0.0,0.0,0.0,0.0,0.0,0.0,0.0,0.0,0.0,0.0,0.0,0.0,0.0,0.0,0.0,0.0,0.0
1781711155.3232863,1,0.0,False,8.407790785948902e-43,0.0,100.0,False,0.011398915376048535,False,0.0,0.0,0.0,0.0,0.0,0.0,0.0,0.0,0.0,0.0,0.0,0.0,0.0,0.0,0.0,0.0,0.0,0.0,0.0,0.0,0.0,0.0,0.0,0.0,0.0,0.0,0.0,0.0,0.0,0.0,0.0,0.0,0.0,0.0,0.0,0.0,0.0,0.0,0.0,0.0,0.0,0.0,0.0,0.0,0.0,0.0
1781711155.9857554,1,0.0,False,4.203895392974451e-43,0.0,100.0,False,0.0017641579688643105,False,0.0,0.0,0.0,0.0,0.0,0.0,0.0,0.0,0.0,0.0,0.0,0.0,0.0,0.0,0.0,0.0,0.0,0.0,0.0,0.0,0.0,0.0,0.0,0.0,0.0,0.0,0.0,0.0,0.0,0.0,0.0,0.0,0.0,0.0,0.0,0.0,0.0,0.0,0.0,0.0,0.0,0.0,0.0,0.0,0.0,0.0
1781711156.9108117,0,0.0,False,5.605193857299268e-43,0.0,100.0,False,0.00497490145789925,False,0.0,0.0,0.0,0.0,0.0,0.0,0.0,0.0,0.0,0.0,0.0,0.0,0.0,0.0,0.0,0.0,0.0,0.0,0.0,0.0,0.0,0.0,0.0,0.0,0.0,0.0,0.0,0.0,0.0,0.0,0.0,0.0,0.0,0.0,0.0,0.0,0.0,0.0,0.0,0.0,0.0,0.0,0.0,0.0,0.0,0.0
1781711157.8254614,0,0.0,False,7.006492321624085e-43,0.0,100.0,False,0.36122784949839115,False,0.0,0.0,0.0,0.0,0.0,0.0,0.0,0.0,0.0,0.0,0.0,0.0,0.0,0.0,0.0,0.0,0.0,0.0,0.0,0.0,0.0,0.0,0.0,0.0,0.0,0.0,0.0,0.0,0.0,0.0,0.0,0.0,0.0,0.0,0.0,0.0,0.0,0.0,0.0,0.0,0.0,0.0,0.0,0.0,0.0,0.0
1781711158.7738805,0,0.0,False,0.0,0.0,100.0,False,0.18358529778197408,False,0.0,0.0,0.0,0.0,0.0,0.0,0.0,0.0,0.0,0.0,0.0,0.0,0.0,0.0,0.0,0.0,0.0,0.0,0.0,0.0,0.0,0.0,0.0,0.0,0.0,0.0,0.0,0.0,0.0,0.0,0.0,0.0,0.0,0.0,0.0,0.0,0.0,0.0,0.0,0.0,0.0,0.0,0.0,0.0,0.0,0.0
1781711159.704243,1,0.0,False,0.0,0.0,100.0,False,0.004525397525867447,False,0.0,0.0,0.0,0.0,0.0,0.0,0.0,0.0,0.0,0.0,0.0,0.0,0.0,0.0,0.0,0.0,0.0,0.0,0.0,0.0,0.0,0.0,0.0,0.0,0.0,0.0,0.0,0.0,0.0,0.0,0.0,0.0,0.0,0.0,0.0,0.0,0.0,0.0,0.0,0.0,0.0,0.0,0.0,0.0,0.0,0.0
1781711160.4506528,1,0.0,False,0.0,0.0,100.0,False,0.0007210122930700891,False,0.0,0.0,0.0,0.0,0.0,0.0,0.0,0.0,0.0,0.0,0.0,0.0,0.0,0.0,0.0,0.0,0.0,0.0,0.0,0.0,0.0,0.0,0.0,0.0,0.12971317768096924,0.8702868819236755,0.0,0.0,0.0,0.0,0.0,0.0,0.0,0.0,0.0,0.0,0.0,0.0,0.0,0.0,0.0,0.0,0.0,0.0,0.0,0.0
1781711161.110225,0,0.0,False,1.401298464324817e-43,0.0,100.0,False,0.0012571265870064963,False,0.0,0.0,0.0,0.0,0.0,0.0,0.0,0.0,0.0,0.0,0.0,0.0,0.0,0.0,0.0,0.0,0.0,0.0,0.0,0.0,0.0,0.0,0.0,0.0,0.060486432164907455,0.939513623714447,0.07190989702939987,0.9280900955200195,0.0,0.0,0.0,0.0,0.0,0.0,0.0,0.0,0.0,0.0,0.0,0.0,0.0,0.0,0.0,0.0,0.0,0.0
1781711161.782271,1,4.3478260869565215,True,1.6815581571897805e-42,0.0,100.0,False,99.98488426208496,True,0.0,0.0,0.0,0.0,0.0,0.0,0.0,0.0,0.0,0.0,0.0,0.0,0.0,0.0,0.0,0.0,0.0,0.0,0.0,0.0,0.0,0.0,0.0,0.0,0.38121142983436584,0.6187885999679565,0.8657528758049011,0.13424710929393768,0.0,0.0,0.0,0.0,0.0,0.0,0.0,0.0,0.0,0.0,0.0,0.0,0.0,0.0,0.0,0.0,0.0,0.0
1781711162.4251645,0,0.0,False,0.0,0.0,100.0,False,0.006794101500418037,False,0.0,0.0,0.0,0.0,0.0,0.0,0.0,0.0,0.0,0.0,0.0,0.0,0.0,0.0,0.0,0.0,0.0,0.0,0.0,0.0,0.0,0.0,0.0,0.0,0.0,0.0,0.0,0.0,0.0,0.0,0.0,0.0,0.0,0.0,0.0,0.0,0.0,0.0,0.0,0.0,0.0,0.0,0.0,0.0,0.0,0.0
1781711163.105545,0,0.0,False,2.802596928649634e-43,0.0,100.0,False,0.0012571265870064963,False,0.0,0.0,0.0,0.0,0.0,0.0,0.0,0.0,0.0,0.0,0.0,0.0,0.0,0.0,0.0,0.0,0.0,0.0,0.0,0.0,0.0,0.0,0.0,0.0,0.0,0.0,0.0,0.0,0.0,0.0,0.0,0.0,0.0,0.0,0.0,0.0,0.0,0.0,0.0,0.0,0.0,0.0,0.0,0.0,0.0,0.0
1781711163.772976,1,0.0,False,2.1019476964872256e-42,0.0,100.0,False,0.006882329034851864,False,0.0,0.0,0.0,0.0,0.0,0.0,0.0,0.0,0.0,0.0,0.0,0.0,0.0,0.0,0.0,0.0,0.0,0.0,0.0,0.0,0.0,0.0,0.0,0.0,0.0,0.0,0.0,0.0,0.0,0.0,0.0,0.0,0.0,0.0,0.0,0.0,0.0,0.0,0.0,0.0,0.0,0.0,0.0,0.0,0.0,0.0
1781711164.452519,1,0.0,False,4.203895392974451e-43,0.0,100.0,False,0.005072199928690679,False,0.0,0.0,0.0,0.0,0.0,0.0,0.0,0.0,0.0,0.0,0.0,0.0,0.0,0.0,0.0,0.0,0.0,0.0,0.0,0.0,0.0,0.0,0.0,0.0,0.0,0.0,0.0,0.0,0.0,0.0,0.0,0.0,0.0,0.0,0.0,0.0,0.0,0.0,0.0,0.0,0.0,0.0,0.0,0.0,0.0,0.0
1781711165.1439457,1,4.3478260869565215,True,1.5414283107572988e-42,0.0,100.0,False,99.99979734420776,True,0.0,0.0,0.0,0.0,0.0,0.0,0.0,0.0,0.0,0.0,0.0,0.0,0.0,0.0,0.0,0.0,0.0,0.0,0.0,0.0,0.0,0.0,0.0,0.0,0.0,0.0,0.5514224767684937,0.44857752323150635,0.0,0.0,0.0,0.0,0.0,0.0,0.0,0.0,0.0,0.0,0.0,0.0,0.0,0.0,0.0,0.0,0.0,0.0
1781711165.812469,1,4.3478260869565215,True,7.296911428355404e-38,7.665102599856749e-41,100.0,False,99.99997615814209,True,0.0,0.0,0.0,0.0,0.0,0.0,0.0,0.0,0.0,0.0,0.0,0.0,0.0,0.0,0.0,0.0,0.0,0.0,0.0,0.0,0.0,0.0,0.0,0.0,0.15117494761943817,0.8488250970840454,0.9962213039398193,0.003778669983148575,0.2861641049385071,0.7138358950614929,0.0,0.0,0.0,0.0,0.0,0.0,0.0,0.0,0.0,0.0,0.0,0.0,0.0,0.0,0.0,0.0
1781711166.5196586,0,0.0,False,4.021726592612225e-41,0.0,100.0,False,0.0029394872399279848,False,0.0,0.0,0.0,0.0,0.0,0.0,0.0,0.0,0.0,0.0,0.0,0.0,0.0,0.0,0.0,0.0,0.0,0.0,0.0,0.0,0.0,0.0,0.0,0.0,0.10253089666366577,0.8974691033363342,0.018685240298509598,0.9813147187232971,0.06048819050192833,0.9395118355751038,0.0,0.0,0.0,0.0,0.0,0.0,0.0,0.0,0.0,0.0,0.0,0.0,0.0,0.0,0.0,0.0
1781711167.2221253,1,13.043478260869565,True,5.419430446116356e-36,7.766416478827434e-39,100.0,False,99.99996423721313,True,0.0,0.0,0.0,0.0,0.0,0.0,0.0,0.0,0.0,0.0,0.0,0.0,0.0,0.0,0.0,0.0,0.0,0.0,0.0,0.0,0.0,0.0,0.0,0.0,0.5801370143890381,0.4198629558086395,0.9999998807907104,8.076051472016843e-08,0.5636954307556152,0.4363045394420624,0.0,0.0,0.0,0.0,0.0,0.0,0.0,0.0,0.0,0.0,0.0,0.0,0.0,0.0,0.0,0.0
1781711167.8780851,1,8.695652173913043,True,1.5414283107572988e-42,0.0,100.0,False,99.99990463256836,True,0.0,0.0,0.0,0.0,0.0,0.0,0.0,0.0,0.0,0.0,0.0,0.0,0.0,0.0,0.0,0.0,0.0,0.0,0.0,0.0,0.0,0.0,0.0,0.0,0.30147382616996765,0.6985262036323547,1.0,1.775288538397035e-08,0.6510799527168274,0.348920077085495,0.0,0.0,0.0,0.0,0.0,0.0,0.0,0.0,0.0,0.0,0.0,0.0,0.0,0.0,0.0,0.0
1781711168.541333,1,4.3478260869565215,True,2.2420775429197073e-42,0.0,100.0,False,99.9998688697815,True,0.0,0.0,0.0,0.0,0.0,0.0,0.0,0.0,0.0,0.0,0.0,0.0,0.0,0.0,0.0,0.0,0.0,0.0,0.0,0.0,0.0,0.0,0.0,0.0,0.4638020694255829,0.5361979603767395,0.9710241556167603,0.02897585555911064,0.12933215498924255,0.8706678748130798,0.0,0.0,0.0,0.0,0.0,0.0,0.0,0.0,0.0,0.0,0.0,0.0,0.0,0.0,0.0,0.0
1781712146.2658417,1,4.3478260869565215,True,100.0,1.9015600205563032e-07,8.841686504311181e-13,True,99.99990463256836,True,0.0,0.0,0.0,0.0,0.0,0.0,0.0,0.0,0.0,0.0,0.0,0.0,0.0,0.0,0.0,0.0,0.0,0.0,0.0,0.0,0.0,0.0,0.0,0.0,0.0,0.0,0.0,0.0,0.0,0.0,0.2902955412864685,0.7097044587135315,0.9393824338912964,0.060617536306381226,0.0,0.0,0.0,0.0,0.0,0.0,0.0,0.0,0.0,0.0,0.0,0.0
1781712152.7711513,1,8.695652173913043,True,100.0,6.658700533475304e-19,1.6215103314365951e-25,True,87.3445212841034,True,0.0,0.0,0.0,0.0,0.0,0.0,0.0,0.0,0.0,0.0,0.0,0.0,0.0,0.0,0.0,0.0,0.0,0.0,0.0,0.0,0.0,0.0,0.0,0.0,0.0,0.0,0.0,0.0,0.0,0.0,0.864618718624115,0.1353812962770462,0.7683760523796082,0.23162393271923065,0.0,0.0,0.0,0.0,0.0,0.0,0.0,0.0,0.0,0.0,0.0,0.0
1781712153.4020727,0,0.0,False,5.914648681937251e-05,99.99994039535522,1.2066031507274033e-08,True,0.004649638867704198,False,0.0,0.0,0.0,0.0,0.0,0.0,0.0,0.0,0.0,0.0,0.0,0.0,0.0,0.0,0.0,0.0,0.0,0.0,0.0,0.0,0.0,0.0,0.0,0.0,0.0,0.0,0.0,0.0,0.0,0.0,0.12390786409378052,0.8760921955108643,0.06396301090717316,0.936037003993988,0.0,0.0,0.0,0.0,0.0,0.0,0.0,0.0,0.0,0.0,0.0,0.0
1781712154.272567,0,0.0,False,0.016305301687680185,0.0006337675586109981,99.98306035995483,False,0.007568568253191188,False,0.0,0.0,0.0,0.0,0.0,0.0,0.0,0.0,0.0,0.0,0.0,0.0,0.0,0.0,0.0,0.0,0.0,0.0,0.0,0.0,0.0,0.0,0.0,0.0,0.0,0.0,0.0,0.0,0.0,0.0,0.061358001083135605,0.9386420249938965,0.15101423859596252,0.8489857316017151,0.0,0.0,0.0,0.0,0.0,0.0,0.0,0.0,0.0,0.0,0.0,0.0
1781712155.1169124,0,0.0,False,0.01188719252240844,0.0010639854735927656,99.98705387115479,False,0.05352177540771663,False,0.0,0.0,0.0,0.0,0.0,0.0,0.0,0.0,0.0,0.0,0.0,0.0,0.0,0.0,0.0,0.0,0.0,0.0,0.0,0.0,0.0,0.0,0.0,0.0,0.0,0.0,0.0,0.0,0.0,0.0,0.0,0.0,0.0,0.0,0.0,0.0,0.0,0.0,0.0,0.0,0.0,0.0,0.0,0.0,0.0,0.0
1781712156.064996,1,0.0,False,0.013123400276526809,0.0004622561391443014,99.98641014099121,False,5.5037344282027334e-05,False,0.0,0.0,0.0,0.0,0.0,0.0,0.0,0.0,0.0,0.0,0.0,0.0,0.0,0.0,0.0,0.0,0.0,0.0,0.0,0.0,0.0,0.0,0.0,0.0,0.0,0.0,0.0,0.0,0.0,0.0,0.0,0.0,0.0,0.0,0.0,0.0,0.0,0.0,0.0,0.0,0.0,0.0,0.0,0.0,0.0,0.0
1781712157.0004485,1,0.0,False,0.006338035746011883,0.00029983430067659356,99.99336004257202,False,0.04445519589353353,False,0.0,0.0,0.0,0.0,0.0,0.0,0.0,0.0,0.0,0.0,0.0,0.0,0.0,0.0,0.0,0.0,0.0,0.0,0.0,0.0,0.0,0.0,0.0,0.0,0.0,0.0,0.0,0.0,0.0,0.0,0.0,0.0,0.18023133277893066,0.8197686076164246,0.0,0.0,0.0,0.0,0.0,0.0,0.0,0.0,0.0,0.0,0.0,0.0
1781712157.8960865,0,0.0,False,0.01615180808585137,0.0007614820788148791,99.98308420181274,False,0.00019786461962212343,False,0.0,0.0,0.0,0.0,0.0,0.0,0.0,0.0,0.0,0.0,0.0,0.0,0.0,0.0,0.0,0.0,0.0,0.0,0.0,0.0,0.0,0.0,0.0,0.0,0.0,0.0,0.0,0.0,0.0,0.0,0.0,0.0,0.08178739249706268,0.9182126522064209,0.3010384440422058,0.6989615559577942,0.0,0.0,0.0,0.0,0.0,0.0,0.0,0.0,0.0,0.0
1781712158.5398104,1,4.3478260869565215,True,0.006700616359012201,0.0010742971426225267,99.99222755432129,False,99.99277591705322,True,0.0,0.0,0.0,0.0,0.0,0.0,0.0,0.0,0.0,0.0,0.0,0.0,0.0,0.0,0.0,0.0,0.0,0.0,0.0,0.0,0.0,0.0,0.0,0.0,0.0,0.0,0.0,0.0,0.0,0.0,0.0,0.0,0.5156183838844299,0.4843815863132477,0.08802829682826996,0.9119717478752136,0.0,0.0,0.0,0.0,0.0,0.0,0.0,0.0,0.0,0.0
1781712159.1435368,0,0.0,False,0.008356133184861392,0.0012764828170475084,99.9903678894043,False,0.006794101500418037,False,0.0,0.0,0.0,0.0,0.0,0.0,0.0,0.0,0.0,0.0,0.0,0.0,0.0,0.0,0.0,0.0,0.0,0.0,0.0,0.0,0.0,0.0,0.0,0.0,0.0,0.0,0.0,0.0,0.0,0.0,0.0,0.0,0.0,0.0,0.0,0.0,0.0,0.0,0.0,0.0,0.0,0.0,0.0,0.0,0.0,0.0
1781712159.7886062,1,0.0,False,0.016704214795026928,0.001476201941841282,99.98181462287903,False,0.0023546823285869323,False,0.0,0.0,0.0,0.0,0.0,0.0,0.0,0.0,0.0,0.0,0.0,0.0,0.0,0.0,0.0,0.0,0.0,0.0,0.0,0.0,0.0,0.0,0.0,0.0,0.0,0.0,0.0,0.0,0.0,0.0,0.0,0.0,0.0,0.0,0.0,0.0,0.0,0.0,0.0,0.0,0.0,0.0,0.0,0.0,0.0,0.0
1781712160.4227555,1,0.0,False,0.014852032472845167,0.0002025547701123287,99.98494386672974,False,2.8922053053975105,False,0.0,0.0,0.0,0.0,0.0,0.0,0.0,0.0,0.0,0.0,0.0,0.0,0.0,0.0,0.0,0.0,0.0,0.0,0.0,0.0,0.0,0.0,0.0,0.0,0.0,0.0,0.0,0.0,0.0,0.0,0.0,0.0,0.0,0.0,0.12332772463560104,0.8766722679138184,0.07970650494098663,0.9202935099601746,0.0,0.0,0.0,0.0,0.0,0.0,0.0,0.0
1781712161.0517113,1,8.695652173913043,True,1.0067557809634309e-05,99.99998807907104,3.4144284621895338e-09,True,99.99936819076538,True,0.0,0.0,0.0,0.0,0.0,0.0,0.0,0.0,0.0,0.0,0.0,0.0,0.0,0.0,0.0,0.0,0.0,0.0,0.0,0.0,0.0,0.0,0.0,0.0,0.0,0.0,0.0,0.0,0.0,0.0,0.0,0.0,0.9319286942481995,0.06807134300470352,0.988066554069519,0.011933478526771069,0.33927109837532043,0.660728931427002,0.0,0.0,0.0,0.0,0.0,0.0,0.0,0.0
1781712161.6939912,0,0.0,False,0.20752507261931896,99.7919499874115,0.0005266547759674722,True,0.001503142721048789,False,0.0,0.0,0.0,0.0,0.0,0.0,0.0,0.0,0.0,0.0,0.0,0.0,0.0,0.0,0.0,0.0,0.0,0.0,0.0,0.0,0.0,0.0,0.0,0.0,0.0,0.0,0.0,0.0,0.0,0.0,0.0,0.0,0.04393170773983002,0.9560682773590088,0.06931478530168533,0.9306851625442505,0.0,0.0,0.0,0.0,0.0,0.0,0.0,0.0,0.0,0.0
1781712162.7769952,0,0.0,False,0.015477422857657075,99.98447895050049,4.0953514712782635e-05,True,5.645913461194141e-05,False,0.0,0.0,0.0,0.0,0.0,0.0,0.0,0.0,0.0,0.0,0.0,0.0,0.0,0.0,0.0,0.0,0.0,0.0,0.0,0.0,0.0,0.0,0.0,0.0,0.0,0.0,0.0,0.0,0.0,0.0,0.0,0.0,0.07801520824432373,0.921984851360321,0.2186185121536255,0.7813814878463745,0.0,0.0,0.0,0.0,0.0,0.0,0.0,0.0,0.0,0.0
1781712163.3979409,1,4.3478260869565215,True,99.9998927116394,0.00010760687700894778,7.034624185248139e-10,True,99.99994039535522,True,0.0,0.0,0.0,0.0,0.0,0.0,0.0,0.0,0.0,0.0,0.0,0.0,0.0,0.0,0.0,0.0,0.0,0.0,0.0,0.0,0.0,0.0,0.0,0.0,0.0,0.0,0.0,0.0,0.0,0.0,0.0,0.0,0.14291401207447052,0.8570859432220459,0.7721086144447327,0.22789143025875092,0.25711968541145325,0.7428803443908691,0.0,0.0,0.0,0.0,0.0,0.0,0.0,0.0
1781712164.0315492,0,0.0,False,1.1853520831550668e-06,100.0,3.0113155025102145e-09,True,0.06201170035637915,False,0.0,0.0,0.0,0.0,0.0,0.0,0.0,0.0,0.0,0.0,0.0,0.0,0.0,0.0,0.0,0.0,0.0,0.0,0.0,0.0,0.0,0.0,0.0,0.0,0.0,0.0,0.0,0.0,0.0,0.0,0.0,0.0,0.13739638030529022,0.8626036047935486,0.11543461680412292,0.8845654129981995,0.059292007237672806,0.9407079815864563,0.0,0.0,0.0,0.0,0.0,0.0,0.0,0.0
1781712164.6461701,1,0.0,False,99.51367974281311,0.4863097332417965,1.6443000561139343e-05,True,5.645913461194141e-05,False,0.0,0.0,0.0,0.0,0.0,0.0,0.0,0.0,0.0,0.0,0.0,0.0,0.0,0.0,0.0,0.0,0.0,0.0,0.0,0.0,0.0,0.0,0.0,0.0,0.0,0.0,0.0,0.0,0.0,0.0,0.0,0.0,0.0,0.0,0.47379738092422485,0.5262026190757751,0.22193019092082977,0.778069794178009,0.0,0.0,0.0,0.0,0.0,0.0,0.0,0.0
1781712165.2739809,1,8.695652173913043,True,0.00020564111764542758,99.99979734420776,3.8941490032584625e-07,True,99.99979734420776,True,0.0,0.0,0.0,0.0,0.0,0.0,0.0,0.0,0.0,0.0,0.0,0.0,0.0,0.0,0.0,0.0,0.0,0.0,0.0,0.0,0.0,0.0,0.0,0.0,0.0,0.0,0.0,0.0,0.0,0.0,0.0,0.0,0.0,0.0,0.8978100419044495,0.10218993574380875,0.9794018268585205,0.020598193630576134,0.07135629653930664,0.9286437630653381,0.0,0.0,0.0,0.0,0.0,0.0
1781712165.9054012,1,8.695652173913043,True,100.0,1.812499761729371e-14,8.268847581591336e-21,True,99.99990463256836,True,0.0,0.0,0.0,0.0,0.0,0.0,0.0,0.0,0.0,0.0,0.0,0.0,0.0,0.0,0.0,0.0,0.0,0.0,0.0,0.0,0.0,0.0,0.0,0.0,0.0,0.0,0.0,0.0,0.0,0.0,0.0,0.0,0.0,0.0,0.5945667624473572,0.4054332375526428,0.8102547526359558,0.18974529206752777,0.43705984950065613,0.5629401206970215,0.0,0.0,0.0,0.0,0.0,0.0
1781712166.5345938,1,4.3478260869565215,True,0.008242606418207288,99.99173879623413,1.8171975568748167e-05,True,99.85963702201843,True,0.0,0.0,0.0,0.0,0.0,0.0,0.0,0.0,0.0,0.0,0.0,0.0,0.0,0.0,0.0,0.0,0.0,0.0,0.0,0.0,0.0,0.0,0.0,0.0,0.0,0.0,0.0,0.0,0.0,0.0,0.0,0.0,0.0,0.0,0.15669788420200348,0.8433021306991577,0.6292708516120911,0.37072914838790894,0.21602587401866913,0.7839741706848145,0.0,0.0,0.0,0.0,0.0,0.0
1781712167.1553142,0,0.0,False,7.704260562846343e-08,100.0,4.771011060181185e-11,True,0.0023546823285869323,False,0.0,0.0,0.0,0.0,0.0,0.0,0.0,0.0,0.0,0.0,0.0,0.0,0.0,0.0,0.0,0.0,0.0,0.0,0.0,0.0,0.0,0.0,0.0,0.0,0.0,0.0,0.0,0.0,0.0,0.0,0.0,0.0,0.0,0.0,0.08893848955631256,0.9110615253448486,0.09151797741651535,0.9084820747375488,0.09615644812583923,0.9038435220718384,0.0,0.0,0.0,0.0,0.0,0.0
1781712167.7608705,1,8.695652173913043,True,99.80478286743164,0.19521297654137015,1.4776373902236628e-06,True,99.99909400939941,True,0.0,0.0,0.0,0.0,0.0,0.0,0.0,0.0,0.0,0.0,0.0,0.0,0.0,0.0,0.0,0.0,0.0,0.0,0.0,0.0,0.0,0.0,0.0,0.0,0.0,0.0,0.0,0.0,0.0,0.0,0.0,0.0,0.0,0.0,0.22564060986042023,0.7743593454360962,0.9999874830245972,1.248787248187e-05,0.9294857382774353,0.07051420211791992,0.0,0.0,0.0,0.0,0.0,0.0
1781712168.7119102,0,0.0,False,0.09320772951468825,99.90670084953308,9.218952641276701e-05,True,4.039329426497318e-08,False,0.0,0.0,0.0,0.0,0.0,0.0,0.0,0.0,0.0,0.0,0.0,0.0,0.0,0.0,0.0,0.0,0.0,0.0,0.0,0.0,0.0,0.0,0.0,0.0,0.0,0.0,0.0,0.0,0.0,0.0,0.0,0.0,0.0,0.0,0.053148239850997925,0.9468517899513245,0.0255892314016819,0.9744107723236084,0.05396976321935654,0.9460301995277405,0.0,0.0,0.0,0.0,0.0,0.0
1781712169.689974,0,0.0,False,6.555134035579613e-06,99.99998807907104,4.477937812219501e-09,True,0.0008767323379288428,False,0.0,0.0,0.0,0.0,0.0,0.0,0.0,0.0,0.0,0.0,0.0,0.0,0.0,0.0,0.0,0.0,0.0,0.0,0.0,0.0,0.0,0.0,0.0,0.0,0.0,0.0,0.0,0.0,0.0,0.0,0.0,0.0,0.0,0.0,0.23721839487552643,0.76278156042099,0.26316916942596436,0.7368308305740356,0.15368178486824036,0.846318244934082,0.0,0.0,0.0,0.0,0.0,0.0
1781712170.6575422,1,8.695652173913043,True,37.0751678943634,62.763506174087524,0.16132487216964364,True,99.9998688697815,True,0.0,0.0,0.0,0.0,0.0,0.0,0.0,0.0,0.0,0.0,0.0,0.0,0.0,0.0,0.0,0.0,0.0,0.0,0.0,0.0,0.0,0.0,0.0,0.0,0.0,0.0,0.0,0.0,0.0,0.0,0.0,0.0,0.0,0.0,0.7845881581306458,0.21541185677051544,0.9991229176521301,0.0008770698914304376,0.3510965406894684,0.648903489112854,0.0,0.0,0.0,0.0,0.0,0.0
1781712171.566512,1,8.695652173913043,True,100.0,4.969611921978867e-06,3.255586078498851e-09,True,99.99556541442871,True,0.0,0.0,0.0,0.0,0.0,0.0,0.0,0.0,0.0,0.0,0.0,0.0,0.0,0.0,0.0,0.0,0.0,0.0,0.0,0.0,0.0,0.0,0.0,0.0,0.0,0.0,0.0,0.0,0.0,0.0,0.0,0.0,0.0,0.0,0.22693397104740143,0.7730661034584045,0.9993521571159363,0.0006477901479229331,0.9146831631660461,0.08531676977872849,0.1006602793931961,0.8993396759033203,0.0,0.0,0.0,0.0
1781712172.3947246,1,8.695652173913043,True,0.034976485767401755,99.96496438980103,6.338192406474263e-05,True,100.0,True,0.0,0.0,0.0,0.0,0.0,0.0,0.0,0.0,0.0,0.0,0.0,0.0,0.0,0.0,0.0,0.0,0.0,0.0,0.0,0.0,0.0,0.0,0.0,0.0,0.0,0.0,0.0,0.0,0.0,0.0,0.0,0.0,0.0,0.0,0.0,0.0,0.9673385620117188,0.03266145661473274,0.9972023963928223,0.002797618042677641,0.11673111468553543,0.8832688927650452,0.0,0.0,0.0,0.0
1781712173.0221453,0,0.0,False,0.0018514348994358443,99.99814033508301,7.38722647497525e-06,True,0.002934101394203026,False,0.0,0.0,0.0,0.0,0.0,0.0,0.0,0.0,0.0,0.0,0.0,0.0,0.0,0.0,0.0,0.0,0.0,0.0,0.0,0.0,0.0,0.0,0.0,0.0,0.0,0.0,0.0,0.0,0.0,0.0,0.0,0.0,0.0,0.0,0.048788171261548996,0.9512118697166443,0.054995398968458176,0.9450045824050903,0.04019641876220703,0.9598035216331482,0.05815368518233299,0.9418463110923767,0.0,0.0,0.0,0.0
1781712173.6996737,1,4.3478260869565215,True,1.0693031526898267e-05,99.99998807907104,1.7923662554153452e-08,True,100.0,True,0.0,0.0,0.0,0.0,0.0,0.0,0.0,0.0,0.0,0.0,0.0,0.0,0.0,0.0,0.0,0.0,0.0,0.0,0.0,0.0,0.0,0.0,0.0,0.0,0.0,0.0,0.0,0.0,0.0,0.0,0.0,0.0,0.0,0.0,0.06284793466329575,0.9371520280838013,0.9798220992088318,0.020177893340587616,0.43041425943374634,0.5695857405662537,0.03610089048743248,0.9638991355895996,0.0,0.0,0.0,0.0
1781712174.35188,1,17.391304347826086,True,6.313469214092038e-06,99.99998807907104,1.1976727942730747e-08,True,99.9987006187439,True,0.0,0.0,0.0,0.0,0.0,0.0,0.0,0.0,0.0,0.0,0.0,0.0,0.0,0.0,0.0,0.0,0.0,0.0,0.0,0.0,0.0,0.0,0.0,0.0,0.0,0.0,0.0,0.0,0.0,0.0,0.0,0.0,0.0,0.0,0.821889340877533,0.17811061441898346,0.8035851120948792,0.19641487300395966,0.9127429723739624,0.0872570127248764,0.8646461963653564,0.13535384833812714,0.0,0.0,0.0,0.0
1781712174.9916532,1,8.695652173913043,True,9.128858380336169e-06,99.99998807907104,1.4490238176012582e-08,True,99.99574422836304,True,0.0,0.0,0.0,0.0,0.0,0.0,0.0,0.0,0.0,0.0,0.0,0.0,0.0,0.0,0.0,0.0,0.0,0.0,0.0,0.0,0.0,0.0,0.0,0.0,0.0,0.0,0.0,0.0,0.0,0.0,0.0,0.0,0.0,0.0,0.6601635217666626,0.3398364782333374,0.7387853264808655,0.2612147033214569,0.20425298810005188,0.7957469820976257,0.0,0.0,0.0,0.0,0.0,0.0
1781712175.5945039,1,4.3478260869565215,True,0.017406394181307405,0.0007112540515663568,99.98188614845276,False,99.99995231628418,True,0.0,0.0,0.0,0.0,0.0,0.0,0.0,0.0,0.0,0.0,0.0,0.0,0.0,0.0,0.0,0.0,0.0,0.0,0.0,0.0,0.0,0.0,0.0,0.0,0.0,0.0,0.0,0.0,0.0,0.0,0.0,0.0,0.0,0.0,0.0,0.0,0.52802973985672,0.47197026014328003,0.2497575581073761,0.7502424716949463,0.0,0.0,0.0,0.0,0.0,0.0
1781712176.1892574,0,0.0,False,0.11008630972355604,0.08894144557416439,99.8009741306305,False,0.00898633079486899,False,0.0,0.0,0.0,0.0,0.0,0.0,0.0,0.0,0.0,0.0,0.0,0.0,0.0,0.0,0.0,0.0,0.0,0.0,0.0,0.0,0.0,0.0,0.0,0.0,0.0,0.0,0.0,0.0,0.0,0.0,0.0,0.0,0.0,0.0,0.0,0.0,0.03893786668777466,0.9610621333122253,0.16285793483257294,0.8371420502662659,0.0,0.0,0.0,0.0,0.0,0.0
1781712176.7926548,1,4.3478260869565215,True,0.01852040004450828,0.0006732007022947073,99.9808132648468,False,99.99727010726929,True,0.0,0.0,0.0,0.0,0.0,0.0,0.0,0.0,0.0,0.0,0.0,0.0,0.0,0.0,0.0,0.0,0.0,0.0,0.0,0.0,0.0,0.0,0.0,0.0,0.0,0.0,0.0,0.0,0.0,0.0,0.0,0.0,0.0,0.0,0.0,0.0,0.2036101371049881,0.7963898777961731,0.7771878838539124,0.22281208634376526,0.0,0.0,0.0,0.0,0.0,0.0
1781712177.4160843,0,0.0,False,100.0,2.3249849820363514e-17,6.884662601915873e-25,True,0.028879582532681525,False,0.0,0.0,0.0,0.0,0.0,0.0,0.0,0.0,0.0,0.0,0.0,0.0,0.0,0.0,0.0,0.0,0.0,0.0,0.0,0.0,0.0,0.0,0.0,0.0,0.0,0.0,0.0,0.0,0.0,0.0,0.0,0.0,0.0,0.0,0.014792884700000286,0.9852070808410645,0.048670269548892975,0.95132976770401,0.08997919410467148,0.9100207686424255,0.0,0.0,0.0,0.0,0.0,0.0
1781712178.0548584,0,4.3478260869565215,True,5.3208522498607635,94.67218518257141,0.0069609312049578875,True,99.99998807907104,True,0.0,0.0,0.0,0.0,0.0,0.0,0.0,0.0,0.0,0.0,0.0,0.0,0.0,0.0,0.0,0.0,0.0,0.0,0.0,0.0,0.0,0.0,0.0,0.0,0.0,0.0,0.0,0.0,0.0,0.0,0.0,0.0,0.0,0.0,0.6339829564094543,0.36601704359054565,0.05986582115292549,0.9401342272758484,0.057599425315856934,0.9424005746841431,0.0,0.0,0.0,0.0,0.0,0.0
1781712178.6846604,0,0.0,False,0.00017122569033745094,99.99983310699463,1.4663882330623323e-07,True,4.224526719553978e-05,False,0.0,0.0,0.0,0.0,0.0,0.0,0.0,0.0,0.0,0.0,0.0,0.0,0.0,0.0,0.0,0.0,0.0,0.0,0.0,0.0,0.0,0.0,0.0,0.0,0.0,0.0,0.0,0.0,0.0,0.0,0.0,0.0,0.0,0.0,0.0,0.0,0.08114414662122726,0.9188558459281921,0.0822901651263237,0.9177098870277405,0.0,0.0,0.0,0.0,0.0,0.0
1781712179.88309,0,0.0,False,9.831004632587792e-06,99.99998807907104,5.678659972807587e-09,True,0.005998343476676382,False,0.0,0.0,0.0,0.0,0.0,0.0,0.0,0.0,0.0,0.0,0.0,0.0,0.0,0.0,0.0,0.0,0.0,0.0,0.0,0.0,0.0,0.0,0.0,0.0,0.0,0.0,0.0,0.0,0.0,0.0,0.0,0.0,0.0,0.0,0.0,0.0,0.04562801495194435,0.954371988773346,0.019521024078130722,0.9804790616035461,0.14748519659042358,0.8525148630142212,0.0,0.0,0.0,0.0
1781712180.5119367,0,0.0,False,100.0,4.954438193038868e-07,3.642199660359308e-12,True,0.025484891375526786,False,0.0,0.0,0.0,0.0,0.0,0.0,0.0,0.0,0.0,0.0,0.0,0.0,0.0,0.0,0.0,0.0,0.0,0.0,0.0,0.0,0.0,0.0,0.0,0.0,0.0,0.0,0.0,0.0,0.0,0.0,0.0,0.0,0.0,0.0,0.0,0.0,0.03991863131523132,0.9600813388824463,0.020828017964959145,0.9791719317436218,0.15880994498729706,0.8411900401115417,0.0,0.0,0.0,0.0
1781712181.137488,1,4.3478260869565215,True,0.026423399685882032,0.036820952664129436,99.93675351142883,False,99.99997615814209,True,0.0,0.0,0.0,0.0,0.0,0.0,0.0,0.0,0.0,0.0,0.0,0.0,0.0,0.0,0.0,0.0,0.0,0.0,0.0,0.0,0.0,0.0,0.0,0.0,0.0,0.0,0.0,0.0,0.0,0.0,0.0,0.0,0.0,0.0,0.0,0.0,0.7849424481391907,0.21505752205848694,0.3232980966567993,0.6767019033432007,0.0,0.0,0.0,0.0,0.0,0.0
1781712181.776826,1,4.3478260869565215,True,0.00015728011248938856,99.99984502792358,3.3572753466160066e-07,True,99.99995231628418,True,0.0,0.0,0.0,0.0,0.0,0.0,0.0,0.0,0.0,0.0,0.0,0.0,0.0,0.0,0.0,0.0,0.0,0.0,0.0,0.0,0.0,0.0,0.0,0.0,0.0,0.0,0.0,0.0,0.0,0.0,0.0,0.0,0.0,0.0,0.0,0.0,0.9593006372451782,0.04069933667778969,0.31667250394821167,0.6833274960517883,0.16553786396980286,0.8344621062278748,0.0,0.0,0.0,0.0
1781712182.5538085,0,0.0,False,95.86283564567566,4.13716621696949,3.9571499854673675e-06,True,0.004649638867704198,False,0.0,0.0,0.0,0.0,0.0,0.0,0.0,0.0,0.0,0.0,0.0,0.0,0.0,0.0,0.0,0.0,0.0,0.0,0.0,0.0,0.0,0.0,0.0,0.0,0.0,0.0,0.0,0.0,0.0,0.0,0.0,0.0,0.0,0.0,0.06181686744093895,0.9381831288337708,0.07303604483604431,0.9269639253616333,0.06503508239984512,0.9349648952484131,0.12457852065563202,0.8754214644432068,0.0,0.0,0.0,0.0
1781712183.4133246,1,4.3478260869565215,True,0.004661563070840202,99.99532699584961,1.3788111630219646e-05,True,99.99876022338867,True,0.0,0.0,0.0,0.0,0.0,0.0,0.0,0.0,0.0,0.0,0.0,0.0,0.0,0.0,0.0,0.0,0.0,0.0,0.0,0.0,0.0,0.0,0.0,0.0,0.0,0.0,0.0,0.0,0.0,0.0,0.0,0.0,0.0,0.0,0.12927821278572083,0.8707218170166016,0.9999079704284668,9.201626380672678e-05,0.43056949973106384,0.5694304704666138,0.0,0.0,0.0,0.0,0.0,0.0
1781712184.308568,0,0.0,False,100.0,3.0064579714661477e-07,2.717402142876895e-12,True,0.014479526726063341,False,0.0,0.0,0.0,0.0,0.0,0.0,0.0,0.0,0.0,0.0,0.0,0.0,0.0,0.0,0.0,0.0,0.0,0.0,0.0,0.0,0.0,0.0,0.0,0.0,0.0,0.0,0.0,0.0,0.0,0.0,0.0,0.0,0.0,0.0,0.4936622083187103,0.5063377618789673,0.07442815601825714,0.9255719184875488,0.07904733717441559,0.9209526777267456,0.0,0.0,0.0,0.0,0.0,0.0
1781712185.2103872,0,0.0,False,98.98324012756348,1.0145223699510098,0.002245531140943058,True,0.005247482840786688,False,0.0,0.0,0.0,0.0,0.0,0.0,0.0,0.0,0.0,0.0,0.0,0.0,0.0,0.0,0.0,0.0,0.0,0.0,0.0,0.0,0.0,0.0,0.0,0.0,0.0,0.0,0.0,0.0,0.0,0.0,0.0,0.0,0.0,0.0,0.353885680437088,0.6461142897605896,0.3827630579471588,0.6172369122505188,0.19891045987606049,0.8010895252227783,0.0,0.0,0.0,0.0,0.0,0.0
1781712186.1845224,1,8.695652173913043,True,0.04698265984188765,99.95300769805908,8.812752128051216e-06,True,99.9998688697815,True,0.0,0.0,0.0,0.0,0.0,0.0,0.0,0.0,0.0,0.0,0.0,0.0,0.0,0.0,0.0,0.0,0.0,0.0,0.0,0.0,0.0,0.0,0.0,0.0,0.0,0.0,0.0,0.0,0.0,0.0,0.0,0.0,0.0,0.0,0.4167005717754364,0.5832993984222412,0.829003632068634,0.17099635303020477,0.8367360830307007,0.1632639318704605,0.0,0.0,0.0,0.0,0.0,0.0
1781712186.8375752,1,8.695652173913043,True,6.075795422333385e-07,100.0,1.475541216988674e-09,True,99.99996423721313,True,0.0,0.0,0.0,0.0,0.0,0.0,0.0,0.0,0.0,0.0,0.0,0.0,0.0,0.0,0.0,0.0,0.0,0.0,0.0,0.0,0.0,0.0,0.0,0.0,0.0,0.0,0.0,0.0,0.0,0.0,0.0,0.0,0.10984277725219727,0.8901572823524475,0.9722583293914795,0.027741657570004463,0.8806226849555969,0.11937732994556427,0.0,0.0,0.0,0.0,0.0,0.0,0.0,0.0
1781712187.4431543,1,8.695652173913043,True,100.0,7.76731001565778e-11,5.884642287041044e-14,True,99.99961853027344,True,0.0,0.0,0.0,0.0,0.0,0.0,0.0,0.0,0.0,0.0,0.0,0.0,0.0,0.0,0.0,0.0,0.0,0.0,0.0,0.0,0.0,0.0,0.0,0.0,0.0,0.0,0.0,0.0,0.0,0.0,0.0,0.0,0.9203643202781677,0.07963573932647705,0.9846863746643066,0.015313672833144665,0.37697717547416687,0.6230227947235107,0.0,0.0,0.0,0.0,0.0,0.0,0.0,0.0
1781712188.0760956,1,4.3478260869565215,True,100.0,2.156190247744839e-17,1.956306729593717e-21,True,99.9987244606018,True,0.0,0.0,0.0,0.0,0.0,0.0,0.0,0.0,0.0,0.0,0.0,0.0,0.0,0.0,0.0,0.0,0.0,0.0,0.0,0.0,0.0,0.0,0.0,0.0,0.0,0.0,0.0,0.0,0.0,0.0,0.0,0.0,0.4327945113182068,0.567205548286438,0.9602082967758179,0.039791762828826904,0.15292832255363464,0.8470717072486877,0.0,0.0,0.0,0.0,0.0,0.0,0.0,0.0
1781712188.7011147,1,8.695652173913043,True,4.590686160099722e-05,99.99995231628418,2.978595425862096e-08,True,99.99945163726807,True,0.0,0.0,0.0,0.0,0.0,0.0,0.0,0.0,0.0,0.0,0.0,0.0,0.0,0.0,0.0,0.0,0.0,0.0,0.0,0.0,0.0,0.0,0.0,0.0,0.0,0.0,0.0,0.0,0.0,0.0,0.0,0.0,0.9014581441879272,0.09854188561439514,0.9562799334526062,0.043720100075006485,0.15013647079467773,0.8498634696006775,0.0,0.0,0.0,0.0,0.0,0.0,0.0,0.0
1781712189.336241,1,13.043478260869565,True,0.7446900475770235,99.2489755153656,0.006334680801955983,True,99.98488426208496,True,0.0,0.0,0.0,0.0,0.0,0.0,0.0,0.0,0.0,0.0,0.0,0.0,0.0,0.0,0.0,0.0,0.0,0.0,0.0,0.0,0.0,0.0,0.0,0.0,0.0,0.0,0.0,0.0,0.0,0.0,0.0,0.0,0.9390692710876465,0.06093068793416023,1.0,1.851138087261006e-08,0.7466079592704773,0.2533920705318451,0.0,0.0,0.0,0.0,0.0,0.0,0.0,0.0
1781712189.957139,1,8.695652173913043,True,1.5997699165382073e-06,100.0,4.7599264807463015e-09,True,99.99992847442627,True,0.0,0.0,0.0,0.0,0.0,0.0,0.0,0.0,0.0,0.0,0.0,0.0,0.0,0.0,0.0,0.0,0.0,0.0,0.0,0.0,0.0,0.0,0.0,0.0,0.0,0.0,0.0,0.0,0.0,0.0,0.0,0.0,0.12597477436065674,0.874025285243988,0.9999998807907104,1.0614757428584198e-07,0.7471654415130615,0.25283458828926086,0.0,0.0,0.0,0.0,0.0,0.0,0.0,0.0
1781712190.6008518,0,4.3478260869565215,True,100.0,2.052811975503256e-15,7.179845632038787e-23,True,99.99767541885376,True,0.0,0.0,0.0,0.0,0.0,0.0,0.0,0.0,0.0,0.0,0.0,0.0,0.0,0.0,0.0,0.0,0.0,0.0,0.0,0.0,0.0,0.0,0.0,0.0,0.0,0.0,0.0,0.0,0.0,0.0,0.0,0.0,0.0,0.0,0.6113171577453613,0.3886827826499939,0.020829420536756516,0.979170560836792,0.0,0.0,0.0,0.0,0.0,0.0,0.0,0.0
1781712191.223777,1,4.3478260869565215,True,100.0,9.881979674657149e-12,3.093646702154315e-17,True,99.99995231628418,True,0.0,0.0,0.0,0.0,0.0,0.0,0.0,0.0,0.0,0.0,0.0,0.0,0.0,0.0,0.0,0.0,0.0,0.0,0.0,0.0,0.0,0.0,0.0,0.0,0.0,0.0,0.0,0.0,0.0,0.0,0.0,0.0,0.01882694661617279,0.9811730980873108,1.0,4.963539979030429e-08,0.1669265180826187,0.8330734968185425,0.0,0.0,0.0,0.0,0.0,0.0,0.0,0.0
1781712191.8355093,1,13.043478260869565,True,0.20851646549999714,99.79135394096375,0.00013251280961412704,True,99.99996423721313,True,0.0,0.0,0.0,0.0,0.0,0.0,0.0,0.0,0.0,0.0,0.0,0.0,0.0,0.0,0.0,0.0,0.0,0.0,0.0,0.0,0.0,0.0,0.0,0.0,0.0,0.0,0.0,0.0,0.0,0.0,0.0,0.0,0.8516591191291809,0.1483408808708191,1.0,4.0249755528520836e-08,0.696476936340332,0.3035230040550232,0.0,0.0,0.0,0.0,0.0,0.0,0.0,0.0
1781712192.460939,1,8.695652173913043,True,100.0,2.6521273210415445e-18,4.815497973483653e-26,True,99.99899864196777,True,0.0,0.0,0.0,0.0,0.0,0.0,0.0,0.0,0.0,0.0,0.0,0.0,0.0,0.0,0.0,0.0,0.0,0.0,0.0,0.0,0.0,0.0,0.0,0.0,0.0,0.0,0.0,0.0,0.0,0.0,0.0,0.0,0.07572828233242035,0.9242717623710632,0.9999998807907104,6.794817153377153e-08,0.5298970341682434,0.4701029658317566,0.0,0.0,0.0,0.0,0.0,0.0,0.0,0.0
1781712193.0984743,1,4.3478260869565215,True,98.89159202575684,1.1084013618528843,7.068041707469774e-07,True,99.9998927116394,True,0.0,0.0,0.0,0.0,0.0,0.0,0.0,0.0,0.0,0.0,0.0,0.0,0.0,0.0,0.0,0.0,0.0,0.0,0.0,0.0,0.0,0.0,0.0,0.0,0.0,0.0,0.0,0.0,0.0,0.0,0.0,0.0,0.31446313858032227,0.6855369210243225,0.9999998807907104,7.736633733657072e-08,0.24082881212234497,0.759171187877655,0.0,0.0,0.0,0.0,0.0,0.0,0.0,0.0
1781712193.7240705,1,8.695652173913043,True,0.0004163800895184977,99.99958276748657,8.416888519491295e-07,True,99.99996423721313,True,0.0,0.0,0.0,0.0,0.0,0.0,0.0,0.0,0.0,0.0,0.0,0.0,0.0,0.0,0.0,0.0,0.0,0.0,0.0,0.0,0.0,0.0,0.0,0.0,0.0,0.0,0.0,0.0,0.0,0.0,0.0,0.0,0.47380009293556213,0.5261999368667603,0.9999481439590454,5.189057264942676e-05,0.6191073656082153,0.3808925747871399,0.0,0.0,0.0,0.0,0.0,0.0,0.0,0.0
1781712194.3504548,0,0.0,False,0.0005333489298209315,99.99946355819702,7.637767751589308e-07,True,0.003921395546058193,False,0.0,0.0,0.0,0.0,0.0,0.0,0.0,0.0,0.0,0.0,0.0,0.0,0.0,0.0,0.0,0.0,0.0,0.0,0.0,0.0,0.0,0.0,0.0,0.0,0.0,0.0,0.0,0.0,0.0,0.0,0.0,0.0,0.4201434254646301,0.5798565745353699,0.021917138248682022,0.9780828952789307,0.199253112077713,0.8007469177246094,0.0,0.0,0.0,0.0,0.0,0.0,0.0,0.0
1781712195.0014553,0,0.0,False,99.74148273468018,0.25846061762422323,5.919757768424461e-05,True,0.005072199928690679,False,0.0,0.0,0.0,0.0,0.0,0.0,0.0,0.0,0.0,0.0,0.0,0.0,0.0,0.0,0.0,0.0,0.0,0.0,0.0,0.0,0.0,0.0,0.0,0.0,0.0,0.0,0.0,0.0,0.0,0.0,0.0,0.0,0.11898890882730484,0.8810111284255981,0.035107824951410294,0.9648922085762024,0.0,0.0,0.0,0.0,0.0,0.0,0.0,0.0,0.0,0.0
1781712195.6658654,0,0.0,False,99.99282360076904,0.007178184750955552,4.5665596304367284e-08,True,0.0059093188610859215,False,0.0,0.0,0.0,0.0,0.0,0.0,0.0,0.0,0.0,0.0,0.0,0.0,0.0,0.0,0.0,0.0,0.0,0.0,0.0,0.0,0.0,0.0,0.0,0.0,0.0,0.0,0.0,0.0,0.0,0.0,0.0,0.0,0.043536607176065445,0.9564634561538696,0.024424074217677116,0.9755759835243225,0.0,0.0,0.0,0.0,0.0,0.0,0.0,0.0,0.0,0.0
1781712196.307338,1,8.695652173913043,True,0.9443815797567368,99.05400276184082,0.0016139782019308768,True,99.99973773956299,True,0.0,0.0,0.0,0.0,0.0,0.0,0.0,0.0,0.0,0.0,0.0,0.0,0.0,0.0,0.0,0.0,0.0,0.0,0.0,0.0,0.0,0.0,0.0,0.0,0.0,0.0,0.0,0.0,0.0,0.0,0.0,0.0,0.8536092638969421,0.14639072120189667,0.8041098117828369,0.19589018821716309,0.45412716269493103,0.5458728075027466,0.0,0.0,0.0,0.0,0.0,0.0,0.0,0.0
1781712197.2973669,0,4.3478260869565215,True,0.025805531186051667,0.0006946494977455586,99.97350573539734,False,99.99988079071045,True,0.0,0.0,0.0,0.0,0.0,0.0,0.0,0.0,0.0,0.0,0.0,0.0,0.0,0.0,0.0,0.0,0.0,0.0,0.0,0.0,0.0,0.0,0.0,0.0,0.0,0.0,0.0,0.0,0.0,0.0,0.0,0.0,0.0,0.0,0.14553804695606232,0.8544619679450989,0.5007830262184143,0.49921703338623047,0.0,0.0,0.0,0.0,0.0,0.0,0.0,0.0
1781712198.2053216,1,0.0,False,99.99998807907104,1.2867789678239205e-05,7.815504687869179e-07,True,0.0049226120609091595,False,0.0,0.0,0.0,0.0,0.0,0.0,0.0,0.0,0.0,0.0,0.0,0.0,0.0,0.0,0.0,0.0,0.0,0.0,0.0,0.0,0.0,0.0,0.0,0.0,0.0,0.0,0.0,0.0,0.0,0.0,0.0,0.0,0.0,0.0,0.4590263068675995,0.5409736633300781,0.1171882152557373,0.8828117847442627,0.0,0.0,0.0,0.0,0.0,0.0,0.0,0.0
1781712199.1249964,0,0.0,False,0.016783023602329195,99.9830961227417,0.00011694457953126403,True,0.004579970482154749,False,0.0,0.0,0.0,0.0,0.0,0.0,0.0,0.0,0.0,0.0,0.0,0.0,0.0,0.0,0.0,0.0,0.0,0.0,0.0,0.0,0.0,0.0,0.0,0.0,0.0,0.0,0.0,0.0,0.0,0.0,0.0,0.0,0.0,0.0,0.36482757329940796,0.635172426700592,0.029542407020926476,0.9704575538635254,0.0,0.0,0.0,0.0,0.0,0.0,0.0,0.0
1781712200.9090455,1,8.695652173913043,True,3.85330061192235e-06,100.0,1.5329519598150654e-08,True,99.99990463256836,True,0.0,0.0,0.0,0.0,0.0,0.0,0.0,0.0,0.0,0.0,0.0,0.0,0.0,0.0,0.0,0.0,0.0,0.0,0.0,0.0,0.0,0.0,0.0,0.0,0.0,0.0,0.0,0.0,0.0,0.0,0.0,0.0,0.0,0.0,0.6938425898551941,0.3061574697494507,0.945552408695221,0.054447636008262634,0.09864044934511185,0.9013595581054688,0.0,0.0,0.0,0.0,0.0,0.0
1781712201.507839,1,8.695652173913043,True,8.99747135463258e-05,99.99990463256836,1.338481825374771e-08,True,99.99977350234985,True,0.0,0.0,0.0,0.0,0.0,0.0,0.0,0.0,0.0,0.0,0.0,0.0,0.0,0.0,0.0,0.0,0.0,0.0,0.0,0.0,0.0,0.0,0.0,0.0,0.0,0.0,0.0,0.0,0.0,0.0,0.0,0.0,0.0,0.0,0.9244670867919922,0.07553286850452423,0.9981178045272827,0.0018821652047336102,0.49001866579055786,0.5099813938140869,0.0,0.0,0.0,0.0,0.0,0.0
1781712202.130907,0,4.3478260869565215,True,3.662273684312822e-05,99.99996423721313,4.765248265425903e-09,True,99.9998927116394,True,0.0,0.0,0.0,0.0,0.0,0.0,0.0,0.0,0.0,0.0,0.0,0.0,0.0,0.0,0.0,0.0,0.0,0.0,0.0,0.0,0.0,0.0,0.0,0.0,0.0,0.0,0.0,0.0,0.0,0.0,0.0,0.0,0.0,0.0,0.02171197347342968,0.9782880544662476,0.053846996277570724,0.9461530447006226,0.5860002040863037,0.41399985551834106,0.0,0.0,0.0,0.0,0.0,0.0
1781712202.7457137,0,0.0,False,100.0,1.790709108773214e-08,1.642970220152261e-13,True,0.022971337602939457,False,0.0,0.0,0.0,0.0,0.0,0.0,0.0,0.0,0.0,0.0,0.0,0.0,0.0,0.0,0.0,0.0,0.0,0.0,0.0,0.0,0.0,0.0,0.0,0.0,0.0,0.0,0.0,0.0,0.0,0.0,0.0,0.0,0.0,0.0,0.11663708090782166,0.8833629488945007,0.04917355626821518,0.9508264064788818,0.021427467465400696,0.9785726070404053,0.0,0.0,0.0,0.0,0.0,0.0
1781712203.3525486,0,0.0,False,5.21754479620995e-06,100.0,1.1787630593840248e-08,True,0.010455773735884577,False,0.0,0.0,0.0,0.0,0.0,0.0,0.0,0.0,0.0,0.0,0.0,0.0,0.0,0.0,0.0,0.0,0.0,0.0,0.0,0.0,0.0,0.0,0.0,0.0,0.0,0.0,0.0,0.0,0.0,0.0,0.0,0.0,0.0,0.0,0.022646071389317513,0.9773538708686829,0.05255338177084923,0.9474465847015381,0.039137620478868484,0.9608623385429382,0.0,0.0,0.0,0.0,0.0,0.0
1781712203.9753313,1,8.695652173913043,True,100.0,2.4360249928356836e-09,1.5256431867655357e-14,True,99.9992847442627,True,0.0,0.0,0.0,0.0,0.0,0.0,0.0,0.0,0.0,0.0,0.0,0.0,0.0,0.0,0.0,0.0,0.0,0.0,0.0,0.0,0.0,0.0,0.0,0.0,0.0,0.0,0.0,0.0,0.0,0.0,0.0,0.0,0.0,0.0,0.9114260077476501,0.08857400715351105,0.5020861625671387,0.49791383743286133,0.0,0.0,0.0,0.0,0.0,0.0,0.0,0.0
1781712204.5770378,0,0.0,False,1.1046632053535177e-06,100.0,1.918827770286402e-09,True,0.003385376840014942,False,0.0,0.0,0.0,0.0,0.0,0.0,0.0,0.0,0.0,0.0,0.0,0.0,0.0,0.0,0.0,0.0,0.0,0.0,0.0,0.0,0.0,0.0,0.0,0.0,0.0,0.0,0.0,0.0,0.0,0.0,0.0,0.0,0.01426956057548523,0.9857304096221924,0.02363809011876583,0.9763619303703308,0.1342947632074356,0.8657051920890808,0.0,0.0,0.0,0.0,0.0,0.0,0.0,0.0
1781712205.2005875,0,4.3478260869565215,True,3.8893716691745794e-05,99.99996423721313,2.006539240317906e-08,True,99.99994039535522,True,0.0,0.0,0.0,0.0,0.0,0.0,0.0,0.0,0.0,0.0,0.0,0.0,0.0,0.0,0.0,0.0,0.0,0.0,0.0,0.0,0.0,0.0,0.0,0.0,0.0,0.0,0.0,0.0,0.0,0.0,0.0,0.0,0.09465755522251129,0.9053424596786499,0.09700929373502731,0.9029907584190369,0.9424168467521667,0.05758319050073624,0.0,0.0,0.0,0.0,0.0,0.0,0.0,0.0
1781712205.8343742,1,8.695652173913043,True,1.3365685447297437e-06,100.0,2.0559763960759092e-09,True,99.9997615814209,True,0.0,0.0,0.0,0.0,0.0,0.0,0.0,0.0,0.0,0.0,0.0,0.0,0.0,0.0,0.0,0.0,0.0,0.0,0.0,0.0,0.0,0.0,0.0,0.0,0.0,0.0,0.0,0.0,0.0,0.0,0.0,0.0,0.3664257824420929,0.6335741877555847,0.9998220801353455,0.0001779637241270393,0.6637994647026062,0.3362005054950714,0.0,0.0,0.0,0.0,0.0,0.0,0.0,0.0
1781712206.450207,1,8.695652173913043,True,100.0,8.551496404713647e-14,2.8927152255832935e-19,True,99.99368190765381,True,0.0,0.0,0.0,0.0,0.0,0.0,0.0,0.0,0.0,0.0,0.0,0.0,0.0,0.0,0.0,0.0,0.0,0.0,0.0,0.0,0.0,0.0,0.0,0.0,0.0,0.0,0.0,0.0,0.0,0.0,0.0,0.0,0.1463468074798584,0.8536532521247864,0.9982155561447144,0.001784486579708755,0.9989128112792969,0.0010871387785300612,0.19261334836483002,0.8073866367340088,0.0,0.0,0.0,0.0,0.0,0.0
1781712207.0825422,1,8.695652173913043,True,99.27061200141907,0.7288767956197262,0.0005088962097943295,True,99.99996423721313,True,0.0,0.0,0.0,0.0,0.0,0.0,0.0,0.0,0.0,0.0,0.0,0.0,0.0,0.0,0.0,0.0,0.0,0.0,0.0,0.0,0.0,0.0,0.0,0.0,0.0,0.0,0.0,0.0,0.0,0.0,0.0,0.0,0.0,0.0,0.899186909198761,0.10081306844949722,0.9957004189491272,0.004299526568502188,0.38264355063438416,0.6173564195632935,0.0,0.0,0.0,0.0,0.0,0.0
1781712207.7095988,0,0.0,False,0.01304328761762008,0.0003231990604035673,99.98663663864136,False,0.028370990185067058,False,0.0,0.0,0.0,0.0,0.0,0.0,0.0,0.0,0.0,0.0,0.0,0.0,0.0,0.0,0.0,0.0,0.0,0.0,0.0,0.0,0.0,0.0,0.0,0.0,0.0,0.0,0.0,0.0,0.0,0.0,0.0,0.0,0.0,0.0,0.0,0.0,0.1203768327832222,0.8796231746673584,0.06391169875860214,0.9360882639884949,0.0,0.0,0.0,0.0,0.0,0.0
1781712208.335619,1,0.0,False,0.0067900757130701095,0.0008092639291135129,99.99239444732666,False,0.0008203836841857992,False,0.0,0.0,0.0,0.0,0.0,0.0,0.0,0.0,0.0,0.0,0.0,0.0,0.0,0.0,0.0,0.0,0.0,0.0,0.0,0.0,0.0,0.0,0.0,0.0,0.0,0.0,0.0,0.0,0.0,0.0,0.0,0.0,0.0,0.0,0.0,0.0,0.3664751648902893,0.6335248947143555,0.49745163321495056,0.5025483965873718,0.0,0.0,0.0,0.0,0.0,0.0
1781712208.964787,1,4.3478260869565215,True,0.03857015981338918,0.08454736089333892,99.87688660621643,False,99.99909400939941,True,0.0,0.0,0.0,0.0,0.0,0.0,0.0,0.0,0.0,0.0,0.0,0.0,0.0,0.0,0.0,0.0,0.0,0.0,0.0,0.0,0.0,0.0,0.0,0.0,0.0,0.0,0.0,0.0,0.0,0.0,0.0,0.0,0.0,0.0,0.0,0.0,0.0,0.0,0.6388009786605835,0.3611990511417389,0.0,0.0,0.0,0.0,0.0,0.0
1781712209.5926378,1,0.0,False,0.020528401364572346,0.0006032746114215115,99.97887015342712,False,0.009729198791319504,False,0.0,0.0,0.0,0.0,0.0,0.0,0.0,0.0,0.0,0.0,0.0,0.0,0.0,0.0,0.0,0.0,0.0,0.0,0.0,0.0,0.0,0.0,0.0,0.0,0.0,0.0,0.0,0.0,0.0,0.0,0.0,0.0,0.0,0.0,0.0,0.0,0.0,0.0,0.0,0.0,0.0,0.0,0.0,0.0,0.0,0.0
1781712210.2289338,1,4.3478260869565215,True,0.003104776988038793,0.0015361070836661384,99.99536275863647,False,99.94329810142517,True,0.0,0.0,0.0,0.0,0.0,0.0,0.0,0.0,0.0,0.0,0.0,0.0,0.0,0.0,0.0,0.0,0.0,0.0,0.0,0.0,0.0,0.0,0.0,0.0,0.0,0.0,0.0,0.0,0.0,0.0,0.0,0.0,0.0,0.0,0.0,0.0,0.6338547468185425,0.3661452531814575,0.14342112839221954,0.8565788865089417,0.0,0.0,0.0,0.0,0.0,0.0
1781712211.0426915,0,0.0,False,0.008323435758939013,0.0004558924501907313,99.99122619628906,False,0.029043538961559534,False,0.0,0.0,0.0,0.0,0.0,0.0,0.0,0.0,0.0,0.0,0.0,0.0,0.0,0.0,0.0,0.0,0.0,0.0,0.0,0.0,0.0,0.0,0.0,0.0,0.0,0.0,0.0,0.0,0.0,0.0,0.0,0.0,0.0,0.0,0.0,0.0,0.30530351400375366,0.6946965456008911,0.029100794345140457,0.970899224281311,0.0,0.0,0.0,0.0,0.0,0.0
1781712211.9469872,1,0.0,False,100.0,2.570871372232532e-12,1.2040072642455343e-17,True,0.02615723351482302,False,0.0,0.0,0.0,0.0,0.0,0.0,0.0,0.0,0.0,0.0,0.0,0.0,0.0,0.0,0.0,0.0,0.0,0.0,0.0,0.0,0.0,0.0,0.0,0.0,0.0,0.0,0.0,0.0,0.0,0.0,0.0,0.0,0.0,0.0,0.0,0.0,0.14174287021160126,0.8582571744918823,0.13322916626930237,0.8667708039283752,0.35194671154022217,0.6480532884597778,0.0,0.0,0.0,0.0
1781712212.8965979,1,4.3478260869565215,True,100.0,4.213649639292027e-18,2.0350246312730397e-25,True,100.0,True,0.0,0.0,0.0,0.0,0.0,0.0,0.0,0.0,0.0,0.0,0.0,0.0,0.0,0.0,0.0,0.0,0.0,0.0,0.0,0.0,0.0,0.0,0.0,0.0,0.0,0.0,0.0,0.0,0.0,0.0,0.0,0.0,0.0,0.0,0.0,0.0,0.0,0.0,0.8162419199943542,0.18375809490680695,0.16018235683441162,0.8398175835609436,0.0,0.0,0.0,0.0
1781712213.7167444,1,0.0,False,0.014744310465175658,0.00030714429612999083,99.98494386672974,False,0.05146389012224972,False,0.0,0.0,0.0,0.0,0.0,0.0,0.0,0.0,0.0,0.0,0.0,0.0,0.0,0.0,0.0,0.0,0.0,0.0,0.0,0.0,0.0,0.0,0.0,0.0,0.0,0.0,0.0,0.0,0.0,0.0,0.0,0.0,0.0,0.0,0.0,0.0,0.0,0.0,0.0,0.0,0.0,0.0,0.0,0.0,0.0,0.0
1781712214.6142142,1,0.0,False,0.02866444701794535,0.0017826740076998249,99.96955394744873,False,0.0007210122930700891,False,0.0,0.0,0.0,0.0,0.0,0.0,0.0,0.0,0.0,0.0,0.0,0.0,0.0,0.0,0.0,0.0,0.0,0.0,0.0,0.0,0.0,0.0,0.0,0.0,0.0,0.0,0.0,0.0,0.0,0.0,0.0,0.0,0.0,0.0,0.0,0.0,0.0,0.0,0.0,0.0,0.0,0.0,0.0,0.0,0.0,0.0
1781712215.2205684,0,0.0,False,0.025805531186051667,0.0006946494977455586,99.97350573539734,False,0.0038188518374226987,False,0.0,0.0,0.0,0.0,0.0,0.0,0.0,0.0,0.0,0.0,0.0,0.0,0.0,0.0,0.0,0.0,0.0,0.0,0.0,0.0,0.0,0.0,0.0,0.0,0.0,0.0,0.0,0.0,0.0,0.0,0.0,0.0,0.0,0.0,0.0,0.0,0.0,0.0,0.0,0.0,0.0,0.0,0.0,0.0,0.0,0.0
1781712215.8431518,1,0.0,False,0.02866444701794535,0.0017826740076998249,99.96955394744873,False,0.006952628609724343,False,0.0,0.0,0.0,0.0,0.0,0.0,0.0,0.0,0.0,0.0,0.0,0.0,0.0,0.0,0.0,0.0,0.0,0.0,0.0,0.0,0.0,0.0,0.0,0.0,0.0,0.0,0.0,0.0,0.0,0.0,0.0,0.0,0.0,0.0,0.0,0.0,0.0,0.0,0.0,0.0,0.0,0.0,0.0,0.0,0.0,0.0
1781712216.974908,0,0.0,False,0.020528401364572346,0.0006032746114215115,99.97887015342712,False,0.0034459513699403033,False,0.0,0.0,0.0,0.0,0.0,0.0,0.0,0.0,0.0,0.0,0.0,0.0,0.0,0.0,0.0,0.0,0.0,0.0,0.0,0.0,0.0,0.0,0.0,0.0,0.0,0.0,0.0,0.0,0.0,0.0,0.0,0.0,0.0,0.0,0.0,0.0,0.0,0.0,0.0,0.0,0.0,0.0,0.0,0.0,0.0,0.0
1781712218.059177,1,0.0,False,0.017625630425754935,0.0009140459951595403,99.98145699501038,False,0.0008203836841857992,False,0.0,0.0,0.0,0.0,0.0,0.0,0.0,0.0,0.0,0.0,0.0,0.0,0.0,0.0,0.0,0.0,0.0,0.0,0.0,0.0,0.0,0.0,0.0,0.0,0.0,0.0,0.0,0.0,0.0,0.0,0.0,0.0,0.0,0.0,0.0,0.0,0.0,0.0,0.0,0.0,0.0,0.0,0.0,0.0,0.0,0.0
1781712218.6666558,0,0.0,False,0.00921348255360499,0.00025606973395042587,99.99053478240967,False,8.128066610879614e-05,False,0.0,0.0,0.0,0.0,0.0,0.0,0.0,0.0,0.0,0.0,0.0,0.0,0.0,0.0,0.0,0.0,0.0,0.0,0.0,0.0,0.0,0.0,0.0,0.0,0.0,0.0,0.0,0.0,0.0,0.0,0.0,0.0,0.0,0.0,0.0,0.0,0.0,0.0,0.0,0.0,0.0,0.0,0.0,0.0,0.0,0.0
1781712219.2656372,0,0.0,False,0.008941604028223082,0.0018591816115076654,99.9891996383667,False,0.0008087965397862718,False,0.0,0.0,0.0,0.0,0.0,0.0,0.0,0.0,0.0,0.0,0.0,0.0,0.0,0.0,0.0,0.0,0.0,0.0,0.0,0.0,0.0,0.0,0.0,0.0,0.0,0.0,0.0,0.0,0.0,0.0,0.0,0.0,0.0,0.0,0.0,0.0,0.0,0.0,0.0,0.0,0.0,0.0,0.0,0.0,0.0,0.0
1781712219.8960507,1,0.0,False,0.005888918531127274,0.0007125744104996556,99.99339580535889,False,0.004649638867704198,False,0.0,0.0,0.0,0.0,0.0,0.0,0.0,0.0,0.0,0.0,0.0,0.0,0.0,0.0,0.0,0.0,0.0,0.0,0.0,0.0,0.0,0.0,0.0,0.0,0.0,0.0,0.0,0.0,0.0,0.0,0.0,0.0,0.0,0.0,0.0,0.0,0.0,0.0,0.0,0.0,0.0,0.0,0.0,0.0,0.0,0.0
1781712220.5349572,0,0.0,False,0.02287515817442909,0.001392038757330738,99.97573494911194,False,0.0013216091247159056,False,0.0,0.0,0.0,0.0,0.0,0.0,0.0,0.0,0.0,0.0,0.0,0.0,0.0,0.0,0.0,0.0,0.0,0.0,0.0,0.0,0.0,0.0,0.0,0.0,0.0,0.0,0.0,0.0,0.0,0.0,0.0,0.0,0.0,0.0,0.0,0.0,0.0,0.0,0.0,0.0,0.0,0.0,0.0,0.0,0.0,0.0
1781712221.1566563,1,0.0,False,0.0192684936337173,0.0005940702521911589,99.98013377189636,False,0.0023546823285869323,False,0.0,0.0,0.0,0.0,0.0,0.0,0.0,0.0,0.0,0.0,0.0,0.0,0.0,0.0,0.0,0.0,0.0,0.0,0.0,0.0,0.0,0.0,0.0,0.0,0.0,0.0,0.0,0.0,0.0,0.0,0.0,0.0,0.0,0.0,0.0,0.0,0.0,0.0,0.0,0.0,0.0,0.0,0.0,0.0,0.0,0.0
1781712221.793843,1,0.0,False,0.11008630972355604,0.08894144557416439,99.8009741306305,False,0.0503156625200063,False,0.0,0.0,0.0,0.0,0.0,0.0,0.0,0.0,0.0,0.0,0.0,0.0,0.0,0.0,0.0,0.0,0.0,0.0,0.0,0.0,0.0,0.0,0.0,0.0,0.0,0.0,0.0,0.0,0.0,0.0,0.0,0.0,0.0,0.0,0.0,0.0,0.0,0.0,0.0,0.0,0.0,0.0,0.0,0.0,0.0,0.0
1781712222.4088526,0,0.0,False,0.021742699027527124,0.0004185833404335426,99.97784495353699,False,0.009735713683767244,False,0.0,0.0,0.0,0.0,0.0,0.0,0.0,0.0,0.0,0.0,0.0,0.0,0.0,0.0,0.0,0.0,0.0,0.0,0.0,0.0,0.0,0.0,0.0,0.0,0.0,0.0,0.0,0.0,0.0,0.0,0.0,0.0,0.0,0.0,0.0,0.0,0.1644614189863205,0.8355386257171631,0.022054951637983322,0.9779450297355652,0.0,0.0,0.0,0.0,0.0,0.0
1781712223.01522,1,0.0,False,100.0,8.400768969352157e-08,6.534219508785161e-12,True,0.028370990185067058,False,0.0,0.0,0.0,0.0,0.0,0.0,0.0,0.0,0.0,0.0,0.0,0.0,0.0,0.0,0.0,0.0,0.0,0.0,0.0,0.0,0.0,0.0,0.0,0.0,0.0,0.0,0.0,0.0,0.0,0.0,0.0,0.0,0.0,0.0,0.0,0.0,0.3963989317417145,0.6036010384559631,0.46684131026268005,0.5331587195396423,0.0,0.0,0.0,0.0,0.0,0.0
1781712223.6537228,0,0.0,False,100.0,4.050327867975289e-17,6.449408982646169e-25,True,0.1193658565171063,False,0.0,0.0,0.0,0.0,0.0,0.0,0.0,0.0,0.0,0.0,0.0,0.0,0.0,0.0,0.0,0.0,0.0,0.0,0.0,0.0,0.0,0.0,0.0,0.0,0.0,0.0,0.0,0.0,0.0,0.0,0.0,0.0,0.0,0.0,0.16419337689876556,0.8358066082000732,0.03075394779443741,0.9692460298538208,0.06859736889600754,0.9314026236534119,0.0,0.0,0.0,0.0,0.0,0.0
1781712224.257849,0,0.0,False,100.0,1.171491750793658e-16,5.898963514594387e-20,True,0.007999976514838636,False,0.0,0.0,0.0,0.0,0.0,0.0,0.0,0.0,0.0,0.0,0.0,0.0,0.0,0.0,0.0,0.0,0.0,0.0,0.0,0.0,0.0,0.0,0.0,0.0,0.0,0.0,0.0,0.0,0.0,0.0,0.0,0.0,0.0,0.0,0.029625019058585167,0.9703749418258667,0.16662593185901642,0.8333740234375,0.06218431517481804,0.9378157258033752,0.0,0.0,0.0,0.0,0.0,0.0
1781712224.9912872,0,0.0,False,0.0005425063591246726,99.99945163726807,1.2743805122283902e-06,True,0.33850420732051134,False,0.0,0.0,0.0,0.0,0.0,0.0,0.0,0.0,0.0,0.0,0.0,0.0,0.0,0.0,0.0,0.0,0.0,0.0,0.0,0.0,0.0,0.0,0.0,0.0,0.0,0.0,0.0,0.0,0.0,0.0,0.0,0.0,0.0,0.0,0.3827575445175171,0.6172424554824829,0.08679823577404022,0.9132018089294434,0.02902815490961075,0.9709718227386475,0.0,0.0,0.0,0.0,0.0,0.0
1781712226.9983194,0,0.0,False,100.0,2.493003314896214e-06,5.572361772010481e-06,True,0.33850420732051134,False,0.0,0.0,0.0,0.0,0.0,0.0,0.0,0.0,0.0,0.0,0.0,0.0,0.0,0.0,0.0,0.0,0.0,0.0,0.0,0.0,0.0,0.0,0.0,0.0,0.0,0.0,0.0,0.0,0.0,0.0,0.0,0.0,0.06567669659852982,0.9343233108520508,0.1357954889535904,0.864204466342926,0.04524856060743332,0.9547513723373413,0.0,0.0,0.0,0.0,0.0,0.0,0.0,0.0
1781712227.9321418,1,0.0,False,100.0,3.261288266352691e-11,6.758308795658327e-16,True,9.854205700321472e-05,False,0.0,0.0,0.0,0.0,0.0,0.0,0.0,0.0,0.0,0.0,0.0,0.0,0.0,0.0,0.0,0.0,0.0,0.0,0.0,0.0,0.0,0.0,0.0,0.0,0.0,0.0,0.0,0.0,0.0,0.0,0.0,0.0,0.11773433536291122,0.8822656273841858,0.20217162370681763,0.7978283762931824,0.17119136452674866,0.8288086652755737,0.0,0.0,0.0,0.0,0.0,0.0,0.0,0.0
1781712228.7980216,0,0.0,False,100.0,2.1569084138108735e-11,1.4032096748423787e-17,True,2.288372513703507e-05,False,0.0,0.0,0.0,0.0,0.0,0.0,0.0,0.0,0.0,0.0,0.0,0.0,0.0,0.0,0.0,0.0,0.0,0.0,0.0,0.0,0.0,0.0,0.0,0.0,0.0,0.0,0.0,0.0,0.0,0.0,0.0,0.0,0.08564431965351105,0.9143556952476501,0.04589933902025223,0.9541007280349731,0.0,0.0,0.0,0.0,0.0,0.0,0.0,0.0,0.0,0.0
1781712229.405869,1,4.3478260869565215,True,0.0115200447908137,0.0002891529902626644,99.98819828033447,False,99.94329810142517,True,0.0,0.0,0.0,0.0,0.0,0.0,0.0,0.0,0.0,0.0,0.0,0.0,0.0,0.0,0.0,0.0,0.0,0.0,0.0,0.0,0.0,0.0,0.0,0.0,0.0,0.0,0.0,0.0,0.0,0.0,0.0,0.0,0.3350754380226135,0.6649245619773865,0.6121194958686829,0.38788050413131714,0.0,0.0,0.0,0.0,0.0,0.0,0.0,0.0,0.0,0.0
1781712230.0285175,0,0.0,False,0.04600791144184768,99.95384216308594,0.0001533478325654869,True,0.011909124441444874,False,0.0,0.0,0.0,0.0,0.0,0.0,0.0,0.0,0.0,0.0,0.0,0.0,0.0,0.0,0.0,0.0,0.0,0.0,0.0,0.0,0.0,0.0,0.0,0.0,0.0,0.0,0.0,0.0,0.0,0.0,0.0,0.0,0.03482721373438835,0.9651727676391602,0.07851764559745789,0.9214823842048645,0.0,0.0,0.0,0.0,0.0,0.0,0.0,0.0,0.0,0.0
1781712230.6992347,0,0.0,False,100.0,8.933930456909983e-15,3.151522267792663e-18,True,0.011841589002870023,False,0.0,0.0,0.0,0.0,0.0,0.0,0.0,0.0,0.0,0.0,0.0,0.0,0.0,0.0,0.0,0.0,0.0,0.0,0.0,0.0,0.0,0.0,0.0,0.0,0.0,0.0,0.0,0.0,0.0,0.0,0.0,0.0,0.1556740552186966,0.8443259596824646,0.046071529388427734,0.953928530216217,0.0,0.0,0.0,0.0,0.0,0.0,0.0,0.0,0.0,0.0
1781712231.309172,1,4.3478260869565215,True,64.50453400611877,35.49545705318451,1.799150624037793e-05,True,99.99566078186035,True,0.0,0.0,0.0,0.0,0.0,0.0,0.0,0.0,0.0,0.0,0.0,0.0,0.0,0.0,0.0,0.0,0.0,0.0,0.0,0.0,0.0,0.0,0.0,0.0,0.0,0.0,0.0,0.0,0.0,0.0,0.0245157890021801,0.9754841923713684,0.6494317054748535,0.35056832432746887,0.06821279972791672,0.9317871928215027,0.0,0.0,0.0,0.0,0.0,0.0,0.0,0.0,0.0,0.0
1781712231.9346757,1,8.695652173913043,True,100.0,5.15298380341137e-13,3.4644329139525628e-15,True,99.87854361534119,True,0.0,0.0,0.0,0.0,0.0,0.0,0.0,0.0,0.0,0.0,0.0,0.0,0.0,0.0,0.0,0.0,0.0,0.0,0.0,0.0,0.0,0.0,0.0,0.0,0.0,0.0,0.0,0.0,0.0,0.0,0.7327448129653931,0.2672552168369293,0.9910189509391785,0.008981018327176571,0.440189391374588,0.5598105788230896,0.0,0.0,0.0,0.0,0.0,0.0,0.0,0.0,0.0,0.0
1781712232.56225,1,4.3478260869565215,True,100.0,8.155085124985363e-18,6.629887492548708e-25,True,99.99979734420776,True,0.0,0.0,0.0,0.0,0.0,0.0,0.0,0.0,0.0,0.0,0.0,0.0,0.0,0.0,0.0,0.0,0.0,0.0,0.0,0.0,0.0,0.0,0.0,0.0,0.0,0.0,0.0,0.0,0.0,0.0,0.4024543762207031,0.5975456237792969,0.9517571926116943,0.048242829740047455,0.02995086833834648,0.9700492024421692,0.0,0.0,0.0,0.0,0.0,0.0,0.0,0.0,0.0,0.0
1781712233.1985126,1,4.3478260869565215,True,100.0,4.24617008221162e-07,1.208065505270417e-09,True,99.99899864196777,True,0.0,0.0,0.0,0.0,0.0,0.0,0.0,0.0,0.0,0.0,0.0,0.0,0.0,0.0,0.0,0.0,0.0,0.0,0.0,0.0,0.0,0.0,0.0,0.0,0.0,0.0,0.0,0.0,0.0,0.0,0.46244966983795166,0.5375503301620483,0.8978993892669678,0.10210059583187103,0.15693879127502441,0.8430612087249756,0.0,0.0,0.0,0.0,0.0,0.0,0.0,0.0,0.0,0.0
1781712233.845603,1,4.3478260869565215,True,0.031340186251327395,0.0034146232792409137,99.96523857116699,False,99.99995231628418,True,0.0,0.0,0.0,0.0,0.0,0.0,0.0,0.0,0.0,0.0,0.0,0.0,0.0,0.0,0.0,0.0,0.0,0.0,0.0,0.0,0.0,0.0,0.0,0.0,0.0,0.0,0.0,0.0,0.0,0.0,0.5403748154640198,0.4596252143383026,0.2150871753692627,0.7849128246307373,0.0,0.0,0.0,0.0,0.0,0.0,0.0,0.0,0.0,0.0,0.0,0.0
1781712234.4852133,1,4.3478260869565215,True,0.013684929581359029,0.001190081729873782,99.98512268066406,False,99.99990463256836,True,0.0,0.0,0.0,0.0,0.0,0.0,0.0,0.0,0.0,0.0,0.0,0.0,0.0,0.0,0.0,0.0,0.0,0.0,0.0,0.0,0.0,0.0,0.0,0.0,0.0,0.0,0.0,0.0,0.0,0.0,0.0,0.0,0.41150903701782227,0.5884909629821777,0.6238453984260559,0.3761545717716217,0.0,0.0,0.0,0.0,0.0,0.0,0.0,0.0,0.0,0.0
1781712235.115409,1,4.3478260869565215,True,0.002013656558119692,99.99797344207764,1.5451317381121044e-05,True,99.99556541442871,True,0.0,0.0,0.0,0.0,0.0,0.0,0.0,0.0,0.0,0.0,0.0,0.0,0.0,0.0,0.0,0.0,0.0,0.0,0.0,0.0,0.0,0.0,0.0,0.0,0.0,0.0,0.0,0.0,0.0,0.0,0.0,0.0,0.8652632832527161,0.13473674654960632,0.2965782582759857,0.7034217119216919,0.0,0.0,0.0,0.0,0.0,0.0,0.0,0.0,0.0,0.0
1781712235.768319,0,0.0,False,36.171117424964905,63.79331350326538,0.03556851588655263,True,0.009729198791319504,False,0.0,0.0,0.0,0.0,0.0,0.0,0.0,0.0,0.0,0.0,0.0,0.0,0.0,0.0,0.0,0.0,0.0,0.0,0.0,0.0,0.0,0.0,0.0,0.0,0.0,0.0,0.0,0.0,0.0,0.0,0.45793595910072327,0.5420640707015991,0.08407049626111984,0.9159294962882996,0.0,0.0,0.0,0.0,0.0,0.0,0.0,0.0,0.0,0.0,0.0,0.0
1781712236.3899071,1,4.3478260869565215,True,100.0,5.5060958513748087e-14,1.0755558351445789e-21,True,99.99996423721313,True,0.0,0.0,0.0,0.0,0.0,0.0,0.0,0.0,0.0,0.0,0.0,0.0,0.0,0.0,0.0,0.0,0.0,0.0,0.0,0.0,0.0,0.0,0.0,0.0,0.0,0.0,0.0,0.0,0.0,0.0,0.3883662819862366,0.6116337180137634,0.9585152268409729,0.04148482158780098,0.0,0.0,0.0,0.0,0.0,0.0,0.0,0.0,0.0,0.0,0.0,0.0
1781712237.032038,0,0.0,False,5.328352514766266e-06,100.0,7.568251580991614e-09,True,0.0004997147243557265,False,0.0,0.0,0.0,0.0,0.0,0.0,0.0,0.0,0.0,0.0,0.0,0.0,0.0,0.0,0.0,0.0,0.0,0.0,0.0,0.0,0.0,0.0,0.0,0.0,0.0,0.0,0.0,0.0,0.0,0.0,0.04348573461174965,0.9565142393112183,0.08126674592494965,0.9187332391738892,0.0,0.0,0.0,0.0,0.0,0.0,0.0,0.0,0.0,0.0,0.0,0.0
1781712237.6771607,0,0.0,False,1.442974539855868e-06,100.0,7.840547655568741e-10,True,1.8173035234212875,False,0.0,0.0,0.0,0.0,0.0,0.0,0.0,0.0,0.0,0.0,0.0,0.0,0.0,0.0,0.0,0.0,0.0,0.0,0.0,0.0,0.0,0.0,0.0,0.0,0.0,0.0,0.0,0.0,0.0,0.0,0.07351327687501907,0.9264867305755615,0.036221157759428024,0.9637788534164429,0.2320462316274643,0.7679538130760193,0.0,0.0,0.0,0.0,0.0,0.0,0.0,0.0,0.0,0.0
1781712238.308008,0,0.0,False,20.232529938220978,79.76081967353821,0.006650474824709818,True,0.006333395867841318,False,0.0,0.0,0.0,0.0,0.0,0.0,0.0,0.0,0.0,0.0,0.0,0.0,0.0,0.0,0.0,0.0,0.0,0.0,0.0,0.0,0.0,0.0,0.0,0.0,0.0,0.0,0.0,0.0,0.0,0.0,0.0,0.0,0.04245978221297264,0.9575402736663818,0.12245640158653259,0.8775436282157898,0.0,0.0,0.0,0.0,0.0,0.0,0.0,0.0,0.0,0.0
1781712239.007585,0,0.0,False,0.00021122459656908177,99.99978542327881,2.362172901726467e-07,True,0.006510169623652473,False,0.0,0.0,0.0,0.0,0.0,0.0,0.0,0.0,0.0,0.0,0.0,0.0,0.0,0.0,0.0,0.0,0.0,0.0,0.0,0.0,0.0,0.0,0.0,0.0,0.0,0.0,0.0,0.0,0.0,0.0,0.025180939584970474,0.9748191237449646,0.012906640768051147,0.9870933890342712,0.49901679158210754,0.5009831786155701,0.0,0.0,0.0,0.0,0.0,0.0,0.0,0.0,0.0,0.0
1781712239.9469807,1,4.3478260869565215,True,100.0,9.724700564131897e-14,9.83757663014933e-20,True,99.99995231628418,True,0.0,0.0,0.0,0.0,0.0,0.0,0.0,0.0,0.0,0.0,0.0,0.0,0.0,0.0,0.0,0.0,0.0,0.0,0.0,0.0,0.0,0.0,0.0,0.0,0.0,0.0,0.0,0.0,0.0,0.0,0.09048888832330704,0.9095110893249512,0.7942412495613098,0.2057586908340454,0.21606653928756714,0.7839334011077881,0.0,0.0,0.0,0.0,0.0,0.0,0.0,0.0,0.0,0.0
1781712240.9208426,1,0.0,False,0.014423017273657024,0.0004596402504830621,99.98511075973511,False,4.224526719553978e-05,False,0.0,0.0,0.0,0.0,0.0,0.0,0.0,0.0,0.0,0.0,0.0,0.0,0.0,0.0,0.0,0.0,0.0,0.0,0.0,0.0,0.0,0.0,0.0,0.0,0.0,0.0,0.0,0.0,0.0,0.0,0.0,0.0,0.3072805106639862,0.6927195191383362,0.3502156138420105,0.6497843265533447,0.0,0.0,0.0,0.0,0.0,0.0,0.0,0.0,0.0,0.0
1781712241.8203335,1,4.3478260869565215,True,0.016165444685611874,0.0010469219887454528,99.98278617858887,False,99.85963702201843,True,0.0,0.0,0.0,0.0,0.0,0.0,0.0,0.0,0.0,0.0,0.0,0.0,0.0,0.0,0.0,0.0,0.0,0.0,0.0,0.0,0.0,0.0,0.0,0.0,0.0,0.0,0.0,0.0,0.0,0.0,0.0,0.0,0.14963765442371368,0.8503623604774475,0.5124166011810303,0.48758336901664734,0.0,0.0,0.0,0.0,0.0,0.0,0.0,0.0,0.0,0.0
1781712242.6474946,0,4.3478260869565215,True,0.042300409404560924,0.0026820014682016335,99.95501637458801,False,99.99922513961792,True,0.0,0.0,0.0,0.0,0.0,0.0,0.0,0.0,0.0,0.0,0.0,0.0,0.0,0.0,0.0,0.0,0.0,0.0,0.0,0.0,0.0,0.0,0.0,0.0,0.0,0.0,0.0,0.0,0.0,0.0,0.02664971724152565,0.9733502864837646,0.6082074046134949,0.39179256558418274,0.0,0.0,0.0,0.0,0.0,0.0,0.0,0.0,0.0,0.0,0.0,0.0
1781712243.390045,0,0.0,False,99.99047517776489,0.009327649604529142,0.0001880937020359852,True,0.0038910693547222763,False,0.0,0.0,0.0,0.0,0.0,0.0,0.0,0.0,0.0,0.0,0.0,0.0,0.0,0.0,0.0,0.0,0.0,0.0,0.0,0.0,0.0,0.0,0.0,0.0,0.0,0.0,0.0,0.0,0.0,0.0,0.3654421269893646,0.6345579028129578,0.024215100333094597,0.9757848978042603,0.0,0.0,0.0,0.0,0.0,0.0,0.0,0.0,0.0,0.0,0.0,0.0
1781712244.0171266,0,0.0,False,8.296412374875217e-05,99.99991655349731,6.556873932694884e-08,True,0.0034459513699403033,False,0.0,0.0,0.0,0.0,0.0,0.0,0.0,0.0,0.0,0.0,0.0,0.0,0.0,0.0,0.0,0.0,0.0,0.0,0.0,0.0,0.0,0.0,0.0,0.0,0.0,0.0,0.0,0.0,0.0,0.0,0.2908361554145813,0.7091638445854187,0.2312123328447342,0.7687876224517822,0.0,0.0,0.0,0.0,0.0,0.0,0.0,0.0,0.0,0.0,0.0,0.0
1781712244.6882982,0,0.0,False,0.0019179535229341127,99.99808073043823,6.6667247722307366e-06,True,0.029043538961559534,False,0.0,0.0,0.0,0.0,0.0,0.0,0.0,0.0,0.0,0.0,0.0,0.0,0.0,0.0,0.0,0.0,0.0,0.0,0.0,0.0,0.0,0.0,0.0,0.0,0.0,0.0,0.0,0.0,0.0,0.0,0.07234853506088257,0.9276514053344727,0.11643348634243011,0.8835664987564087,0.0,0.0,0.0,0.0,0.0,0.0,0.0,0.0,0.0,0.0,0.0,0.0
1781712245.3401253,0,0.0,False,1.5937031250246037e-06,100.0,9.141268991763596e-09,True,0.0059093188610859215,False,0.0,0.0,0.0,0.0,0.0,0.0,0.0,0.0,0.0,0.0,0.0,0.0,0.0,0.0,0.0,0.0,0.0,0.0,0.0,0.0,0.0,0.0,0.0,0.0,0.0,0.0,0.0,0.0,0.0,0.0,0.013781669549643993,0.986218273639679,0.08437034487724304,0.9156296849250793,0.0,0.0,0.0,0.0,0.0,0.0,0.0,0.0,0.0,0.0,0.0,0.0
1781712245.9815183,1,4.3478260869565215,True,2.1445912068429607e-05,99.99997615814209,3.1580890680338314e-09,True,99.99768733978271,True,0.0,0.0,0.0,0.0,0.0,0.0,0.0,0.0,0.0,0.0,0.0,0.0,0.0,0.0,0.0,0.0,0.0,0.0,0.0,0.0,0.0,0.0,0.0,0.0,0.0,0.0,0.0,0.0,0.0,0.0,0.8614842295646667,0.13851575553417206,0.20327869057655334,0.7967212796211243,0.0,0.0,0.0,0.0,0.0,0.0,0.0,0.0,0.0,0.0,0.0,0.0
1781712246.585366,0,0.0,False,2.8076044600311434e-05,99.99997615814209,4.8155496257251684e-08,True,0.09458109852857888,False,0.0,0.0,0.0,0.0,0.0,0.0,0.0,0.0,0.0,0.0,0.0,0.0,0.0,0.0,0.0,0.0,0.0,0.0,0.0,0.0,0.0,0.0,0.0,0.0,0.0,0.0,0.0,0.0,0.0,0.0,0.02371741272509098,0.9762826561927795,0.03137535601854324,0.9686246514320374,0.0,0.0,0.0,0.0,0.0,0.0,0.0,0.0,0.0,0.0,0.0,0.0
1781712247.2042966,1,8.695652173913043,True,0.023166078608483076,99.9768316745758,5.066800312647501e-07,True,99.99346733093262,True,0.0,0.0,0.0,0.0,0.0,0.0,0.0,0.0,0.0,0.0,0.0,0.0,0.0,0.0,0.0,0.0,0.0,0.0,0.0,0.0,0.0,0.0,0.0,0.0,0.0,0.0,0.0,0.0,0.0,0.0,0.7271614074707031,0.2728385627269745,0.8064242601394653,0.19357573986053467,0.0,0.0,0.0,0.0,0.0,0.0,0.0,0.0,0.0,0.0,0.0,0.0
1781712247.8430994,0,0.0,False,0.00017122586086770752,99.99983310699463,1.466391008619894e-07,True,0.006647589907515794,False,0.0,0.0,0.0,0.0,0.0,0.0,0.0,0.0,0.0,0.0,0.0,0.0,0.0,0.0,0.0,0.0,0.0,0.0,0.0,0.0,0.0,0.0,0.0,0.0,0.0,0.0,0.0,0.0,0.0,0.0,0.0335802286863327,0.9664198160171509,0.14514189958572388,0.8548581004142761,0.11884231865406036,0.8811576962471008,0.0,0.0,0.0,0.0,0.0,0.0,0.0,0.0,0.0,0.0
1781712248.5018818,0,0.0,False,0.13865941436961293,99.86125230789185,8.153460271387303e-05,True,0.01011225176625885,False,0.0,0.0,0.0,0.0,0.0,0.0,0.0,0.0,0.0,0.0,0.0,0.0,0.0,0.0,0.0,0.0,0.0,0.0,0.0,0.0,0.0,0.0,0.0,0.0,0.0,0.0,0.0,0.0,0.0,0.0,0.07144371420145035,0.9285562634468079,0.06212723255157471,0.9378727674484253,0.020790457725524902,0.9792095422744751,0.0,0.0,0.0,0.0,0.0,0.0,0.0,0.0,0.0,0.0
1781712249.1550689,1,8.695652173913043,True,99.99735355377197,0.002647473411343526,3.841981455199317e-08,True,99.98488426208496,True,0.0,0.0,0.0,0.0,0.0,0.0,0.0,0.0,0.0,0.0,0.0,0.0,0.0,0.0,0.0,0.0,0.0,0.0,0.0,0.0,0.0,0.0,0.0,0.0,0.0,0.0,0.0,0.0,0.0,0.0,0.5507383942604065,0.4492616057395935,0.9891688823699951,0.010831136256456375,0.3057703375816345,0.6942296624183655,0.0,0.0,0.0,0.0,0.0,0.0,0.0,0.0,0.0,0.0
1781712249.8047254,1,8.695652173913043,True,96.97421193122864,3.025596961379051,0.0001884745984170877,True,99.99909400939941,True,0.0,0.0,0.0,0.0,0.0,0.0,0.0,0.0,0.0,0.0,0.0,0.0,0.0,0.0,0.0,0.0,0.0,0.0,0.0,0.0,0.0,0.0,0.0,0.0,0.0,0.0,0.0,0.0,0.0,0.0,0.5920255780220032,0.4079744219779968,0.7887213826179504,0.21127858757972717,0.0,0.0,0.0,0.0,0.0,0.0,0.0,0.0,0.0,0.0,0.0,0.0
1781712250.4582791,1,4.3478260869565215,True,2.9244901611491514e-05,99.99997615814209,1.2620134104412983e-08,True,99.99990463256836,True,0.0,0.0,0.0,0.0,0.0,0.0,0.0,0.0,0.0,0.0,0.0,0.0,0.0,0.0,0.0,0.0,0.0,0.0,0.0,0.0,0.0,0.0,0.0,0.0,0.0,0.0,0.0,0.0,0.0,0.0,0.3723689019680023,0.6276310682296753,0.9993118047714233,0.0006881822482682765,0.13720600306987762,0.862794041633606,0.0,0.0,0.0,0.0,0.0,0.0,0.0,0.0,0.0,0.0
1781712251.1089087,1,8.695652173913043,True,96.49681448936462,3.4389112144708633,0.06426415056921542,True,99.98488426208496,True,0.0,0.0,0.0,0.0,0.0,0.0,0.0,0.0,0.0,0.0,0.0,0.0,0.0,0.0,0.0,0.0,0.0,0.0,0.0,0.0,0.0,0.0,0.0,0.0,0.0,0.0,0.0,0.0,0.0,0.0,0.0,0.0,0.9966059923171997,0.003394064959138632,0.7611913681030273,0.23880867660045624,0.050480518490076065,0.9495195150375366,0.0,0.0,0.0,0.0,0.0,0.0,0.0,0.0
1781712251.7425442,1,8.695652173913043,True,100.0,1.145639457383329e-14,2.2036332404978676e-21,True,90.94451069831848,True,0.0,0.0,0.0,0.0,0.0,0.0,0.0,0.0,0.0,0.0,0.0,0.0,0.0,0.0,0.0,0.0,0.0,0.0,0.0,0.0,0.0,0.0,0.0,0.0,0.0,0.0,0.0,0.0,0.0,0.0,0.0,0.0,0.9897351264953613,0.01026491541415453,0.16529880464076996,0.8347012400627136,0.7753412127494812,0.22465880215168,0.0,0.0,0.0,0.0,0.0,0.0,0.0,0.0
1781712252.3909197,0,0.0,False,12.064146995544434,87.39305138587952,0.5427995231002569,True,9.103400202548073e-05,False,0.0,0.0,0.0,0.0,0.0,0.0,0.0,0.0,0.0,0.0,0.0,0.0,0.0,0.0,0.0,0.0,0.0,0.0,0.0,0.0,0.0,0.0,0.0,0.0,0.0,0.0,0.0,0.0,0.0,0.0,0.15912489593029022,0.8408750891685486,0.06912416219711304,0.930875837802887,0.12330140173435211,0.8766986131668091,0.0,0.0,0.0,0.0,0.0,0.0,0.0,0.0,0.0,0.0
1781712253.062146,1,4.3478260869565215,True,0.11847505811601877,99.88144636154175,8.223452709898993e-05,True,99.99960660934448,True,0.0,0.0,0.0,0.0,0.0,0.0,0.0,0.0,0.0,0.0,0.0,0.0,0.0,0.0,0.0,0.0,0.0,0.0,0.0,0.0,0.0,0.0,0.0,0.0,0.0,0.0,0.0,0.0,0.0,0.0,0.37230417132377625,0.6276957988739014,0.9640831351280212,0.03591679781675339,0.0,0.0,0.0,0.0,0.0,0.0,0.0,0.0,0.0,0.0,0.0,0.0
1781712255.378065,1,8.695652173913043,True,0.34336019307374954,99.65662956237793,4.1063938027718905e-06,True,99.99995231628418,True,0.0,0.0,0.0,0.0,0.0,0.0,0.0,0.0,0.0,0.0,0.0,0.0,0.0,0.0,0.0,0.0,0.0,0.0,0.0,0.0,0.0,0.0,0.0,0.0,0.0,0.0,0.0,0.0,0.0,0.0,0.9376453757286072,0.06235456466674805,0.6629328727722168,0.3370671570301056,0.0,0.0,0.0,0.0,0.0,0.0,0.0,0.0,0.0,0.0,0.0,0.0
1781712256.3455884,1,4.3478260869565215,True,100.0,5.2244547494347936e-14,2.5894436206704062e-20,True,99.99963045120239,True,0.0,0.0,0.0,0.0,0.0,0.0,0.0,0.0,0.0,0.0,0.0,0.0,0.0,0.0,0.0,0.0,0.0,0.0,0.0,0.0,0.0,0.0,0.0,0.0,0.0,0.0,0.0,0.0,0.07263137400150299,0.9273685812950134,0.994924783706665,0.005075171124190092,0.19255802035331726,0.8074420094490051,0.0,0.0,0.0,0.0,0.0,0.0,0.0,0.0,0.0,0.0,0.0,0.0
1781712257.251219,1,4.3478260869565215,True,6.512491405010223,93.45303773880005,0.03447735507506877,True,99.99922513961792,True,0.0,0.0,0.0,0.0,0.0,0.0,0.0,0.0,0.0,0.0,0.0,0.0,0.0,0.0,0.0,0.0,0.0,0.0,0.0,0.0,0.0,0.0,0.0,0.0,0.0,0.0,0.0,0.0,0.16216754913330078,0.8378324508666992,0.9964434504508972,0.0035565895959734917,0.0,0.0,0.0,0.0,0.0,0.0,0.0,0.0,0.0,0.0,0.0,0.0,0.0,0.0
1781712258.00757,0,4.3478260869565215,True,100.0,9.659655547536034e-16,4.4516944369244904e-23,True,99.9998927116394,True,0.0,0.0,0.0,0.0,0.0,0.0,0.0,0.0,0.0,0.0,0.0,0.0,0.0,0.0,0.0,0.0,0.0,0.0,0.0,0.0,0.0,0.0,0.0,0.0,0.0,0.0,0.0,0.0,0.8394510746002197,0.16054892539978027,0.1319310963153839,0.8680688738822937,0.0,0.0,0.0,0.0,0.0,0.0,0.0,0.0,0.0,0.0,0.0,0.0,0.0,0.0
1781712258.6409173,1,8.695652173913043,True,100.0,5.4356698179006124e-11,2.107994181613525e-17,True,99.99960660934448,True,0.0,0.0,0.0,0.0,0.0,0.0,0.0,0.0,0.0,0.0,0.0,0.0,0.0,0.0,0.0,0.0,0.0,0.0,0.0,0.0,0.0,0.0,0.0,0.0,0.0,0.0,0.0,0.0,0.6204953193664551,0.37950465083122253,0.9379125237464905,0.06208750605583191,0.0,0.0,0.0,0.0,0.0,0.0,0.0,0.0,0.0,0.0,0.0,0.0,0.0,0.0
1781712260.2811892,0,0.0,False,100.0,5.4528365372338264e-14,4.213015793972303e-21,True,0.004176583024673164,False,0.0,0.0,0.0,0.0,0.0,0.0,0.0,0.0,0.0,0.0,0.0,0.0,0.0,0.0,0.0,0.0,0.0,0.0,0.0,0.0,0.0,0.0,0.0,0.0,0.0,0.0,0.14344435930252075,0.856555700302124,0.09328121691942215,0.9067188501358032,0.04422436282038689,0.9557756781578064,0.0,0.0,0.0,0.0,0.0,0.0,0.0,0.0,0.0,0.0,0.0,0.0,0.0,0.0
1781712260.9385338,0,0.0,False,0.2313402248546481,99.76847171783447,0.00019238266304455465,True,4.917957880934409e-05,False,0.0,0.0,0.0,0.0,0.0,0.0,0.0,0.0,0.0,0.0,0.0,0.0,0.0,0.0,0.0,0.0,0.0,0.0,0.0,0.0,0.0,0.0,0.0,0.0,0.0,0.0,0.05052437633275986,0.9494756460189819,0.17025291919708252,0.8297470211982727,0.13016238808631897,0.8698376417160034,0.0,0.0,0.0,0.0,0.0,0.0,0.0,0.0,0.0,0.0,0.0,0.0,0.0,0.0
1781712261.5988882,0,0.0,False,0.00921348255360499,0.00025606973395042587,99.99053478240967,False,0.025966428802348673,False,0.0,0.0,0.0,0.0,0.0,0.0,0.0,0.0,0.0,0.0,0.0,0.0,0.0,0.0,0.0,0.0,0.0,0.0,0.0,0.0,0.0,0.0,0.0,0.0,0.0,0.0,0.0,0.0,0.07959272712469101,0.9204072952270508,0.0,0.0,0.0,0.0,0.0,0.0,0.0,0.0,0.0,0.0,0.0,0.0,0.0,0.0,0.0,0.0
1781712262.2006574,0,0.0,False,0.014423017273657024,0.0004596402504830621,99.98511075973511,False,0.22620651870965958,False,0.0,0.0,0.0,0.0,0.0,0.0,0.0,0.0,0.0,0.0,0.0,0.0,0.0,0.0,0.0,0.0,0.0,0.0,0.0,0.0,0.0,0.0,0.0,0.0,0.0,0.0,0.0,0.0,0.02023746632039547,0.9797624945640564,0.0,0.0,0.0,0.0,0.0,0.0,0.0,0.0,0.0,0.0,0.0,0.0,0.0,0.0,0.0,0.0
1781712262.8312783,1,0.0,False,0.006877564737806097,99.99309778213501,1.8778827381993324e-05,True,4.686039289936161e-06,False,0.0,0.0,0.0,0.0,0.0,0.0,0.0,0.0,0.0,0.0,0.0,0.0,0.0,0.0,0.0,0.0,0.0,0.0,0.0,0.0,0.0,0.0,0.0,0.0,0.0,0.0,0.0,0.0,0.176271453499794,0.8237285614013672,0.17334836721420288,0.8266516327857971,0.0,0.0,0.0,0.0,0.0,0.0,0.0,0.0,0.0,0.0,0.0,0.0,0.0,0.0
1781712263.4564831,1,4.3478260869565215,True,100.0,1.157076863860765e-13,2.6845366451822843e-18,True,99.99983310699463,True,0.0,0.0,0.0,0.0,0.0,0.0,0.0,0.0,0.0,0.0,0.0,0.0,0.0,0.0,0.0,0.0,0.0,0.0,0.0,0.0,0.0,0.0,0.0,0.0,0.0,0.0,0.7171670198440552,0.2828330099582672,0.34822630882263184,0.6517736911773682,0.12271293997764587,0.8772870302200317,0.0,0.0,0.0,0.0,0.0,0.0,0.0,0.0,0.0,0.0,0.0,0.0,0.0,0.0
1781712264.105231,1,8.695652173913043,True,99.99998807907104,1.4860394514926156e-05,5.529797106329504e-10,True,99.99902248382568,True,0.0,0.0,0.0,0.0,0.0,0.0,0.0,0.0,0.0,0.0,0.0,0.0,0.0,0.0,0.0,0.0,0.0,0.0,0.0,0.0,0.0,0.0,0.0,0.0,0.0,0.0,0.6292256116867065,0.37077438831329346,0.7143562436103821,0.2856437861919403,0.2740437686443329,0.7259562611579895,0.0,0.0,0.0,0.0,0.0,0.0,0.0,0.0,0.0,0.0,0.0,0.0,0.0,0.0
1781712264.7411366,1,13.043478260869565,True,9.5732410443361e-06,99.99998807907104,9.508913795253093e-09,True,99.99970197677612,True,0.0,0.0,0.0,0.0,0.0,0.0,0.0,0.0,0.0,0.0,0.0,0.0,0.0,0.0,0.0,0.0,0.0,0.0,0.0,0.0,0.0,0.0,0.0,0.0,0.0,0.0,0.6641635894775391,0.33583641052246094,0.9999054670333862,9.452569793211296e-05,0.6032731533050537,0.3967268466949463,0.0,0.0,0.0,0.0,0.0,0.0,0.0,0.0,0.0,0.0,0.0,0.0,0.0,0.0
1781712265.3749483,0,0.0,False,100.0,2.952431606711635e-15,4.203384117863916e-21,True,0.0006558806944667595,False,0.0,0.0,0.0,0.0,0.0,0.0,0.0,0.0,0.0,0.0,0.0,0.0,0.0,0.0,0.0,0.0,0.0,0.0,0.0,0.0,0.0,0.0,0.0,0.0,0.0,0.0,0.0,0.0,0.12140698730945587,0.8785930871963501,0.18374589085578918,0.8162541389465332,0.0,0.0,0.0,0.0,0.0,0.0,0.0,0.0,0.0,0.0,0.0,0.0,0.0,0.0
1781712266.0090249,1,4.3478260869565215,True,100.0,4.678731360674426e-11,1.3531146191595535e-15,True,100.0,True,0.0,0.0,0.0,0.0,0.0,0.0,0.0,0.0,0.0,0.0,0.0,0.0,0.0,0.0,0.0,0.0,0.0,0.0,0.0,0.0,0.0,0.0,0.0,0.0,0.0,0.0,0.0,0.0,0.2902885675430298,0.7097114324569702,0.9730489253997803,0.02695106714963913,0.0,0.0,0.0,0.0,0.0,0.0,0.0,0.0,0.0,0.0,0.0,0.0,0.0,0.0
1781712266.654309,0,0.0,False,100.0,1.812201513487709e-15,2.098705668203063e-22,True,0.051389425061643124,False,0.0,0.0,0.0,0.0,0.0,0.0,0.0,0.0,0.0,0.0,0.0,0.0,0.0,0.0,0.0,0.0,0.0,0.0,0.0,0.0,0.0,0.0,0.0,0.0,0.0,0.0,0.0,0.0,0.16664154827594757,0.8333584666252136,0.134542778134346,0.8654572367668152,0.0,0.0,0.0,0.0,0.0,0.0,0.0,0.0,0.0,0.0,0.0,0.0,0.0,0.0
1781712267.2798793,1,13.043478260869565,True,100.0,1.4832224532780602e-12,2.5952200010063455e-19,True,99.99277591705322,True,0.0,0.0,0.0,0.0,0.0,0.0,0.0,0.0,0.0,0.0,0.0,0.0,0.0,0.0,0.0,0.0,0.0,0.0,0.0,0.0,0.0,0.0,0.0,0.0,0.0,0.0,0.5623608231544495,0.43763914704322815,0.7511036992073059,0.2488962858915329,0.6946067810058594,0.30539315938949585,0.0,0.0,0.0,0.0,0.0,0.0,0.0,0.0,0.0,0.0,0.0,0.0,0.0,0.0
1781712268.0957892,1,8.695652173913043,True,100.0,7.297989794950721e-12,9.925030785087639e-19,True,87.3445212841034,True,0.0,0.0,0.0,0.0,0.0,0.0,0.0,0.0,0.0,0.0,0.0,0.0,0.0,0.0,0.0,0.0,0.0,0.0,0.0,0.0,0.0,0.0,0.0,0.0,0.0,0.0,0.7506383657455444,0.24936163425445557,1.0,2.403271004425278e-08,0.1994629204273224,0.800537109375,0.0,0.0,0.0,0.0,0.0,0.0,0.0,0.0,0.0,0.0,0.0,0.0,0.0,0.0
1781712269.0567276,0,0.0,False,3.7757740045663013e-06,100.0,1.163292986244846e-09,True,0.01059469796018675,False,0.0,0.0,0.0,0.0,0.0,0.0,0.0,0.0,0.0,0.0,0.0,0.0,0.0,0.0,0.0,0.0,0.0,0.0,0.0,0.0,0.0,0.0,0.0,0.0,0.0,0.0,0.0,0.0,0.29069772362709045,0.7093023061752319,0.35553672909736633,0.644463300704956,0.0,0.0,0.0,0.0,0.0,0.0,0.0,0.0,0.0,0.0,0.0,0.0,0.0,0.0
1781712269.9499853,0,0.0,False,1.1853566128650073e-06,100.0,3.011326951685156e-09,True,0.0002335533281438984,False,0.0,0.0,0.0,0.0,0.0,0.0,0.0,0.0,0.0,0.0,0.0,0.0,0.0,0.0,0.0,0.0,0.0,0.0,0.0,0.0,0.0,0.0,0.0,0.0,0.0,0.0,0.0,0.0,0.013329386711120605,0.9866705536842346,0.036683209240436554,0.963316798210144,0.0,0.0,0.0,0.0,0.0,0.0,0.0,0.0,0.0,0.0,0.0,0.0,0.0,0.0
1781712270.9316242,0,0.0,False,0.024901327560655773,0.0010727257176768035,99.97403025627136,False,0.0007062890290399082,False,0.0,0.0,0.0,0.0,0.0,0.0,0.0,0.0,0.0,0.0,0.0,0.0,0.0,0.0,0.0,0.0,0.0,0.0,0.0,0.0,0.0,0.0,0.0,0.0,0.0,0.0,0.0,0.0,0.04864531382918358,0.9513546824455261,0.06321360915899277,0.9367863535881042,0.0,0.0,0.0,0.0,0.0,0.0,0.0,0.0,0.0,0.0,0.0,0.0,0.0,0.0
1781712271.8267012,0,0.0,False,0.015104061458259821,0.0005005807452107547,99.9843955039978,False,0.0013216091247159056,False,0.0,0.0,0.0,0.0,0.0,0.0,0.0,0.0,0.0,0.0,0.0,0.0,0.0,0.0,0.0,0.0,0.0,0.0,0.0,0.0,0.0,0.0,0.0,0.0,0.0,0.0,0.0,0.0,0.08749198168516159,0.9125080704689026,0.05964314937591553,0.9403569102287292,0.0,0.0,0.0,0.0,0.0,0.0,0.0,0.0,0.0,0.0,0.0,0.0,0.0,0.0
1781712272.4630568,0,0.0,False,0.02287515817442909,0.001392038757330738,99.97573494911194,False,0.0886425084900111,False,0.0,0.0,0.0,0.0,0.0,0.0,0.0,0.0,0.0,0.0,0.0,0.0,0.0,0.0,0.0,0.0,0.0,0.0,0.0,0.0,0.0,0.0,0.0,0.0,0.0,0.0,0.0,0.0,0.20546308159828186,0.7945369482040405,0.0949927568435669,0.9050072431564331,0.0,0.0,0.0,0.0,0.0,0.0,0.0,0.0,0.0,0.0,0.0,0.0,0.0,0.0
1781712273.0876286,1,0.0,False,0.0067900757130701095,0.0008092639291135129,99.99239444732666,False,0.006365037552313879,False,0.0,0.0,0.0,0.0,0.0,0.0,0.0,0.0,0.0,0.0,0.0,0.0,0.0,0.0,0.0,0.0,0.0,0.0,0.0,0.0,0.0,0.0,0.0,0.0,0.0,0.0,0.0,0.0,0.03994371369481087,0.9600563049316406,0.48176687955856323,0.5182331204414368,0.0,0.0,0.0,0.0,0.0,0.0,0.0,0.0,0.0,0.0,0.0,0.0,0.0,0.0
1781712273.7159114,1,0.0,False,0.01952031598193571,0.002799487629090436,99.97767806053162,False,0.05345387035049498,False,0.0,0.0,0.0,0.0,0.0,0.0,0.0,0.0,0.0,0.0,0.0,0.0,0.0,0.0,0.0,0.0,0.0,0.0,0.0,0.0,0.0,0.0,0.0,0.0,0.0,0.0,0.0,0.0,0.43789437413215637,0.5621055960655212,0.10259532928466797,0.8974047303199768,0.0,0.0,0.0,0.0,0.0,0.0,0.0,0.0,0.0,0.0,0.0,0.0,0.0,0.0
1781712274.3476028,0,4.3478260869565215,True,0.013684929581359029,0.001190081729873782,99.98512268066406,False,99.99767541885376,True,0.0,0.0,0.0,0.0,0.0,0.0,0.0,0.0,0.0,0.0,0.0,0.0,0.0,0.0,0.0,0.0,0.0,0.0,0.0,0.0,0.0,0.0,0.0,0.0,0.0,0.0,0.0,0.0,0.5051897168159485,0.49481022357940674,0.05422896146774292,0.9457710385322571,0.0,0.0,0.0,0.0,0.0,0.0,0.0,0.0,0.0,0.0,0.0,0.0,0.0,0.0
1781712274.9656835,1,4.3478260869565215,True,4.161296729421338e-06,100.0,1.4900953734797717e-09,True,99.99876022338867,True,0.0,0.0,0.0,0.0,0.0,0.0,0.0,0.0,0.0,0.0,0.0,0.0,0.0,0.0,0.0,0.0,0.0,0.0,0.0,0.0,0.0,0.0,0.0,0.0,0.0,0.0,0.0,0.0,0.7412923574447632,0.2587077021598816,0.48494863510131836,0.5150513648986816,0.0,0.0,0.0,0.0,0.0,0.0,0.0,0.0,0.0,0.0,0.0,0.0,0.0,0.0
1781712275.5916555,1,4.3478260869565215,True,100.0,4.021007013937033e-14,5.3749498270053897e-17,True,99.99990463256836,True,0.0,0.0,0.0,0.0,0.0,0.0,0.0,0.0,0.0,0.0,0.0,0.0,0.0,0.0,0.0,0.0,0.0,0.0,0.0,0.0,0.0,0.0,0.0,0.0,0.0,0.0,0.0,0.0,0.8688357472419739,0.1311642974615097,0.06679431349039078,0.9332056641578674,0.0,0.0,0.0,0.0,0.0,0.0,0.0,0.0,0.0,0.0,0.0,0.0,0.0,0.0
1781712276.2158844,1,4.3478260869565215,True,0.024808949092403054,0.0006734215276082978,99.97450709342957,False,99.99988079071045,True,0.0,0.0,0.0,0.0,0.0,0.0,0.0,0.0,0.0,0.0,0.0,0.0,0.0,0.0,0.0,0.0,0.0,0.0,0.0,0.0,0.0,0.0,0.0,0.0,0.0,0.0,0.0,0.0,0.5375492572784424,0.46245071291923523,0.0,0.0,0.0,0.0,0.0,0.0,0.0,0.0,0.0,0.0,0.0,0.0,0.0,0.0,0.0,0.0
1781712276.8526888,1,0.0,False,0.020144254085607827,0.0008839261681714561,99.97897744178772,False,0.036254580481909215,False,0.0,0.0,0.0,0.0,0.0,0.0,0.0,0.0,0.0,0.0,0.0,0.0,0.0,0.0,0.0,0.0,0.0,0.0,0.0,0.0,0.0,0.0,0.0,0.0,0.0,0.0,0.0,0.0,0.2297629565000534,0.7702369689941406,0.14147871732711792,0.8585212826728821,0.0,0.0,0.0,0.0,0.0,0.0,0.0,0.0,0.0,0.0,0.0,0.0,0.0,0.0
1781712277.464106,1,4.3478260869565215,True,0.023191671061795205,99.9768078327179,1.5446889989334522e-06,True,99.99922513961792,True,0.0,0.0,0.0,0.0,0.0,0.0,0.0,0.0,0.0,0.0,0.0,0.0,0.0,0.0,0.0,0.0,0.0,0.0,0.0,0.0,0.0,0.0,0.0,0.0,0.0,0.0,0.0,0.0,0.04973429813981056,0.950265645980835,0.9130038619041443,0.08699612319469452,0.0,0.0,0.0,0.0,0.0,0.0,0.0,0.0,0.0,0.0,0.0,0.0,0.0,0.0
1781712278.098765,1,4.3478260869565215,True,100.0,2.771691484815941e-15,5.46144448474488e-18,True,99.99426603317261,True,0.0,0.0,0.0,0.0,0.0,0.0,0.0,0.0,0.0,0.0,0.0,0.0,0.0,0.0,0.0,0.0,0.0,0.0,0.0,0.0,0.0,0.0,0.0,0.0,0.0,0.0,0.0,0.0,0.652473509311676,0.3475264310836792,0.3379199504852295,0.6620799899101257,0.0,0.0,0.0,0.0,0.0,0.0,0.0,0.0,0.0,0.0,0.0,0.0,0.0,0.0
1781712278.7541072,0,4.3478260869565215,True,100.0,7.485341327960579e-14,2.849574000398567e-19,True,99.99994039535522,True,0.0,0.0,0.0,0.0,0.0,0.0,0.0,0.0,0.0,0.0,0.0,0.0,0.0,0.0,0.0,0.0,0.0,0.0,0.0,0.0,0.0,0.0,0.0,0.0,0.0,0.0,0.0,0.0,0.5467013716697693,0.4532985985279083,0.03531838208436966,0.9646816253662109,0.0,0.0,0.0,0.0,0.0,0.0,0.0,0.0,0.0,0.0,0.0,0.0,0.0,0.0
1781712279.4042704,0,0.0,False,0.018088507931679487,0.0005480488198372768,99.98136162757874,False,0.02454342902638018,False,0.0,0.0,0.0,0.0,0.0,0.0,0.0,0.0,0.0,0.0,0.0,0.0,0.0,0.0,0.0,0.0,0.0,0.0,0.0,0.0,0.0,0.0,0.0,0.0,0.0,0.0,0.0,0.0,0.131857231259346,0.8681427240371704,0.041585467755794525,0.958414614200592,0.0,0.0,0.0,0.0,0.0,0.0,0.0,0.0,0.0,0.0,0.0,0.0,0.0,0.0
1781712280.0313692,1,8.695652173913043,True,100.0,1.29600834780831e-20,1.2514039203769201e-28,True,100.0,True,0.0,0.0,0.0,0.0,0.0,0.0,0.0,0.0,0.0,0.0,0.0,0.0,0.0,0.0,0.0,0.0,0.0,0.0,0.0,0.0,0.0,0.0,0.0,0.0,0.0,0.0,0.0,0.0,0.6205854415893555,0.37941455841064453,0.8322571516036987,0.16774283349514008,0.0,0.0,0.0,0.0,0.0,0.0,0.0,0.0,0.0,0.0,0.0,0.0,0.0,0.0
1781712280.674203,1,0.0,False,20.232543349266052,79.76080179214478,0.006650474097114056,True,0.0038188518374226987,False,0.0,0.0,0.0,0.0,0.0,0.0,0.0,0.0,0.0,0.0,0.0,0.0,0.0,0.0,0.0,0.0,0.0,0.0,0.0,0.0,0.0,0.0,0.0,0.0,0.0,0.0,0.0,0.0,0.08435435593128204,0.9156456589698792,0.29754018783569336,0.7024598121643066,0.0,0.0,0.0,0.0,0.0,0.0,0.0,0.0,0.0,0.0,0.0,0.0,0.0,0.0
1781712281.3006635,1,0.0,False,0.02866444701794535,0.0017826740076998249,99.96955394744873,False,0.001503142721048789,False,0.0,0.0,0.0,0.0,0.0,0.0,0.0,0.0,0.0,0.0,0.0,0.0,0.0,0.0,0.0,0.0,0.0,0.0,0.0,0.0,0.0,0.0,0.0,0.0,0.0,0.0,0.0,0.0,0.034567806869745255,0.9654321670532227,0.08405070006847382,0.915949285030365,0.0,0.0,0.0,0.0,0.0,0.0,0.0,0.0,0.0,0.0,0.0,0.0,0.0,0.0
1781712282.050116,1,4.3478260869565215,True,0.03510096576064825,0.0038163252611411735,99.96108412742615,False,100.0,True,0.0,0.0,0.0,0.0,0.0,0.0,0.0,0.0,0.0,0.0,0.0,0.0,0.0,0.0,0.0,0.0,0.0,0.0,0.0,0.0,0.0,0.0,0.0,0.0,0.0,0.0,0.0,0.0,0.3293399512767792,0.6706600785255432,0.9025668501853943,0.09743311256170273,0.0,0.0,0.0,0.0,0.0,0.0,0.0,0.0,0.0,0.0,0.0,0.0,0.0,0.0
1781712282.9601874,1,4.3478260869565215,True,95.59810161590576,4.185130819678307,0.21676330361515284,True,90.94451069831848,True,0.0,0.0,0.0,0.0,0.0,0.0,0.0,0.0,0.0,0.0,0.0,0.0,0.0,0.0,0.0,0.0,0.0,0.0,0.0,0.0,0.0,0.0,0.0,0.0,0.0,0.0,0.0,0.0,0.0,0.0,0.9851749539375305,0.01482506562024355,0.28609490394592285,0.7139050960540771,0.0,0.0,0.0,0.0,0.0,0.0,0.0,0.0,0.0,0.0,0.0,0.0
1781712283.8755364,1,4.3478260869565215,True,0.0002031106532740523,99.99979734420776,4.017791654931102e-08,True,99.99982118606567,True,0.0,0.0,0.0,0.0,0.0,0.0,0.0,0.0,0.0,0.0,0.0,0.0,0.0,0.0,0.0,0.0,0.0,0.0,0.0,0.0,0.0,0.0,0.0,0.0,0.0,0.0,0.0,0.0,0.0,0.0,0.8789592981338501,0.1210407242178917,0.25595447421073914,0.7440454959869385,0.0,0.0,0.0,0.0,0.0,0.0,0.0,0.0,0.0,0.0,0.0,0.0
1781712284.809759,1,4.3478260869565215,True,0.010197588562732562,0.00030858195714245085,99.98948574066162,False,99.99995231628418,True,0.0,0.0,0.0,0.0,0.0,0.0,0.0,0.0,0.0,0.0,0.0,0.0,0.0,0.0,0.0,0.0,0.0,0.0,0.0,0.0,0.0,0.0,0.0,0.0,0.0,0.0,0.0,0.0,0.0,0.0,0.6062982678413391,0.3937017023563385,0.09761422872543335,0.9023857712745667,0.0,0.0,0.0,0.0,0.0,0.0,0.0,0.0,0.0,0.0,0.0,0.0
1781712285.7846003,0,0.0,False,0.012350475299172103,0.00037558334042842034,99.98726844787598,False,0.22620651870965958,False,0.0,0.0,0.0,0.0,0.0,0.0,0.0,0.0,0.0,0.0,0.0,0.0,0.0,0.0,0.0,0.0,0.0,0.0,0.0,0.0,0.0,0.0,0.0,0.0,0.0,0.0,0.0,0.0,0.09004054963588715,0.9099594950675964,0.1478482335805893,0.8521517515182495,0.0,0.0,0.0,0.0,0.0,0.0,0.0,0.0,0.0,0.0,0.0,0.0,0.0,0.0
1781712286.4901507,1,0.0,False,3.197382390499115,96.79670929908752,0.005912415144848637,True,0.0002712783725655754,False,0.0,0.0,0.0,0.0,0.0,0.0,0.0,0.0,0.0,0.0,0.0,0.0,0.0,0.0,0.0,0.0,0.0,0.0,0.0,0.0,0.0,0.0,0.0,0.0,0.0,0.0,0.0,0.0,0.13746404647827148,0.8625359535217285,0.30854183435440063,0.6914581656455994,0.0,0.0,0.0,0.0,0.0,0.0,0.0,0.0,0.0,0.0,0.0,0.0,0.0,0.0
1781712287.12536,0,0.0,False,0.0009459827197133563,99.99905824661255,6.142399477937488e-07,True,0.0008087965397862718,False,0.0,0.0,0.0,0.0,0.0,0.0,0.0,0.0,0.0,0.0,0.0,0.0,0.0,0.0,0.0,0.0,0.0,0.0,0.0,0.0,0.0,0.0,0.0,0.0,0.0,0.0,0.0,0.0,0.028295466676354408,0.9717046022415161,0.028868287801742554,0.9711317420005798,0.013515838421881199,0.9864842295646667,0.0,0.0,0.0,0.0,0.0,0.0,0.0,0.0,0.0,0.0,0.0,0.0
1781712287.7472343,1,4.3478260869565215,True,2.1838572195065353e-05,99.99997615814209,4.167978115421356e-09,True,99.99994039535522,True,0.0,0.0,0.0,0.0,0.0,0.0,0.0,0.0,0.0,0.0,0.0,0.0,0.0,0.0,0.0,0.0,0.0,0.0,0.0,0.0,0.0,0.0,0.0,0.0,0.0,0.0,0.0,0.0,0.0,0.0,0.5600879192352295,0.4399121105670929,0.04885426536202431,0.9511457681655884,0.0,0.0,0.0,0.0,0.0,0.0,0.0,0.0,0.0,0.0,0.0,0.0
1781712288.3686922,0,0.0,False,100.0,5.267843588641422e-13,1.3457668765295866e-18,True,2.197667956352234,False,0.0,0.0,0.0,0.0,0.0,0.0,0.0,0.0,0.0,0.0,0.0,0.0,0.0,0.0,0.0,0.0,0.0,0.0,0.0,0.0,0.0,0.0,0.0,0.0,0.0,0.0,0.0,0.0,0.4482203722000122,0.5517796277999878,0.05440886691212654,0.9455912113189697,0.0,0.0,0.0,0.0,0.0,0.0,0.0,0.0,0.0,0.0,0.0,0.0,0.0,0.0
1781712288.9988465,0,0.0,False,100.0,4.651549721878363e-14,1.1797484815525246e-15,True,0.00012620002962648869,False,0.0,0.0,0.0,0.0,0.0,0.0,0.0,0.0,0.0,0.0,0.0,0.0,0.0,0.0,0.0,0.0,0.0,0.0,0.0,0.0,0.0,0.0,0.0,0.0,0.0,0.0,0.0,0.0,0.08299511671066284,0.9170049428939819,0.02260771580040455,0.9773922562599182,0.0,0.0,0.0,0.0,0.0,0.0,0.0,0.0,0.0,0.0,0.0,0.0,0.0,0.0
1781712289.6292264,1,4.3478260869565215,True,0.005762801083619706,99.99423027038574,2.990415737258445e-06,True,99.99990463256836,True,0.0,0.0,0.0,0.0,0.0,0.0,0.0,0.0,0.0,0.0,0.0,0.0,0.0,0.0,0.0,0.0,0.0,0.0,0.0,0.0,0.0,0.0,0.0,0.0,0.0,0.0,0.0,0.0,0.0,0.0,0.15528607368469238,0.8447139263153076,0.6869226098060608,0.3130774199962616,0.0,0.0,0.0,0.0,0.0,0.0,0.0,0.0,0.0,0.0,0.0,0.0
1781712290.2576644,0,0.0,False,77.06614136695862,22.933556139469147,0.00030606338441430125,True,0.004649638867704198,False,0.0,0.0,0.0,0.0,0.0,0.0,0.0,0.0,0.0,0.0,0.0,0.0,0.0,0.0,0.0,0.0,0.0,0.0,0.0,0.0,0.0,0.0,0.0,0.0,0.0,0.0,0.0,0.0,0.0,0.0,0.03089391440153122,0.9691060185432434,0.06114155799150467,0.9388584494590759,0.0,0.0,0.0,0.0,0.0,0.0,0.0,0.0,0.0,0.0,0.0,0.0
1781712290.8771484,0,0.0,False,0.023546000011265278,0.004191953121335246,99.97225403785706,False,0.012772616173606366,False,0.0,0.0,0.0,0.0,0.0,0.0,0.0,0.0,0.0,0.0,0.0,0.0,0.0,0.0,0.0,0.0,0.0,0.0,0.0,0.0,0.0,0.0,0.0,0.0,0.0,0.0,0.0,0.0,0.0,0.0,0.06062635779380798,0.9393736124038696,0.18543168902397156,0.814568281173706,0.0,0.0,0.0,0.0,0.0,0.0,0.0,0.0,0.0,0.0,0.0,0.0
1781712291.5551038,0,0.0,False,100.0,3.696565831212695e-08,3.1558811147041135e-12,True,2.8922053053975105,False,0.0,0.0,0.0,0.0,0.0,0.0,0.0,0.0,0.0,0.0,0.0,0.0,0.0,0.0,0.0,0.0,0.0,0.0,0.0,0.0,0.0,0.0,0.0,0.0,0.0,0.0,0.0,0.0,0.0,0.0,0.0,0.0,0.06782204657793045,0.9321779608726501,0.028030671179294586,0.9719692468643188,0.0,0.0,0.0,0.0,0.0,0.0,0.0,0.0,0.0,0.0
1781712292.2357316,0,0.0,False,100.0,5.341683685818315e-13,2.890245962207852e-18,True,0.009729198791319504,False,0.0,0.0,0.0,0.0,0.0,0.0,0.0,0.0,0.0,0.0,0.0,0.0,0.0,0.0,0.0,0.0,0.0,0.0,0.0,0.0,0.0,0.0,0.0,0.0,0.0,0.0,0.0,0.0,0.0,0.0,0.0,0.0,0.027271650731563568,0.9727283716201782,0.022394554689526558,0.977605402469635,0.0,0.0,0.0,0.0,0.0,0.0,0.0,0.0,0.0,0.0
1781712292.8782814,0,0.0,False,0.01952031598193571,0.002799487629090436,99.97767806053162,False,0.006794101500418037,False,0.0,0.0,0.0,0.0,0.0,0.0,0.0,0.0,0.0,0.0,0.0,0.0,0.0,0.0,0.0,0.0,0.0,0.0,0.0,0.0,0.0,0.0,0.0,0.0,0.0,0.0,0.0,0.0,0.0,0.0,0.0,0.0,0.1989334672689438,0.8010665774345398,0.0,0.0,0.0,0.0,0.0,0.0,0.0,0.0,0.0,0.0,0.0,0.0
1781712293.5245097,1,4.3478260869565215,True,0.00921348255360499,0.00025606973395042587,99.99053478240967,False,99.99902248382568,True,0.0,0.0,0.0,0.0,0.0,0.0,0.0,0.0,0.0,0.0,0.0,0.0,0.0,0.0,0.0,0.0,0.0,0.0,0.0,0.0,0.0,0.0,0.0,0.0,0.0,0.0,0.0,0.0,0.0,0.0,0.0,0.0,0.6142081618309021,0.3857918381690979,0.4752563536167145,0.5247436761856079,0.0,0.0,0.0,0.0,0.0,0.0,0.0,0.0,0.0,0.0
1781712294.1831176,1,4.3478260869565215,True,0.01694312522886321,0.00048265824261761736,99.98257756233215,False,99.9987244606018,True,0.0,0.0,0.0,0.0,0.0,0.0,0.0,0.0,0.0,0.0,0.0,0.0,0.0,0.0,0.0,0.0,0.0,0.0,0.0,0.0,0.0,0.0,0.0,0.0,0.0,0.0,0.0,0.0,0.0,0.0,0.0,0.0,0.25643154978752136,0.7435684204101562,0.6014165878295898,0.39858338236808777,0.0,0.0,0.0,0.0,0.0,0.0,0.0,0.0,0.0,0.0
1781712294.8298235,1,8.695652173913043,True,0.026423399685882032,0.036820952664129436,99.93675351142883,False,99.99992847442627,True,0.0,0.0,0.0,0.0,0.0,0.0,0.0,0.0,0.0,0.0,0.0,0.0,0.0,0.0,0.0,0.0,0.0,0.0,0.0,0.0,0.0,0.0,0.0,0.0,0.0,0.0,0.0,0.0,0.0,0.0,0.0,0.0,0.8291738033294678,0.17082621157169342,0.6000350117683411,0.39996495842933655,0.0,0.0,0.0,0.0,0.0,0.0,0.0,0.0,0.0,0.0
1781712295.4566417,1,8.695652173913043,True,100.0,1.4722038699233053e-06,1.1501864456524291e-11,True,99.99899864196777,True,0.0,0.0,0.0,0.0,0.0,0.0,0.0,0.0,0.0,0.0,0.0,0.0,0.0,0.0,0.0,0.0,0.0,0.0,0.0,0.0,0.0,0.0,0.0,0.0,0.0,0.0,0.0,0.0,0.0,0.0,0.0,0.0,0.7335155606269836,0.26648443937301636,0.7408863306045532,0.2591136395931244,0.0,0.0,0.0,0.0,0.0,0.0,0.0,0.0,0.0,0.0
1781712296.1049228,1,8.695652173913043,True,100.0,3.8428549437226216e-18,3.778475024545518e-25,True,99.99998807907104,True,0.0,0.0,0.0,0.0,0.0,0.0,0.0,0.0,0.0,0.0,0.0,0.0,0.0,0.0,0.0,0.0,0.0,0.0,0.0,0.0,0.0,0.0,0.0,0.0,0.0,0.0,0.0,0.0,0.0,0.0,0.0,0.0,0.8489345908164978,0.1510654091835022,0.9632853865623474,0.03671461343765259,0.0,0.0,0.0,0.0,0.0,0.0,0.0,0.0,0.0,0.0
1781712296.9861522,1,4.3478260869565215,True,100.0,7.207723307089964e-09,1.2372907060888283e-11,True,99.99768733978271,True,0.0,0.0,0.0,0.0,0.0,0.0,0.0,0.0,0.0,0.0,0.0,0.0,0.0,0.0,0.0,0.0,0.0,0.0,0.0,0.0,0.0,0.0,0.0,0.0,0.0,0.0,0.0,0.0,0.0,0.0,0.0,0.0,0.9545021653175354,0.045497793704271317,0.06342124193906784,0.9365787506103516,0.0,0.0,0.0,0.0,0.0,0.0,0.0,0.0,0.0,0.0
1781712297.9202669,1,4.3478260869565215,True,2.698681953461346e-05,99.99997615814209,7.284262637519134e-08,True,99.9998688697815,True,0.0,0.0,0.0,0.0,0.0,0.0,0.0,0.0,0.0,0.0,0.0,0.0,0.0,0.0,0.0,0.0,0.0,0.0,0.0,0.0,0.0,0.0,0.0,0.0,0.0,0.0,0.0,0.0,0.0,0.0,0.2302456945180893,0.7697543501853943,0.996329128742218,0.0036708801053464413,0.12415818125009537,0.8758417963981628,0.0,0.0,0.0,0.0,0.0,0.0,0.0,0.0,0.0,0.0
1781712300.3333466,0,0.0,False,1.2823559103480875e-06,100.0,5.242932824001123e-10,True,0.0008203836841857992,False,0.0,0.0,0.0,0.0,0.0,0.0,0.0,0.0,0.0,0.0,0.0,0.0,0.0,0.0,0.0,0.0,0.0,0.0,0.0,0.0,0.0,0.0,0.0,0.0,0.0,0.0,0.0,0.0,0.0,0.0,0.022831730544567108,0.9771683216094971,0.10525871813297272,0.8947413563728333,0.0,0.0,0.0,0.0,0.0,0.0,0.0,0.0,0.0,0.0,0.0,0.0
1781712300.9621701,1,4.3478260869565215,True,0.15470394864678383,99.84490871429443,0.0003869398824463133,True,99.99995231628418,True,0.0,0.0,0.0,0.0,0.0,0.0,0.0,0.0,0.0,0.0,0.0,0.0,0.0,0.0,0.0,0.0,0.0,0.0,0.0,0.0,0.0,0.0,0.0,0.0,0.0,0.0,0.0,0.0,0.058471519500017166,0.9415284395217896,0.8519532084465027,0.14804677665233612,0.12579697370529175,0.8742029666900635,0.0,0.0,0.0,0.0,0.0,0.0,0.0,0.0,0.0,0.0,0.0,0.0
1781712301.566848,1,8.695652173913043,True,0.006037366256350651,99.99395608901978,5.972712813218095e-06,True,99.99556541442871,True,0.0,0.0,0.0,0.0,0.0,0.0,0.0,0.0,0.0,0.0,0.0,0.0,0.0,0.0,0.0,0.0,0.0,0.0,0.0,0.0,0.0,0.0,0.0,0.0,0.0,0.0,0.0,0.0,0.3811430037021637,0.6188570261001587,0.9994407296180725,0.0005593059468083084,0.9372801780700684,0.06271984428167343,0.0,0.0,0.0,0.0,0.0,0.0,0.0,0.0,0.0,0.0,0.0,0.0
1781712302.1928895,1,4.3478260869565215,True,1.099774707108736,98.89956712722778,0.0006575423412868986,True,99.99368190765381,True,0.0,0.0,0.0,0.0,0.0,0.0,0.0,0.0,0.0,0.0,0.0,0.0,0.0,0.0,0.0,0.0,0.0,0.0,0.0,0.0,0.0,0.0,0.0,0.0,0.0,0.0,0.0,0.0,0.05438639223575592,0.9456135630607605,1.0,4.8437507338405794e-09,0.06428231298923492,0.9357177019119263,0.0,0.0,0.0,0.0,0.0,0.0,0.0,0.0,0.0,0.0,0.0,0.0
1781712302.8288693,1,8.695652173913043,True,100.0,1.6772082334082228e-08,2.9222486331925224e-13,True,99.99922513961792,True,0.0,0.0,0.0,0.0,0.0,0.0,0.0,0.0,0.0,0.0,0.0,0.0,0.0,0.0,0.0,0.0,0.0,0.0,0.0,0.0,0.0,0.0,0.0,0.0,0.0,0.0,0.0,0.0,0.558525562286377,0.44147440791130066,1.0,3.73442476941932e-09,0.4681926667690277,0.5318073034286499,0.0,0.0,0.0,0.0,0.0,0.0,0.0,0.0,0.0,0.0,0.0,0.0
1781712303.442763,0,0.0,False,100.0,5.1325836077998135e-12,3.973592132006335e-18,True,0.05345387035049498,False,0.0,0.0,0.0,0.0,0.0,0.0,0.0,0.0,0.0,0.0,0.0,0.0,0.0,0.0,0.0,0.0,0.0,0.0,0.0,0.0,0.0,0.0,0.0,0.0,0.0,0.0,0.0,0.0,0.0,0.0,0.016114426776766777,0.9838855266571045,0.06006842106580734,0.9399315714836121,0.0,0.0,0.0,0.0,0.0,0.0,0.0,0.0,0.0,0.0,0.0,0.0
1781712304.083651,0,0.0,False,3.662273684312822e-05,99.99996423721313,4.765248265425903e-09,True,0.009729198791319504,False,0.0,0.0,0.0,0.0,0.0,0.0,0.0,0.0,0.0,0.0,0.0,0.0,0.0,0.0,0.0,0.0,0.0,0.0,0.0,0.0,0.0,0.0,0.0,0.0,0.0,0.0,0.0,0.0,0.0,0.0,0.01398825366050005,0.9860116839408875,0.08166038990020752,0.9183396100997925,0.0,0.0,0.0,0.0,0.0,0.0,0.0,0.0,0.0,0.0,0.0,0.0
1781712304.6949015,0,0.0,False,8.000067737157224e-05,99.99991655349731,7.40069061588855e-08,True,0.0503156625200063,False,0.0,0.0,0.0,0.0,0.0,0.0,0.0,0.0,0.0,0.0,0.0,0.0,0.0,0.0,0.0,0.0,0.0,0.0,0.0,0.0,0.0,0.0,0.0,0.0,0.0,0.0,0.0,0.0,0.20603260397911072,0.7939674258232117,0.13912060856819153,0.8608794212341309,0.13809365034103394,0.8619063496589661,0.0,0.0,0.0,0.0,0.0,0.0,0.0,0.0,0.0,0.0,0.0,0.0
1781712305.318819,0,0.0,False,100.0,1.7814401554319644e-15,1.296016820174432e-22,True,0.0007120695499907015,False,0.0,0.0,0.0,0.0,0.0,0.0,0.0,0.0,0.0,0.0,0.0,0.0,0.0,0.0,0.0,0.0,0.0,0.0,0.0,0.0,0.0,0.0,0.0,0.0,0.0,0.0,0.0,0.0,0.11102486401796341,0.888975203037262,0.02985195629298687,0.9701480269432068,0.0,0.0,0.0,0.0,0.0,0.0,0.0,0.0,0.0,0.0,0.0,0.0,0.0,0.0
1781712305.9512064,0,0.0,False,100.0,1.1948374147724428e-11,1.979679727795797e-18,True,0.03527984663378447,False,0.0,0.0,0.0,0.0,0.0,0.0,0.0,0.0,0.0,0.0,0.0,0.0,0.0,0.0,0.0,0.0,0.0,0.0,0.0,0.0,0.0,0.0,0.0,0.0,0.0,0.0,0.11241956800222397,0.8875804543495178,0.041905418038368225,0.958094596862793,0.0292824599891901,0.9707175493240356,0.0,0.0,0.0,0.0,0.0,0.0,0.0,0.0,0.0,0.0,0.0,0.0,0.0,0.0
1781712306.5695348,1,13.043478260869565,True,0.686163455247879,99.3121087551117,0.0017244330592802726,True,99.99983310699463,True,0.0,0.0,0.0,0.0,0.0,0.0,0.0,0.0,0.0,0.0,0.0,0.0,0.0,0.0,0.0,0.0,0.0,0.0,0.0,0.0,0.0,0.0,0.0,0.0,0.0,0.0,0.620802104473114,0.3791978657245636,0.997665524482727,0.002334462944418192,0.5670197606086731,0.4329802095890045,0.0,0.0,0.0,0.0,0.0,0.0,0.0,0.0,0.0,0.0,0.0,0.0,0.0,0.0
1781712307.1975892,0,0.0,False,0.015248177805915475,0.0007735328836133704,99.98397827148438,False,0.16318532871082425,False,0.0,0.0,0.0,0.0,0.0,0.0,0.0,0.0,0.0,0.0,0.0,0.0,0.0,0.0,0.0,0.0,0.0,0.0,0.0,0.0,0.0,0.0,0.0,0.0,0.0,0.0,0.035357069224119186,0.9646428823471069,0.08467359840869904,0.9153264164924622,0.0,0.0,0.0,0.0,0.0,0.0,0.0,0.0,0.0,0.0,0.0,0.0,0.0,0.0,0.0,0.0
1781712307.7956378,1,8.695652173913043,True,0.006633673910982907,0.06592047866433859,99.92744326591492,False,99.99866485595703,True,0.0,0.0,0.0,0.0,0.0,0.0,0.0,0.0,0.0,0.0,0.0,0.0,0.0,0.0,0.0,0.0,0.0,0.0,0.0,0.0,0.0,0.0,0.0,0.0,0.0,0.0,0.8764798641204834,0.12352015823125839,0.7866798043251038,0.21332019567489624,0.0,0.0,0.0,0.0,0.0,0.0,0.0,0.0,0.0,0.0,0.0,0.0,0.0,0.0,0.0,0.0
1781712308.3956711,0,0.0,False,99.67731833457947,0.32268327195197344,1.8189572514870633e-06,True,0.006025846232660115,False,0.0,0.0,0.0,0.0,0.0,0.0,0.0,0.0,0.0,0.0,0.0,0.0,0.0,0.0,0.0,0.0,0.0,0.0,0.0,0.0,0.0,0.0,0.0,0.0,0.0,0.0,0.26054084300994873,0.7394591569900513,0.09940530359745026,0.9005946516990662,0.0,0.0,0.0,0.0,0.0,0.0,0.0,0.0,0.0,0.0,0.0,0.0,0.0,0.0,0.0,0.0
1781712309.0421798,0,0.0,False,0.0004162840014032554,99.99958276748657,2.700986101444869e-07,True,0.005247482840786688,False,0.0,0.0,0.0,0.0,0.0,0.0,0.0,0.0,0.0,0.0,0.0,0.0,0.0,0.0,0.0,0.0,0.0,0.0,0.0,0.0,0.0,0.0,0.0,0.0,0.0,0.0,0.1956929862499237,0.8043070435523987,0.016151031479239464,0.9838489294052124,0.0,0.0,0.0,0.0,0.0,0.0,0.0,0.0,0.0,0.0,0.0,0.0,0.0,0.0,0.0,0.0
1781712309.655737,1,8.695652173913043,True,3.9117624694995357e-07,100.0,6.20886978983104e-10,True,99.99368190765381,True,0.0,0.0,0.0,0.0,0.0,0.0,0.0,0.0,0.0,0.0,0.0,0.0,0.0,0.0,0.0,0.0,0.0,0.0,0.0,0.0,0.0,0.0,0.0,0.0,0.0,0.0,0.8539982438087463,0.1460016965866089,0.9463209509849548,0.05367911234498024,0.0,0.0,0.0,0.0,0.0,0.0,0.0,0.0,0.0,0.0,0.0,0.0,0.0,0.0,0.0,0.0
1781712310.3717256,1,4.3478260869565215,True,0.0004162843652011361,99.99958276748657,2.700991208470782e-07,True,99.98581409454346,True,0.0,0.0,0.0,0.0,0.0,0.0,0.0,0.0,0.0,0.0,0.0,0.0,0.0,0.0,0.0,0.0,0.0,0.0,0.0,0.0,0.0,0.0,0.0,0.0,0.0,0.0,0.8443366885185242,0.15566329658031464,0.24326741695404053,0.7567325830459595,0.0,0.0,0.0,0.0,0.0,0.0,0.0,0.0,0.0,0.0,0.0,0.0,0.0,0.0,0.0,0.0
1781712311.3091335,1,8.695652173913043,True,0.0019179553419235162,99.99808073043823,6.66673756199998e-06,True,99.99973773956299,True,0.0,0.0,0.0,0.0,0.0,0.0,0.0,0.0,0.0,0.0,0.0,0.0,0.0,0.0,0.0,0.0,0.0,0.0,0.0,0.0,0.0,0.0,0.0,0.0,0.0,0.0,0.7825568318367004,0.21744315326213837,0.9999998807907104,6.201531732585863e-08,0.14169621467590332,0.8583037853240967,0.0,0.0,0.0,0.0,0.0,0.0,0.0,0.0,0.0,0.0,0.0,0.0,0.0,0.0
1781712312.2595413,0,0.0,False,99.99988079071045,0.00012321713711571647,5.845282657901407e-06,True,0.0012571265870064963,False,0.0,0.0,0.0,0.0,0.0,0.0,0.0,0.0,0.0,0.0,0.0,0.0,0.0,0.0,0.0,0.0,0.0,0.0,0.0,0.0,0.0,0.0,0.0,0.0,0.0,0.0,0.08045798540115356,0.9195419549942017,0.28855445981025696,0.7114455699920654,0.06383705139160156,0.9361629486083984,0.0,0.0,0.0,0.0,0.0,0.0,0.0,0.0,0.0,0.0,0.0,0.0,0.0,0.0
1781712313.2266743,0,0.0,False,1.7458193113384368e-06,100.0,3.152522687344117e-09,True,0.0005698732365999604,False,0.0,0.0,0.0,0.0,0.0,0.0,0.0,0.0,0.0,0.0,0.0,0.0,0.0,0.0,0.0,0.0,0.0,0.0,0.0,0.0,0.0,0.0,0.0,0.0,0.0,0.0,0.07506876438856125,0.9249311685562134,0.0665469616651535,0.9334530234336853,0.0484442301094532,0.9515557289123535,0.0,0.0,0.0,0.0,0.0,0.0,0.0,0.0,0.0,0.0,0.0,0.0,0.0,0.0
1781712314.1134639,0,0.0,False,100.0,6.573814762706744e-14,6.450121125906376e-18,True,4.224526719553978e-05,False,0.0,0.0,0.0,0.0,0.0,0.0,0.0,0.0,0.0,0.0,0.0,0.0,0.0,0.0,0.0,0.0,0.0,0.0,0.0,0.0,0.0,0.0,0.0,0.0,0.0,0.0,0.02645721286535263,0.9735427498817444,0.4116690158843994,0.5883309841156006,0.10948502272367477,0.8905149698257446,0.0,0.0,0.0,0.0,0.0,0.0,0.0,0.0,0.0,0.0,0.0,0.0,0.0,0.0
1781712314.7803204,0,0.0,False,100.0,5.738650443731785e-07,4.0325378453109906e-09,True,0.036254580481909215,False,0.0,0.0,0.0,0.0,0.0,0.0,0.0,0.0,0.0,0.0,0.0,0.0,0.0,0.0,0.0,0.0,0.0,0.0,0.0,0.0,0.0,0.0,0.0,0.0,0.0,0.0,0.07088414579629898,0.9291158318519592,0.05957702919840813,0.9404230117797852,0.028195412829518318,0.9718045592308044,0.0,0.0,0.0,0.0,0.0,0.0,0.0,0.0,0.0,0.0,0.0,0.0,0.0,0.0
1781712315.4317932,0,0.0,False,1.0516433945895187e-05,99.99998807907104,2.174126711995683e-08,True,0.004579970482154749,False,0.0,0.0,0.0,0.0,0.0,0.0,0.0,0.0,0.0,0.0,0.0,0.0,0.0,0.0,0.0,0.0,0.0,0.0,0.0,0.0,0.0,0.0,0.0,0.0,0.0,0.0,0.0,0.0,0.041554611176252365,0.9584453701972961,0.09503967314958572,0.9049603939056396,0.0,0.0,0.0,0.0,0.0,0.0,0.0,0.0,0.0,0.0,0.0,0.0,0.0,0.0
1781712316.058509,0,0.0,False,0.008323435758939013,0.0004558924501907313,99.99122619628906,False,0.33850420732051134,False,0.0,0.0,0.0,0.0,0.0,0.0,0.0,0.0,0.0,0.0,0.0,0.0,0.0,0.0,0.0,0.0,0.0,0.0,0.0,0.0,0.0,0.0,0.0,0.0,0.0,0.0,0.0,0.0,0.11550122499465942,0.8844988346099854,0.16406993567943573,0.8359300494194031,0.0,0.0,0.0,0.0,0.0,0.0,0.0,0.0,0.0,0.0,0.0,0.0,0.0,0.0
1781712316.6956863,0,0.0,False,0.017860411026049405,0.0007546107553935144,99.98138546943665,False,0.0038910693547222763,False,0.0,0.0,0.0,0.0,0.0,0.0,0.0,0.0,0.0,0.0,0.0,0.0,0.0,0.0,0.0,0.0,0.0,0.0,0.0,0.0,0.0,0.0,0.0,0.0,0.0,0.0,0.0,0.0,0.04369058087468147,0.9563093781471252,0.015489033423364162,0.9845108985900879,0.0,0.0,0.0,0.0,0.0,0.0,0.0,0.0,0.0,0.0,0.0,0.0,0.0,0.0
1781712317.3174906,1,0.0,False,0.07578502991236746,99.92406368255615,0.00015536120372416917,True,0.00013485907857102575,False,0.0,0.0,0.0,0.0,0.0,0.0,0.0,0.0,0.0,0.0,0.0,0.0,0.0,0.0,0.0,0.0,0.0,0.0,0.0,0.0,0.0,0.0,0.0,0.0,0.0,0.0,0.38172513246536255,0.6182749271392822,0.09780304878950119,0.9021969437599182,0.05993879213929176,0.9400612115859985,0.0,0.0,0.0,0.0,0.0,0.0,0.0,0.0,0.0,0.0,0.0,0.0,0.0,0.0
1781712317.9653938,0,0.0,False,97.95499444007874,2.0450063049793243,1.1038967073773165e-06,True,0.00022669214558845852,False,0.0,0.0,0.0,0.0,0.0,0.0,0.0,0.0,0.0,0.0,0.0,0.0,0.0,0.0,0.0,0.0,0.0,0.0,0.0,0.0,0.0,0.0,0.0,0.0,0.0,0.0,0.024990694597363472,0.9750093221664429,0.3556297719478607,0.6443701982498169,0.0,0.0,0.0,0.0,0.0,0.0,0.0,0.0,0.0,0.0,0.0,0.0,0.0,0.0,0.0,0.0
1781712318.596727,1,0.0,False,0.018425224698148668,0.00035069151635980234,99.98123049736023,False,0.0008767323379288428,False,0.0,0.0,0.0,0.0,0.0,0.0,0.0,0.0,0.0,0.0,0.0,0.0,0.0,0.0,0.0,0.0,0.0,0.0,0.0,0.0,0.0,0.0,0.0,0.0,0.0,0.0,0.0,0.0,0.10743103921413422,0.8925690054893494,0.0,0.0,0.0,0.0,0.0,0.0,0.0,0.0,0.0,0.0,0.0,0.0,0.0,0.0,0.0,0.0
1781712319.2269425,0,0.0,False,0.01966905838344246,0.0011502093911985867,99.97918009757996,False,0.0007062890290399082,False,0.0,0.0,0.0,0.0,0.0,0.0,0.0,0.0,0.0,0.0,0.0,0.0,0.0,0.0,0.0,0.0,0.0,0.0,0.0,0.0,0.0,0.0,0.0,0.0,0.0,0.0,0.0,0.0,0.0,0.0,0.0,0.0,0.0,0.0,0.0,0.0,0.0,0.0,0.0,0.0,0.0,0.0,0.0,0.0,0.0,0.0
1781712319.8601367,0,0.0,False,0.023830104328226298,0.0011057108167733531,99.9750554561615,False,5.5037344282027334e-05,False,0.0,0.0,0.0,0.0,0.0,0.0,0.0,0.0,0.0,0.0,0.0,0.0,0.0,0.0,0.0,0.0,0.0,0.0,0.0,0.0,0.0,0.0,0.0,0.0,0.0,0.0,0.0,0.0,0.0,0.0,0.0,0.0,0.0,0.0,0.0,0.0,0.0,0.0,0.0,0.0,0.0,0.0,0.0,0.0,0.0,0.0
1781712320.4782465,0,0.0,False,0.008201639138860628,0.0003983272108598612,99.99140501022339,False,0.0038910693547222763,False,0.0,0.0,0.0,0.0,0.0,0.0,0.0,0.0,0.0,0.0,0.0,0.0,0.0,0.0,0.0,0.0,0.0,0.0,0.0,0.0,0.0,0.0,0.0,0.0,0.0,0.0,0.0,0.0,0.0,0.0,0.0,0.0,0.0,0.0,0.0,0.0,0.0,0.0,0.0,0.0,0.0,0.0,0.0,0.0,0.0,0.0
1781712321.1237695,0,4.3478260869565215,True,0.016969956050161272,0.0007313412424991839,99.98230338096619,False,99.95284080505371,True,0.0,0.0,0.0,0.0,0.0,0.0,0.0,0.0,0.0,0.0,0.0,0.0,0.0,0.0,0.0,0.0,0.0,0.0,0.0,0.0,0.0,0.0,0.0,0.0,0.0,0.0,0.34243112802505493,0.6575689315795898,0.6761922240257263,0.32380783557891846,0.0,0.0,0.0,0.0,0.0,0.0,0.0,0.0,0.0,0.0,0.0,0.0,0.0,0.0,0.0,0.0
1781712321.7665484,1,4.3478260869565215,True,0.03645690740086138,0.004177075607003644,99.95936751365662,False,99.99970197677612,True,0.0,0.0,0.0,0.0,0.0,0.0,0.0,0.0,0.0,0.0,0.0,0.0,0.0,0.0,0.0,0.0,0.0,0.0,0.0,0.0,0.0,0.0,0.0,0.0,0.0,0.0,0.5615876913070679,0.43841227889060974,0.3416072726249695,0.6583927273750305,0.0,0.0,0.0,0.0,0.0,0.0,0.0,0.0,0.0,0.0,0.0,0.0,0.0,0.0,0.0,0.0
1781712322.3768196,0,0.0,False,100.0,7.40750958801975e-14,6.665307880956141e-19,True,0.01011225176625885,False,0.0,0.0,0.0,0.0,0.0,0.0,0.0,0.0,0.0,0.0,0.0,0.0,0.0,0.0,0.0,0.0,0.0,0.0,0.0,0.0,0.0,0.0,0.0,0.0,0.0,0.0,0.2263565957546234,0.773643434047699,0.01822122558951378,0.9817787408828735,0.07439029216766357,0.9256097078323364,0.0,0.0,0.0,0.0,0.0,0.0,0.0,0.0,0.0,0.0,0.0,0.0,0.0,0.0
1781712323.0043073,1,13.043478260869565,True,0.00019517060536600184,99.99980926513672,4.6550163723679816e-08,True,99.98996257781982,True,0.0,0.0,0.0,0.0,0.0,0.0,0.0,0.0,0.0,0.0,0.0,0.0,0.0,0.0,0.0,0.0,0.0,0.0,0.0,0.0,0.0,0.0,0.0,0.0,0.0,0.0,0.5919066667556763,0.40809327363967896,0.5810906887054443,0.41890934109687805,0.5331380367279053,0.4668619632720947,0.0,0.0,0.0,0.0,0.0,0.0,0.0,0.0,0.0,0.0,0.0,0.0,0.0,0.0
1781712323.6209285,0,0.0,False,100.0,1.2722090936279074e-06,1.497926782612069e-08,True,0.0006511634182970738,False,0.0,0.0,0.0,0.0,0.0,0.0,0.0,0.0,0.0,0.0,0.0,0.0,0.0,0.0,0.0,0.0,0.0,0.0,0.0,0.0,0.0,0.0,0.0,0.0,0.0,0.0,0.04889236018061638,0.9511076807975769,0.07285860925912857,0.9271413683891296,0.04958508908748627,0.9504148960113525,0.0,0.0,0.0,0.0,0.0,0.0,0.0,0.0,0.0,0.0,0.0,0.0,0.0,0.0
1781712324.2902815,1,4.3478260869565215,True,7.033731890260242e-05,99.99992847442627,4.707558787231392e-08,True,100.0,True,0.0,0.0,0.0,0.0,0.0,0.0,0.0,0.0,0.0,0.0,0.0,0.0,0.0,0.0,0.0,0.0,0.0,0.0,0.0,0.0,0.0,0.0,0.0,0.0,0.0,0.0,0.08105756342411041,0.918942391872406,0.9980276226997375,0.001972329104319215,0.39117732644081116,0.6088226437568665,0.0,0.0,0.0,0.0,0.0,0.0,0.0,0.0,0.0,0.0,0.0,0.0,0.0,0.0
1781712325.1986682,1,8.695652173913043,True,3.456954722480532e-07,100.0,3.25929994798857e-10,True,90.94451069831848,True,0.0,0.0,0.0,0.0,0.0,0.0,0.0,0.0,0.0,0.0,0.0,0.0,0.0,0.0,0.0,0.0,0.0,0.0,0.0,0.0,0.0,0.0,0.0,0.0,0.0,0.0,0.9186376929283142,0.08136226236820221,0.9586445093154907,0.04135553911328316,0.169920414686203,0.8300795555114746,0.0,0.0,0.0,0.0,0.0,0.0,0.0,0.0,0.0,0.0,0.0,0.0,0.0,0.0
1781712326.184698,1,4.3478260869565215,True,0.000626816517979023,99.99936819076538,2.504228602262515e-07,True,99.99992847442627,True,0.0,0.0,0.0,0.0,0.0,0.0,0.0,0.0,0.0,0.0,0.0,0.0,0.0,0.0,0.0,0.0,0.0,0.0,0.0,0.0,0.0,0.0,0.0,0.0,0.0,0.0,0.6309426426887512,0.3690573275089264,0.37667298316955566,0.6233270168304443,0.0,0.0,0.0,0.0,0.0,0.0,0.0,0.0,0.0,0.0,0.0,0.0,0.0,0.0,0.0,0.0
1781712327.065624,0,0.0,False,0.01512796152383089,0.000680052562529454,99.98419284820557,False,0.025966428802348673,False,0.0,0.0,0.0,0.0,0.0,0.0,0.0,0.0,0.0,0.0,0.0,0.0,0.0,0.0,0.0,0.0,0.0,0.0,0.0,0.0,0.0,0.0,0.0,0.0,0.0,0.0,0.030630378052592278,0.969369649887085,0.11501887440681458,0.8849811553955078,0.0,0.0,0.0,0.0,0.0,0.0,0.0,0.0,0.0,0.0,0.0,0.0,0.0,0.0,0.0,0.0
1781712328.001236,0,0.0,False,0.03645690740086138,0.004177075607003644,99.95936751365662,False,0.029043538961559534,False,0.0,0.0,0.0,0.0,0.0,0.0,0.0,0.0,0.0,0.0,0.0,0.0,0.0,0.0,0.0,0.0,0.0,0.0,0.0,0.0,0.0,0.0,0.0,0.0,0.0,0.0,0.1818985641002655,0.8181014060974121,0.03723267465829849,0.9627673029899597,0.0,0.0,0.0,0.0,0.0,0.0,0.0,0.0,0.0,0.0,0.0,0.0,0.0,0.0,0.0,0.0
1781712329.2284584,1,4.3478260869565215,True,100.0,5.911177580406046e-11,3.184175933331533e-17,True,99.98488426208496,True,0.0,0.0,0.0,0.0,0.0,0.0,0.0,0.0,0.0,0.0,0.0,0.0,0.0,0.0,0.0,0.0,0.0,0.0,0.0,0.0,0.0,0.0,0.0,0.0,0.0,0.0,0.49774935841560364,0.5022506713867188,0.5016705989837646,0.49832937121391296,0.0,0.0,0.0,0.0,0.0,0.0,0.0,0.0,0.0,0.0,0.0,0.0,0.0,0.0,0.0,0.0
1781712330.1690795,0,8.695652173913043,True,99.99047517776489,0.009327649604529142,0.00018809334960678825,True,99.99368190765381,True,0.0,0.0,0.0,0.0,0.0,0.0,0.0,0.0,0.0,0.0,0.0,0.0,0.0,0.0,0.0,0.0,0.0,0.0,0.0,0.0,0.0,0.0,0.0,0.0,0.0,0.0,0.6678878664970398,0.3321121633052826,0.6692237257957458,0.33077624440193176,0.18563731014728546,0.8143627047538757,0.0,0.0,0.0,0.0,0.0,0.0,0.0,0.0,0.0,0.0,0.0,0.0,0.0,0.0
1781712330.7869427,0,0.0,False,0.0013445710465020966,99.99865293502808,4.1211611900848766e-07,True,0.36122784949839115,False,0.0,0.0,0.0,0.0,0.0,0.0,0.0,0.0,0.0,0.0,0.0,0.0,0.0,0.0,0.0,0.0,0.0,0.0,0.0,0.0,0.0,0.0,0.0,0.0,0.0,0.0,0.0,0.0,0.10426123440265656,0.8957387804985046,0.028844287618994713,0.9711557030677795,0.0,0.0,0.0,0.0,0.0,0.0,0.0,0.0,0.0,0.0,0.0,0.0,0.0,0.0
1781712331.4007628,1,0.0,False,0.042300409404560924,0.0026820014682016335,99.95501637458801,False,0.05352177540771663,False,0.0,0.0,0.0,0.0,0.0,0.0,0.0,0.0,0.0,0.0,0.0,0.0,0.0,0.0,0.0,0.0,0.0,0.0,0.0,0.0,0.0,0.0,0.0,0.0,0.0,0.0,0.0,0.0,0.17577627301216125,0.8242237567901611,0.0,0.0,0.0,0.0,0.0,0.0,0.0,0.0,0.0,0.0,0.0,0.0,0.0,0.0,0.0,0.0
1781712332.02462,0,0.0,False,0.013123400276526809,0.0004622561391443014,99.98641014099121,False,0.05345387035049498,False,0.0,0.0,0.0,0.0,0.0,0.0,0.0,0.0,0.0,0.0,0.0,0.0,0.0,0.0,0.0,0.0,0.0,0.0,0.0,0.0,0.0,0.0,0.0,0.0,0.0,0.0,0.05208257958292961,0.9479173421859741,0.06504300981760025,0.934956967830658,0.0,0.0,0.0,0.0,0.0,0.0,0.0,0.0,0.0,0.0,0.0,0.0,0.0,0.0,0.0,0.0
1781712332.6443112,1,4.3478260869565215,True,100.0,1.7468018134389474e-10,1.552045393982993e-16,True,99.99988079071045,True,0.0,0.0,0.0,0.0,0.0,0.0,0.0,0.0,0.0,0.0,0.0,0.0,0.0,0.0,0.0,0.0,0.0,0.0,0.0,0.0,0.0,0.0,0.0,0.0,0.0,0.0,0.42649614810943604,0.573503851890564,0.9820889234542847,0.017911095172166824,0.10215609520673752,0.8978439569473267,0.0,0.0,0.0,0.0,0.0,0.0,0.0,0.0,0.0,0.0,0.0,0.0,0.0,0.0
1781712333.2849257,0,0.0,False,0.008242606418207288,99.99173879623413,1.8171975568748167e-05,True,0.0029394872399279848,False,0.0,0.0,0.0,0.0,0.0,0.0,0.0,0.0,0.0,0.0,0.0,0.0,0.0,0.0,0.0,0.0,0.0,0.0,0.0,0.0,0.0,0.0,0.0,0.0,0.0,0.0,0.21997307240962982,0.7800269722938538,0.018465766683220863,0.9815342426300049,0.24743808805942535,0.7525618672370911,0.0,0.0,0.0,0.0,0.0,0.0,0.0,0.0,0.0,0.0,0.0,0.0,0.0,0.0
1781712333.9112155,0,0.0,False,99.25730228424072,0.5789505783468485,0.16374432016164064,True,0.0008087965397862718,False,0.0,0.0,0.0,0.0,0.0,0.0,0.0,0.0,0.0,0.0,0.0,0.0,0.0,0.0,0.0,0.0,0.0,0.0,0.0,0.0,0.0,0.0,0.0,0.0,0.0,0.0,0.20222117006778717,0.797778844833374,0.01822419837117195,0.9817758202552795,0.0,0.0,0.0,0.0,0.0,0.0,0.0,0.0,0.0,0.0,0.0,0.0,0.0,0.0,0.0,0.0
1781712334.541202,1,4.3478260869565215,True,4.39046345945826e-06,100.0,3.3213928135600312e-09,True,99.99860525131226,True,0.0,0.0,0.0,0.0,0.0,0.0,0.0,0.0,0.0,0.0,0.0,0.0,0.0,0.0,0.0,0.0,0.0,0.0,0.0,0.0,0.0,0.0,0.0,0.0,0.0,0.0,0.4731360673904419,0.5268639326095581,0.8270815014839172,0.17291846871376038,0.0,0.0,0.0,0.0,0.0,0.0,0.0,0.0,0.0,0.0,0.0,0.0,0.0,0.0,0.0,0.0
1781712335.1709177,1,0.0,False,100.0,3.869772679924478e-12,7.385116168693881e-19,True,0.005072199928690679,False,0.0,0.0,0.0,0.0,0.0,0.0,0.0,0.0,0.0,0.0,0.0,0.0,0.0,0.0,0.0,0.0,0.0,0.0,0.0,0.0,0.0,0.0,0.0,0.0,0.0,0.0,0.4686625599861145,0.5313374400138855,0.42100557684898376,0.5789944529533386,0.0,0.0,0.0,0.0,0.0,0.0,0.0,0.0,0.0,0.0,0.0,0.0,0.0,0.0,0.0,0.0
1781712335.7992766,1,13.043478260869565,True,99.02799725532532,0.9719888679683208,7.844705862680712e-06,True,99.99988079071045,True,0.0,0.0,0.0,0.0,0.0,0.0,0.0,0.0,0.0,0.0,0.0,0.0,0.0,0.0,0.0,0.0,0.0,0.0,0.0,0.0,0.0,0.0,0.0,0.0,0.0,0.0,0.5054967999458313,0.4945032000541687,0.9881238341331482,0.011876169592142105,0.5456945300102234,0.4543054699897766,0.0,0.0,0.0,0.0,0.0,0.0,0.0,0.0,0.0,0.0,0.0,0.0,0.0,0.0
1781712336.432318,1,8.695652173913043,True,100.0,5.628308279633721e-15,1.3588054939506838e-21,True,99.99426603317261,True,0.0,0.0,0.0,0.0,0.0,0.0,0.0,0.0,0.0,0.0,0.0,0.0,0.0,0.0,0.0,0.0,0.0,0.0,0.0,0.0,0.0,0.0,0.0,0.0,0.0,0.0,0.8313180208206177,0.1686820089817047,0.6750114560127258,0.32498857378959656,0.13727311789989471,0.8627269268035889,0.0,0.0,0.0,0.0,0.0,0.0,0.0,0.0,0.0,0.0,0.0,0.0,0.0,0.0
1781712337.0750544,0,0.0,False,100.0,2.57088119781472e-12,1.2040120463834507e-17,True,0.060303654754534364,False,0.0,0.0,0.0,0.0,0.0,0.0,0.0,0.0,0.0,0.0,0.0,0.0,0.0,0.0,0.0,0.0,0.0,0.0,0.0,0.0,0.0,0.0,0.0,0.0,0.0,0.0,0.36519455909729004,0.6348053812980652,0.04096689447760582,0.9590331315994263,0.0,0.0,0.0,0.0,0.0,0.0,0.0,0.0,0.0,0.0,0.0,0.0,0.0,0.0,0.0,0.0
1781712337.6886866,1,8.695652173913043,True,100.0,1.9621507635234027e-14,3.8125947316475485e-21,True,100.0,True,0.0,0.0,0.0,0.0,0.0,0.0,0.0,0.0,0.0,0.0,0.0,0.0,0.0,0.0,0.0,0.0,0.0,0.0,0.0,0.0,0.0,0.0,0.0,0.0,0.0,0.0,0.522986888885498,0.47701311111450195,0.6251338124275208,0.374866247177124,0.0,0.0,0.0,0.0,0.0,0.0,0.0,0.0,0.0,0.0,0.0,0.0,0.0,0.0,0.0,0.0
1781712338.3232682,1,4.3478260869565215,True,100.0,1.3711083617424807e-15,5.8467139909574515e-22,True,99.99996423721313,True,0.0,0.0,0.0,0.0,0.0,0.0,0.0,0.0,0.0,0.0,0.0,0.0,0.0,0.0,0.0,0.0,0.0,0.0,0.0,0.0,0.0,0.0,0.0,0.0,0.0,0.0,0.22492632269859314,0.7750737071037292,0.7130082249641418,0.28699177503585815,0.0,0.0,0.0,0.0,0.0,0.0,0.0,0.0,0.0,0.0,0.0,0.0,0.0,0.0,0.0,0.0
1781712339.2095172,1,0.0,False,0.011841183004435152,0.0005754880930908257,99.98759031295776,False,4.044599677399674e-05,False,0.0,0.0,0.0,0.0,0.0,0.0,0.0,0.0,0.0,0.0,0.0,0.0,0.0,0.0,0.0,0.0,0.0,0.0,0.0,0.0,0.0,0.0,0.0,0.0,0.0,0.0,0.0,0.0,0.02201196365058422,0.9779880046844482,0.0,0.0,0.0,0.0,0.0,0.0,0.0,0.0,0.0,0.0,0.0,0.0,0.0,0.0,0.0,0.0
1781712340.2354014,0,0.0,False,0.019141758093610406,0.0006851554644526914,99.98018145561218,False,0.028370990185067058,False,0.0,0.0,0.0,0.0,0.0,0.0,0.0,0.0,0.0,0.0,0.0,0.0,0.0,0.0,0.0,0.0,0.0,0.0,0.0,0.0,0.0,0.0,0.0,0.0,0.0,0.0,0.0,0.0,0.0,0.0,0.0,0.0,0.0,0.0,0.0,0.0,0.0,0.0,0.0,0.0,0.0,0.0,0.0,0.0,0.0,0.0
1781712341.1659822,1,0.0,False,0.012350475299172103,0.00037558334042842034,99.98726844787598,False,0.00017865816062112572,False,0.0,0.0,0.0,0.0,0.0,0.0,0.0,0.0,0.0,0.0,0.0,0.0,0.0,0.0,0.0,0.0,0.0,0.0,0.0,0.0,0.0,0.0,0.0,0.0,0.0,0.0,0.0,0.0,0.0,0.0,0.0,0.0,0.0,0.0,0.0,0.0,0.0,0.0,0.0,0.0,0.0,0.0,0.0,0.0,0.0,0.0
1781712342.0829432,0,0.0,False,0.01966905838344246,0.0011502093911985867,99.97918009757996,False,0.0019903623979189433,False,0.0,0.0,0.0,0.0,0.0,0.0,0.0,0.0,0.0,0.0,0.0,0.0,0.0,0.0,0.0,0.0,0.0,0.0,0.0,0.0,0.0,0.0,0.0,0.0,0.0,0.0,0.0,0.0,0.0,0.0,0.0,0.0,0.0,0.0,0.0,0.0,0.0,0.0,0.0,0.0,0.0,0.0,0.0,0.0,0.0,0.0
1781712342.9630637,1,0.0,False,0.030801550019532442,0.0007356451988016488,99.96845722198486,False,0.1193658565171063,False,0.0,0.0,0.0,0.0,0.0,0.0,0.0,0.0,0.0,0.0,0.0,0.0,0.0,0.0,0.0,0.0,0.0,0.0,0.0,0.0,0.0,0.0,0.0,0.0,0.0,0.0,0.0,0.0,0.0,0.0,0.0,0.0,0.0,0.0,0.0,0.0,0.0,0.0,0.0,0.0,0.0,0.0,0.0,0.0,0.0,0.0
1781712343.565276,1,0.0,False,0.01188719252240844,0.0010639854735927656,99.98705387115479,False,0.0002335533281438984,False,0.0,0.0,0.0,0.0,0.0,0.0,0.0,0.0,0.0,0.0,0.0,0.0,0.0,0.0,0.0,0.0,0.0,0.0,0.0,0.0,0.0,0.0,0.0,0.0,0.0,0.0,0.0,0.0,0.0,0.0,0.0,0.0,0.0,0.0,0.0,0.0,0.0,0.0,0.0,0.0,0.0,0.0,0.0,0.0,0.0,0.0
1781712344.1827397,1,0.0,False,0.005888918531127274,0.0007125744104996556,99.99339580535889,False,0.0004898391125607304,False,0.0,0.0,0.0,0.0,0.0,0.0,0.0,0.0,0.0,0.0,0.0,0.0,0.0,0.0,0.0,0.0,0.0,0.0,0.0,0.0,0.0,0.0,0.0,0.0,0.0,0.0,0.0,0.0,0.0,0.0,0.0,0.0,0.0,0.0,0.0,0.0,0.0,0.0,0.0,0.0,0.0,0.0,0.0,0.0,0.0,0.0
1781712344.8312836,0,4.3478260869565215,True,0.01512796152383089,0.000680052562529454,99.98419284820557,False,99.9998927116394,True,0.0,0.0,0.0,0.0,0.0,0.0,0.0,0.0,0.0,0.0,0.5974881649017334,0.4025118350982666,0.0,0.0,0.0,0.0,0.0,0.0,0.0,0.0,0.0,0.0,0.0,0.0,0.0,0.0,0.0,0.0,0.0,0.0,0.0,0.0,0.0,0.0,0.0,0.0,0.0,0.0,0.0,0.0,0.0,0.0,0.0,0.0,0.0,0.0
1781712345.4557924,0,0.0,False,0.008201639138860628,0.0003983272108598612,99.99140501022339,False,0.028879582532681525,False,0.0,0.0,0.0,0.0,0.0,0.0,0.0,0.0,0.0,0.0,0.16804645955562592,0.8319535851478577,0.0,0.0,0.0,0.0,0.0,0.0,0.0,0.0,0.0,0.0,0.0,0.0,0.0,0.0,0.0,0.0,0.0,0.0,0.0,0.0,0.0,0.0,0.0,0.0,0.0,0.0,0.0,0.0,0.0,0.0,0.0,0.0,0.0,0.0
1781712346.0643568,1,0.0,False,0.012753024930134416,0.00036356843793328153,99.98687505722046,False,0.0503156625200063,False,0.0,0.0,0.0,0.0,0.0,0.0,0.0,0.0,0.0,0.0,0.0,0.0,0.0,0.0,0.0,0.0,0.0,0.0,0.0,0.0,0.0,0.0,0.0,0.0,0.0,0.0,0.0,0.0,0.0,0.0,0.0,0.0,0.0,0.0,0.0,0.0,0.0,0.0,0.0,0.0,0.0,0.0,0.0,0.0,0.0,0.0
1781712346.678117,1,0.0,False,0.015499428263865411,0.0007050107797113014,99.98379945755005,False,0.007102942618075758,False,0.0,0.0,0.0,0.0,0.0,0.0,0.0,0.0,0.0,0.0,0.0,0.0,0.0,0.0,0.0,0.0,0.0,0.0,0.0,0.0,0.0,0.0,0.0,0.0,0.0,0.0,0.0,0.0,0.0,0.0,0.0,0.0,0.0,0.0,0.0,0.0,0.0,0.0,0.0,0.0,0.0,0.0,0.0,0.0,0.0,0.0
1781712347.3163495,1,0.0,False,0.012505927588790655,0.033802574034780264,99.95368719100952,False,0.011841589002870023,False,0.0,0.0,0.0,0.0,0.0,0.0,0.0,0.0,0.0,0.0,0.0,0.0,0.0,0.0,0.0,0.0,0.0,0.0,0.0,0.0,0.0,0.0,0.0,0.0,0.0,0.0,0.0,0.0,0.0,0.0,0.0,0.0,0.038336824625730515,0.9616631865501404,0.0,0.0,0.0,0.0,0.0,0.0,0.0,0.0,0.0,0.0,0.0,0.0
1781712349.517711,0,4.3478260869565215,True,100.0,1.0907859782112284e-21,7.809532679809511e-25,True,99.99998807907104,True,0.0,0.0,0.0,0.0,0.0,0.0,0.0,0.0,0.0,0.0,0.0,0.0,0.0,0.0,0.0,0.0,0.0,0.0,0.0,0.0,0.0,0.0,0.0,0.0,0.0,0.0,0.0,0.0,0.0,0.0,0.0,0.0,0.11165844649076462,0.88834148645401,0.806801438331604,0.19319862127304077,0.0,0.0,0.0,0.0,0.0,0.0,0.0,0.0,0.0,0.0
1781712350.1477304,1,4.3478260869565215,True,0.00020554855382215464,99.99979734420776,2.8801841467362976e-08,True,99.95284080505371,True,0.0,0.0,0.0,0.0,0.0,0.0,0.0,0.0,0.0,0.0,0.0,0.0,0.0,0.0,0.0,0.0,0.0,0.0,0.0,0.0,0.0,0.0,0.0,0.0,0.0,0.0,0.0,0.0,0.0,0.0,0.08655523508787155,0.9134447574615479,0.4529280364513397,0.5470719933509827,0.8100106716156006,0.1899893581867218,0.0,0.0,0.0,0.0,0.0,0.0,0.0,0.0,0.0,0.0
1781712350.7527745,1,4.3478260869565215,True,98.76410365104675,1.233438029885292,0.0024623488570796326,True,99.94329810142517,True,0.0,0.0,0.0,0.0,0.0,0.0,0.0,0.0,0.0,0.0,0.0,0.0,0.0,0.0,0.0,0.0,0.0,0.0,0.0,0.0,0.0,0.0,0.0,0.0,0.0,0.0,0.0,0.0,0.0,0.0,0.40741926431655884,0.5925806760787964,0.8965146541595459,0.10348527878522873,0.3634149432182312,0.6365850567817688,0.0,0.0,0.0,0.0,0.0,0.0,0.0,0.0,0.0,0.0
1781712351.384949,1,8.695652173913043,True,0.001053119012794923,99.99895095825195,1.2390544590346053e-06,True,99.98996257781982,True,0.0,0.0,0.0,0.0,0.0,0.0,0.0,0.0,0.0,0.0,0.0,0.0,0.0,0.0,0.0,0.0,0.0,0.0,0.0,0.0,0.0,0.0,0.0,0.0,0.0,0.0,0.0,0.0,0.11229889839887619,0.887701153755188,0.9668310284614563,0.033168990164995193,0.5464454293251038,0.45355460047721863,0.0,0.0,0.0,0.0,0.0,0.0,0.0,0.0,0.0,0.0,0.0,0.0
1781712352.0699043,1,4.3478260869565215,True,100.0,3.4455259258455206e-19,9.778277346863188e-27,True,99.93614554405212,True,0.0,0.0,0.0,0.0,0.0,0.0,0.0,0.0,0.0,0.0,0.0,0.0,0.0,0.0,0.0,0.0,0.0,0.0,0.0,0.0,0.0,0.0,0.0,0.0,0.0,0.0,0.0,0.0,0.18701741099357605,0.8129825592041016,0.9732427597045898,0.02675720304250717,0.3159000277519226,0.6841000318527222,0.0,0.0,0.0,0.0,0.0,0.0,0.0,0.0,0.0,0.0,0.0,0.0
1781712352.6886415,1,4.3478260869565215,True,100.0,1.483225333190081e-12,2.5952101055351504e-19,True,99.99426603317261,True,0.0,0.0,0.0,0.0,0.0,0.0,0.0,0.0,0.0,0.0,0.0,0.0,0.0,0.0,0.0,0.0,0.0,0.0,0.0,0.0,0.0,0.0,0.0,0.0,0.0,0.0,0.0,0.0,0.24324820935726166,0.7567517757415771,0.7043572664260864,0.2956427335739136,0.0,0.0,0.0,0.0,0.0,0.0,0.0,0.0,0.0,0.0,0.0,0.0,0.0,0.0
1781712353.6442819,1,4.3478260869565215,True,1.026937326287225e-05,99.99998807907104,5.684717974130393e-09,True,99.99426603317261,True,0.0,0.0,0.0,0.0,0.0,0.0,0.0,0.0,0.0,0.0,0.0,0.0,0.0,0.0,0.0,0.0,0.0,0.0,0.0,0.0,0.0,0.0,0.0,0.0,0.0,0.0,0.0,0.0,0.3348955512046814,0.6651044487953186,0.8966329097747803,0.10336704552173615,0.461710125207901,0.5382898449897766,0.0,0.0,0.0,0.0,0.0,0.0,0.0,0.0,0.0,0.0,0.0,0.0
1781712354.562158,1,4.3478260869565215,True,0.00032434854801977053,99.99967813491821,1.7607719726697724e-06,True,99.99927282333374,True,0.0,0.0,0.0,0.0,0.0,0.0,0.0,0.0,0.0,0.0,0.0,0.0,0.0,0.0,0.0,0.0,0.0,0.0,0.0,0.0,0.0,0.0,0.0,0.0,0.0,0.0,0.0,0.0,0.153006911277771,0.8469931483268738,0.9998769760131836,0.00012303834955673665,0.1581411212682724,0.8418588042259216,0.0,0.0,0.0,0.0,0.0,0.0,0.0,0.0,0.0,0.0,0.0,0.0
1781712355.4802017,1,13.043478260869565,True,100.0,1.145639457383329e-14,2.2036332404978676e-21,True,99.99876022338867,True,0.0,0.0,0.0,0.0,0.0,0.0,0.0,0.0,0.0,0.0,0.0,0.0,0.0,0.0,0.0,0.0,0.0,0.0,0.0,0.0,0.0,0.0,0.0,0.0,0.0,0.0,0.0,0.0,0.5596964359283447,0.4403035342693329,0.9984918832778931,0.0015081041492521763,0.8283135294914246,0.17168647050857544,0.0,0.0,0.0,0.0,0.0,0.0,0.0,0.0,0.0,0.0,0.0,0.0
1781712356.3348634,0,4.3478260869565215,True,0.0008288841854664497,99.99916553497314,6.461976909122313e-06,True,100.0,True,0.0,0.0,0.0,0.0,0.0,0.0,0.0,0.0,0.0,0.0,0.0,0.0,0.0,0.0,0.0,0.0,0.0,0.0,0.0,0.0,0.0,0.0,0.0,0.0,0.0,0.0,0.0,0.0,0.08042048662900925,0.9195795655250549,0.025377897545695305,0.9746221303939819,0.5737838745117188,0.4262160658836365,0.0,0.0,0.0,0.0,0.0,0.0,0.0,0.0,0.0,0.0,0.0,0.0
1781712357.1112897,0,0.0,False,100.0,9.728119189107015e-13,5.253719722769781e-19,True,0.012772616173606366,False,0.0,0.0,0.0,0.0,0.0,0.0,0.0,0.0,0.0,0.0,0.0,0.0,0.0,0.0,0.0,0.0,0.0,0.0,0.0,0.0,0.0,0.0,0.0,0.0,0.0,0.0,0.0,0.0,0.0,0.0,0.029932191595435143,0.9700677990913391,0.033886563032865524,0.9661133885383606,0.0,0.0,0.0,0.0,0.0,0.0,0.0,0.0,0.0,0.0,0.0,0.0
1781712357.7360888,1,4.3478260869565215,True,100.0,5.382993124486702e-17,1.7837824772795346e-19,True,99.99860525131226,True,0.0,0.0,0.0,0.0,0.0,0.0,0.0,0.0,0.0,0.0,0.0,0.0,0.0,0.0,0.0,0.0,0.0,0.0,0.0,0.0,0.0,0.0,0.0,0.0,0.0,0.0,0.0,0.0,0.0,0.0,0.9394113421440125,0.060588642954826355,0.3891158699989319,0.6108841300010681,0.0,0.0,0.0,0.0,0.0,0.0,0.0,0.0,0.0,0.0,0.0,0.0
1781712358.3134582,0,0.0,False,0.03510096576064825,0.0038163252611411735,99.96108412742615,False,0.037613449967466295,False,0.0,0.0,0.0,0.0,0.0,0.0,0.0,0.0,0.0,0.0,0.0,0.0,0.0,0.0,0.0,0.0,0.0,0.0,0.0,0.0,0.0,0.0,0.0,0.0,0.0,0.0,0.0,0.0,0.07804702967405319,0.9219529032707214,0.11149168759584427,0.8885083198547363,0.05264803022146225,0.9473519325256348,0.0,0.0,0.0,0.0,0.0,0.0,0.0,0.0,0.0,0.0,0.0,0.0
1781712358.9285076,0,0.0,False,0.010486570681678131,0.0002478992655596812,99.98925924301147,False,0.22620651870965958,False,0.0,0.0,0.0,0.0,0.0,0.0,0.0,0.0,0.0,0.0,0.0,0.0,0.0,0.0,0.0,0.0,0.0,0.0,0.0,0.0,0.0,0.0,0.0,0.0,0.0,0.0,0.0,0.0,0.272904634475708,0.727095365524292,0.024752210825681686,0.975247859954834,0.0,0.0,0.0,0.0,0.0,0.0,0.0,0.0,0.0,0.0,0.0,0.0,0.0,0.0
1781712359.5469832,1,0.0,False,0.015104061458259821,0.0005005807452107547,99.9843955039978,False,0.011398915376048535,False,0.0,0.0,0.0,0.0,0.0,0.0,0.0,0.0,0.0,0.0,0.0,0.0,0.0,0.0,0.0,0.0,0.0,0.0,0.0,0.0,0.0,0.0,0.0,0.0,0.0,0.0,0.0,0.0,0.0,0.0,0.0,0.0,0.0,0.0,0.0,0.0,0.0,0.0,0.0,0.0,0.0,0.0,0.0,0.0,0.0,0.0
1781712360.1787271,0,0.0,False,0.01868466060841456,0.0006026065875630593,99.9807059764862,False,0.028370990185067058,False,0.0,0.0,0.0,0.0,0.0,0.0,0.0,0.0,0.0,0.0,0.0,0.0,0.0,0.0,0.0,0.0,0.0,0.0,0.0,0.0,0.0,0.0,0.0,0.0,0.0,0.0,0.0,0.0,0.0,0.0,0.2617534399032593,0.7382465600967407,0.08911308646202087,0.9108868837356567,0.0,0.0,0.0,0.0,0.0,0.0,0.0,0.0,0.0,0.0,0.0,0.0
1781712360.7788646,0,0.0,False,0.0038571946788579226,0.0005737977517128456,99.99556541442871,False,0.0022856838768348098,False,0.0,0.0,0.0,0.0,0.0,0.0,0.0,0.0,0.0,0.0,0.0,0.0,0.0,0.0,0.0,0.0,0.0,0.0,0.0,0.0,0.0,0.0,0.0,0.0,0.0,0.0,0.0,0.0,0.0,0.0,0.035479068756103516,0.9645208716392517,0.021040508523583412,0.9789595007896423,0.0,0.0,0.0,0.0,0.0,0.0,0.0,0.0,0.0,0.0,0.0,0.0
1781712361.3828685,1,0.0,False,0.01952031598193571,0.002799487629090436,99.97767806053162,False,0.001503142721048789,False,0.0,0.0,0.0,0.0,0.0,0.0,0.0,0.0,0.0,0.0,0.0,0.0,0.0,0.0,0.0,0.0,0.0,0.0,0.0,0.0,0.0,0.0,0.0,0.0,0.0,0.0,0.0,0.0,0.0,0.0,0.4163234531879425,0.5836765766143799,0.0,0.0,0.0,0.0,0.0,0.0,0.0,0.0,0.0,0.0,0.0,0.0,0.0,0.0
1781712362.0075471,1,0.0,False,0.06379709229804575,99.93616938591003,3.3589250847398944e-05,True,0.9579600766301155,False,0.0,0.0,0.0,0.0,0.0,0.0,0.0,0.0,0.0,0.0,0.0,0.0,0.0,0.0,0.0,0.0,0.0,0.0,0.0,0.0,0.0,0.0,0.0,0.0,0.0,0.0,0.0,0.0,0.27137917280197144,0.7286208271980286,0.4350372552871704,0.5649627447128296,0.0,0.0,0.0,0.0,0.0,0.0,0.0,0.0,0.0,0.0,0.0,0.0,0.0,0.0
1781712362.6443276,1,4.3478260869565215,True,100.0,4.686003321485721e-10,3.899154389392246e-13,True,99.9992847442627,True,0.0,0.0,0.0,0.0,0.0,0.0,0.0,0.0,0.0,0.0,0.0,0.0,0.0,0.0,0.0,0.0,0.0,0.0,0.0,0.0,0.0,0.0,0.0,0.0,0.0,0.0,0.0,0.0,0.4486720561981201,0.5513279438018799,0.9815482497215271,0.018451709300279617,0.0,0.0,0.0,0.0,0.0,0.0,0.0,0.0,0.0,0.0,0.0,0.0,0.0,0.0
1781712363.2491214,1,8.695652173913043,True,0.0003735677410077187,99.99963045120239,2.729866777073653e-07,True,99.99995231628418,True,0.0,0.0,0.0,0.0,0.0,0.0,0.0,0.0,0.0,0.0,0.0,0.0,0.0,0.0,0.0,0.0,0.0,0.0,0.0,0.0,0.0,0.0,0.0,0.0,0.0,0.0,0.0,0.0,0.7426396608352661,0.2573603093624115,1.0,4.2998546945227645e-09,0.45578521490097046,0.5442147850990295,0.0,0.0,0.0,0.0,0.0,0.0,0.0,0.0,0.0,0.0,0.0,0.0
1781712363.8489683,1,4.3478260869565215,True,9.25823187003516e-06,99.99998807907104,3.8484323366949624e-09,True,99.9987244606018,True,0.0,0.0,0.0,0.0,0.0,0.0,0.0,0.0,0.0,0.0,0.0,0.0,0.0,0.0,0.0,0.0,0.0,0.0,0.0,0.0,0.0,0.0,0.0,0.0,0.0,0.0,0.0,0.0,0.0,0.0,0.7987207770347595,0.20127928256988525,0.49654120206832886,0.5034587979316711,0.0,0.0,0.0,0.0,0.0,0.0,0.0,0.0,0.0,0.0,0.0,0.0
1781712364.4740272,0,0.0,False,0.004470386920729652,99.99551773071289,1.4450807839239133e-05,True,0.006510169623652473,False,0.0,0.0,0.0,0.0,0.0,0.0,0.0,0.0,0.0,0.0,0.0,0.0,0.0,0.0,0.0,0.0,0.0,0.0,0.0,0.0,0.0,0.0,0.0,0.0,0.0,0.0,0.0,0.0,0.0,0.0,0.049113065004348755,0.9508869647979736,0.1840672343969345,0.8159327507019043,0.0,0.0,0.0,0.0,0.0,0.0,0.0,0.0,0.0,0.0,0.0,0.0
1781712365.0934868,0,0.0,False,2.6216189219496755e-07,100.0,1.2279513343649295e-09,True,0.1193658565171063,False,0.0,0.0,0.0,0.0,0.0,0.0,0.0,0.0,0.0,0.0,0.0,0.0,0.0,0.0,0.0,0.0,0.0,0.0,0.0,0.0,0.0,0.0,0.0,0.0,0.0,0.0,0.0,0.0,0.0,0.0,0.1882968693971634,0.8117031455039978,0.1840260624885559,0.8159739375114441,0.0,0.0,0.0,0.0,0.0,0.0,0.0,0.0,0.0,0.0,0.0,0.0
1781712365.7069898,1,4.3478260869565215,True,100.0,2.0729270744368478e-06,8.790568065944384e-13,True,99.9998688697815,True,0.0,0.0,0.0,0.0,0.0,0.0,0.0,0.0,0.0,0.0,0.0,0.0,0.0,0.0,0.0,0.0,0.0,0.0,0.0,0.0,0.0,0.0,0.0,0.0,0.0,0.0,0.0,0.0,0.0,0.0,0.2472807914018631,0.7527192234992981,0.9284407496452332,0.07155929505825043,0.0,0.0,0.0,0.0,0.0,0.0,0.0,0.0,0.0,0.0,0.0,0.0
1781712366.3099768,0,0.0,False,0.006700616359012201,0.0010742971426225267,99.99222755432129,False,0.0006558806944667595,False,0.0,0.0,0.0,0.0,0.0,0.0,0.0,0.0,0.0,0.0,0.0,0.0,0.0,0.0,0.0,0.0,0.0,0.0,0.0,0.0,0.0,0.0,0.0,0.0,0.0,0.0,0.0,0.0,0.09113229066133499,0.9088677167892456,0.10820676386356354,0.8917932510375977,0.0,0.0,0.0,0.0,0.0,0.0,0.0,0.0,0.0,0.0,0.0,0.0,0.0,0.0
1781712366.9892235,0,0.0,False,0.02088764013024047,0.0010954740901070181,99.97801184654236,False,0.013438066525850445,False,0.0,0.0,0.0,0.0,0.0,0.0,0.0,0.0,0.0,0.0,0.0,0.0,0.0,0.0,0.0,0.0,0.0,0.0,0.0,0.0,0.0,0.0,0.0,0.0,0.0,0.0,0.0,0.0,0.15639786422252655,0.843602180480957,0.10863735526800156,0.8913626670837402,0.0,0.0,0.0,0.0,0.0,0.0,0.0,0.0,0.0,0.0,0.0,0.0,0.0,0.0
1781712367.9179432,1,0.0,False,0.006633673910982907,0.06592047866433859,99.92744326591492,False,0.0007628153980476782,False,0.0,0.0,0.0,0.0,0.0,0.0,0.0,0.0,0.0,0.0,0.0,0.0,0.0,0.0,0.0,0.0,0.0,0.0,0.0,0.0,0.0,0.0,0.0,0.0,0.0,0.0,0.0,0.0,0.15956155955791473,0.8404384851455688,0.40213626623153687,0.5978637337684631,0.0,0.0,0.0,0.0,0.0,0.0,0.0,0.0,0.0,0.0,0.0,0.0,0.0,0.0
1781712368.8105397,1,0.0,False,0.006245940312510356,0.0004072588126291521,99.99334812164307,False,0.0010741129699454177,False,0.0,0.0,0.0,0.0,0.0,0.0,0.0,0.0,0.0,0.0,0.0,0.0,0.0,0.0,0.0,0.0,0.0,0.0,0.0,0.0,0.0,0.0,0.0,0.0,0.0,0.0,0.0,0.0,0.34659433364868164,0.6534057259559631,0.3859579563140869,0.6140420436859131,0.0,0.0,0.0,0.0,0.0,0.0,0.0,0.0,0.0,0.0,0.0,0.0,0.0,0.0
1781712369.7210996,0,0.0,False,0.11008630972355604,0.08894144557416439,99.8009741306305,False,0.014479526726063341,False,0.0,0.0,0.0,0.0,0.0,0.0,0.0,0.0,0.0,0.0,0.0,0.0,0.0,0.0,0.0,0.0,0.0,0.0,0.0,0.0,0.0,0.0,0.0,0.0,0.0,0.0,0.0,0.0,0.02520119585096836,0.974798858165741,0.0,0.0,0.0,0.0,0.0,0.0,0.0,0.0,0.0,0.0,0.0,0.0,0.0,0.0,0.0,0.0
1781712370.6757796,1,4.3478260869565215,True,81.90025091171265,18.094247579574585,0.00549724827578757,True,99.99997615814209,True,0.0,0.0,0.0,0.0,0.0,0.0,0.0,0.0,0.0,0.0,0.0,0.0,0.0,0.0,0.0,0.0,0.0,0.0,0.0,0.0,0.0,0.0,0.0,0.0,0.0,0.0,0.0,0.0,0.6907037496566772,0.30929628014564514,0.403606116771698,0.596393883228302,0.0,0.0,0.0,0.0,0.0,0.0,0.0,0.0,0.0,0.0,0.0,0.0,0.0,0.0
1781712371.3879154,1,8.695652173913043,True,0.15059749130159616,99.8490571975708,0.0003384876208656351,True,99.99727010726929,True,0.0,0.0,0.0,0.0,0.0,0.0,0.0,0.0,0.0,0.0,0.0,0.0,0.0,0.0,0.0,0.0,0.0,0.0,0.0,0.0,0.0,0.0,0.0,0.0,0.0,0.0,0.0,0.0,0.8524838089942932,0.14751622080802917,0.5349006652832031,0.4650993347167969,0.0,0.0,0.0,0.0,0.0,0.0,0.0,0.0,0.0,0.0,0.0,0.0,0.0,0.0
1781712372.0137646,1,0.0,False,0.005888918531127274,0.0007125744104996556,99.99339580535889,False,0.0029394872399279848,False,0.0,0.0,0.0,0.0,0.0,0.0,0.0,0.0,0.0,0.0,0.0,0.0,0.0,0.0,0.0,0.0,0.0,0.0,0.0,0.0,0.0,0.0,0.0,0.0,0.0,0.0,0.0,0.0,0.15160785615444183,0.848392128944397,0.4375053346157074,0.562494695186615,0.0,0.0,0.0,0.0,0.0,0.0,0.0,0.0,0.0,0.0,0.0,0.0,0.0,0.0
1781712372.6255088,0,0.0,False,0.02342410007258877,0.0005690593297913438,99.9760091304779,False,0.31412828247994184,False,0.0,0.0,0.0,0.0,0.0,0.0,0.0,0.0,0.0,0.0,0.0,0.0,0.0,0.0,0.0,0.0,0.0,0.0,0.0,0.0,0.0,0.0,0.0,0.0,0.0,0.0,0.0,0.0,0.02479439042508602,0.9752055406570435,0.039408858865499496,0.9605911374092102,0.0,0.0,0.0,0.0,0.0,0.0,0.0,0.0,0.0,0.0,0.0,0.0,0.0,0.0
1781712373.2623634,0,0.0,False,0.017406394181307405,0.0007112540515663568,99.98188614845276,False,0.0503156625200063,False,0.0,0.0,0.0,0.0,0.0,0.0,0.0,0.0,0.0,0.0,0.0,0.0,0.0,0.0,0.0,0.0,0.0,0.0,0.0,0.0,0.0,0.0,0.0,0.0,0.0,0.0,0.0,0.0,0.0,0.0,0.0,0.0,0.0,0.0,0.0,0.0,0.0,0.0,0.0,0.0,0.0,0.0,0.0,0.0,0.0,0.0
1781712373.8623164,0,0.0,False,0.006700616359012201,0.0010742971426225267,99.99222755432129,False,0.0001256628365808865,False,0.0,0.0,0.0,0.0,0.0,0.0,0.0,0.0,0.0,0.0,0.0,0.0,0.0,0.0,0.0,0.0,0.0,0.0,0.0,0.0,0.0,0.0,0.0,0.0,0.0,0.0,0.0,0.0,0.0,0.0,0.0,0.0,0.0,0.0,0.0,0.0,0.0,0.0,0.0,0.0,0.0,0.0,0.0,0.0,0.0,0.0
1781712374.4514384,0,0.0,False,0.005888918531127274,0.0007125744104996556,99.99339580535889,False,3.0125731602311134,False,0.0,0.0,0.0,0.0,0.0,0.0,0.0,0.0,0.0,0.0,0.0,0.0,0.0,0.0,0.0,0.0,0.0,0.0,0.0,0.0,0.0,0.0,0.0,0.0,0.0,0.0,0.0,0.0,0.0,0.0,0.0,0.0,0.0,0.0,0.0,0.0,0.0,0.0,0.0,0.0,0.0,0.0,0.0,0.0,0.0,0.0
1781712375.0723279,0,0.0,False,0.012029876961605623,0.0003067638999709743,99.9876618385315,False,0.00013485907857102575,False,0.0,0.0,0.0,0.0,0.0,0.0,0.0,0.0,0.0,0.0,0.0,0.0,0.0,0.0,0.0,0.0,0.0,0.0,0.0,0.0,0.0,0.0,0.0,0.0,0.0,0.0,0.0,0.0,0.0,0.0,0.0,0.0,0.0,0.0,0.0,0.0,0.0,0.0,0.0,0.0,0.0,0.0,0.0,0.0,0.0,0.0
1781712375.6685388,0,0.0,False,0.014852032472845167,0.0002025547701123287,99.98494386672974,False,0.06072274409234524,False,0.0,0.0,0.0,0.0,0.0,0.0,0.0,0.0,0.0,0.0,0.0,0.0,0.0,0.0,0.0,0.0,0.0,0.0,0.0,0.0,0.0,0.0,0.0,0.0,0.0,0.0,0.0,0.0,0.0,0.0,0.0,0.0,0.0,0.0,0.0,0.0,0.0,0.0,0.0,0.0,0.0,0.0,0.0,0.0,0.0,0.0
1781712376.2688012,0,0.0,False,0.012822379358112812,0.0006809975275245961,99.9864935874939,False,0.01580800744704902,False,0.0,0.0,0.0,0.0,0.0,0.0,0.0,0.0,0.0,0.0,0.02376057766377926,0.9762394428253174,0.0,0.0,0.0,0.0,0.0,0.0,0.0,0.0,0.0,0.0,0.0,0.0,0.0,0.0,0.0,0.0,0.0,0.0,0.0,0.0,0.0,0.0,0.0,0.0,0.0,0.0,0.0,0.0,0.0,0.0,0.0,0.0,0.0,0.0
1781712376.8616993,1,0.0,False,0.006115657015470788,0.001441833137505455,99.99244213104248,False,0.33850420732051134,False,0.0,0.0,0.0,0.0,0.0,0.0,0.0,0.0,0.0,0.0,0.03672927990555763,0.9632706642150879,0.0,0.0,0.0,0.0,0.0,0.0,0.0,0.0,0.0,0.0,0.0,0.0,0.0,0.0,0.0,0.0,0.0,0.0,0.0,0.0,0.0,0.0,0.0,0.0,0.0,0.0,0.0,0.0,0.0,0.0,0.0,0.0,0.0,0.0
1781712377.4583762,1,0.0,False,0.01868466060841456,0.0006026065875630593,99.9807059764862,False,0.0010741129699454177,False,0.0,0.0,0.0,0.0,0.0,0.0,0.0,0.0,0.0,0.0,0.0,0.0,0.0,0.0,0.0,0.0,0.0,0.0,0.0,0.0,0.0,0.0,0.0,0.0,0.0,0.0,0.0,0.0,0.0,0.0,0.0,0.0,0.0,0.0,0.0,0.0,0.0,0.0,0.0,0.0,0.0,0.0,0.0,0.0,0.0,0.0
1781712378.031807,1,0.0,False,0.021742699027527124,0.0004185833404335426,99.97784495353699,False,0.10239449329674244,False,0.0,0.0,0.0,0.0,0.0,0.0,0.0,0.0,0.0,0.0,0.0,0.0,0.0,0.0,0.0,0.0,0.0,0.0,0.0,0.0,0.0,0.0,0.0,0.0,0.0,0.0,0.0,0.0,0.0,0.0,0.0,0.0,0.0,0.0,0.0,0.0,0.0,0.0,0.0,0.0,0.0,0.0,0.0,0.0,0.0,0.0
1781712378.652107,1,0.0,False,0.0115200447908137,0.0002891529902626644,99.98819828033447,False,7.51659456454945e-05,False,0.0,0.0,0.0,0.0,0.0,0.0,0.0,0.0,0.0,0.0,0.0,0.0,0.0,0.0,0.0,0.0,0.0,0.0,0.0,0.0,0.0,0.0,0.0,0.0,0.0,0.0,0.0,0.0,0.0,0.0,0.0,0.0,0.0,0.0,0.0,0.0,0.0,0.0,0.0,0.0,0.0,0.0,0.0,0.0,0.0,0.0
1781712379.249693,1,0.0,False,0.016704214795026928,0.001476201941841282,99.98181462287903,False,2.9335512863326585e-05,False,0.0,0.0,0.0,0.0,0.0,0.0,0.0,0.0,0.0,0.0,0.0,0.0,0.0,0.0,0.0,0.0,0.0,0.0,0.0,0.0,0.0,0.0,0.0,0.0,0.0,0.0,0.0,0.0,0.0,0.0,0.0,0.0,0.0,0.0,0.0,0.0,0.0,0.0,0.0,0.0,0.0,0.0,0.0,0.0,0.0,0.0
1781712379.8613439,0,0.0,False,0.03510096576064825,0.0038163252611411735,99.96108412742615,False,0.0010741129699454177,False,0.0,0.0,0.0,0.0,0.0,0.0,0.0,0.0,0.0,0.0,0.0,0.0,0.0,0.0,0.0,0.0,0.0,0.0,0.0,0.0,0.0,0.0,0.0,0.0,0.0,0.0,0.0,0.0,0.0,0.0,0.0,0.0,0.0,0.0,0.0,0.0,0.0,0.0,0.0,0.0,0.0,0.0,0.0,0.0,0.0,0.0
1781712380.465707,0,0.0,False,0.042300409404560924,0.0026820014682016335,99.95501637458801,False,0.025966428802348673,False,0.0,0.0,0.0,0.0,0.0,0.0,0.0,0.0,0.0,0.0,0.0,0.0,0.0,0.0,0.0,0.0,0.0,0.0,0.0,0.0,0.0,0.0,0.0,0.0,0.0,0.0,0.0,0.0,0.0,0.0,0.0,0.0,0.0,0.0,0.0,0.0,0.0,0.0,0.0,0.0,0.0,0.0,0.0,0.0,0.0,0.0
1781712381.1571472,1,0.0,False,0.0115200447908137,0.0002891529902626644,99.98819828033447,False,0.0007210122930700891,False,0.0,0.0,0.0,0.0,0.0,0.0,0.0,0.0,0.0,0.0,0.0,0.0,0.0,0.0,0.0,0.0,0.0,0.0,0.0,0.0,0.0,0.0,0.0,0.0,0.0,0.0,0.0,0.0,0.0,0.0,0.0,0.0,0.0,0.0,0.0,0.0,0.0,0.0,0.0,0.0,0.0,0.0,0.0,0.0,0.0,0.0
1781712382.014744,1,0.0,False,0.023350933042820543,0.0007861226549721323,99.97586607933044,False,0.02454342902638018,False,0.0,0.0,0.0,0.0,0.0,0.0,0.0,0.0,0.0,0.0,0.0,0.0,0.0,0.0,0.0,0.0,0.0,0.0,0.0,0.0,0.0,0.0,0.0,0.0,0.0,0.0,0.0,0.0,0.0,0.0,0.0,0.0,0.0,0.0,0.0,0.0,0.0,0.0,0.0,0.0,0.0,0.0,0.0,0.0,0.0,0.0
1781712382.917143,1,0.0,False,0.024808949092403054,0.0006734215276082978,99.97450709342957,False,0.00304768473142758,False,0.0,0.0,0.0,0.0,0.0,0.0,0.0,0.0,0.0,0.0,0.0,0.0,0.0,0.0,0.0,0.0,0.0,0.0,0.0,0.0,0.0,0.0,0.0,0.0,0.0,0.0,0.0,0.0,0.0,0.0,0.0,0.0,0.0,0.0,0.0,0.0,0.0,0.0,0.0,0.0,0.0,0.0,0.0,0.0,0.0,0.0
1781712383.878315,1,0.0,False,0.0067900757130701095,0.0008092639291135129,99.99239444732666,False,0.0012571265870064963,False,0.0,0.0,0.0,0.0,0.0,0.0,0.0,0.0,0.0,0.0,0.0,0.0,0.0,0.0,0.0,0.0,0.0,0.0,0.0,0.0,0.0,0.0,0.0,0.0,0.0,0.0,0.0,0.0,0.0,0.0,0.0,0.0,0.0,0.0,0.0,0.0,0.0,0.0,0.0,0.0,0.0,0.0,0.0,0.0,0.0,0.0
1781712384.7914412,0,0.0,False,0.025805531186051667,0.0006946494977455586,99.97350573539734,False,4.224526719553978e-05,False,0.0,0.0,0.0,0.0,0.0,0.0,0.0,0.0,0.0,0.0,0.0,0.0,0.0,0.0,0.0,0.0,0.0,0.0,0.0,0.0,0.0,0.0,0.0,0.0,0.0,0.0,0.0,0.0,0.0,0.0,0.0,0.0,0.0,0.0,0.0,0.0,0.0,0.0,0.0,0.0,0.0,0.0,0.0,0.0,0.0,0.0
1781712385.485593,1,0.0,False,0.021472199296113104,0.0007720131179667078,99.97774958610535,False,0.0022238631572690792,False,0.0,0.0,0.0,0.0,0.0,0.0,0.0,0.0,0.0,0.0,0.0,0.0,0.0,0.0,0.0,0.0,0.0,0.0,0.0,0.0,0.0,0.0,0.0,0.0,0.0,0.0,0.0,0.0,0.0,0.0,0.0,0.0,0.0,0.0,0.0,0.0,0.0,0.0,0.0,0.0,0.0,0.0,0.0,0.0,0.0,0.0
1781712386.1031086,0,0.0,False,0.01694312522886321,0.00048265824261761736,99.98257756233215,False,0.007669886690564454,False,0.0,0.0,0.0,0.0,0.0,0.0,0.0,0.0,0.0,0.0,0.0,0.0,0.0,0.0,0.0,0.0,0.0,0.0,0.0,0.0,0.0,0.0,0.0,0.0,0.0,0.0,0.0,0.0,0.0,0.0,0.0,0.0,0.0,0.0,0.0,0.0,0.0,0.0,0.0,0.0,0.0,0.0,0.0,0.0,0.0,0.0
1781712386.696195,1,0.0,False,0.016969956050161272,0.0007313412424991839,99.98230338096619,False,0.028793801902793348,False,0.0,0.0,0.0,0.0,0.0,0.0,0.0,0.0,0.0,0.0,0.0,0.0,0.0,0.0,0.0,0.0,0.0,0.0,0.0,0.0,0.0,0.0,0.0,0.0,0.0,0.0,0.0,0.0,0.0,0.0,0.0,0.0,0.0,0.0,0.0,0.0,0.0,0.0,0.0,0.0,0.0,0.0,0.0,0.0,0.0,0.0
1781712387.283763,0,0.0,False,0.008201639138860628,0.0003983272108598612,99.99140501022339,False,0.025966428802348673,False,0.0,0.0,0.0,0.0,0.0,0.0,0.0,0.0,0.0,0.0,0.0,0.0,0.0,0.0,0.0,0.0,0.0,0.0,0.0,0.0,0.0,0.0,0.0,0.0,0.0,0.0,0.0,0.0,0.0,0.0,0.0,0.0,0.02165212109684944,0.9783478379249573,0.0,0.0,0.0,0.0,0.0,0.0,0.0,0.0,0.0,0.0,0.0,0.0
1781712387.8962705,0,0.0,False,0.006728172593284398,0.00017074196421162924,99.99310970306396,False,0.0007120695499907015,False,0.0,0.0,0.0,0.0,0.0,0.0,0.0,0.0,0.0,0.0,0.0,0.0,0.0,0.0,0.0,0.0,0.0,0.0,0.0,0.0,0.0,0.0,0.0,0.0,0.0,0.0,0.0,0.0,0.0,0.0,0.0,0.0,0.01611429639160633,0.9838857650756836,0.0,0.0,0.0,0.0,0.0,0.0,0.0,0.0,0.0,0.0,0.0,0.0
1781712388.5002165,1,0.0,False,0.008323435758939013,0.0004558924501907313,99.99122619628906,False,0.793082918971777,False,0.0,0.0,0.0,0.0,0.0,0.0,0.0,0.0,0.0,0.0,0.0,0.0,0.0,0.0,0.0,0.0,0.0,0.0,0.0,0.0,0.0,0.0,0.0,0.0,0.0,0.0,0.0,0.0,0.0,0.0,0.0,0.0,0.0,0.0,0.0,0.0,0.0,0.0,0.0,0.0,0.0,0.0,0.0,0.0,0.0,0.0
1781712389.1222262,0,0.0,False,0.01952031598193571,0.002799487629090436,99.97767806053162,False,8.128066610879614e-05,False,0.0,0.0,0.0,0.0,0.0,0.0,0.0,0.0,0.0,0.0,0.0,0.0,0.0,0.0,0.0,0.0,0.0,0.0,0.0,0.0,0.0,0.0,0.0,0.0,0.0,0.0,0.0,0.0,0.0,0.0,0.0,0.0,0.0,0.0,0.2410731464624405,0.7589268088340759,0.017261791974306107,0.982738196849823,0.0,0.0,0.0,0.0,0.0,0.0,0.0,0.0
1781712389.712937,0,0.0,False,0.007844549691071734,0.0003260943458371912,99.99183416366577,False,0.002458995732013136,False,0.0,0.0,0.0,0.0,0.0,0.0,0.0,0.0,0.0,0.0,0.0,0.0,0.0,0.0,0.0,0.0,0.0,0.0,0.0,0.0,0.0,0.0,0.0,0.0,0.0,0.0,0.0,0.0,0.0,0.0,0.0,0.0,0.0,0.0,0.04066956415772438,0.9593304395675659,0.07189323008060455,0.9281067848205566,0.1858920007944107,0.8141080141067505,0.0,0.0,0.0,0.0,0.0,0.0
1781712390.3393266,1,8.695652173913043,True,7.447940930660479e-07,100.0,4.9807165336535064e-09,True,99.99426603317261,True,0.0,0.0,0.0,0.0,0.0,0.0,0.0,0.0,0.0,0.0,0.0,0.0,0.0,0.0,0.0,0.0,0.0,0.0,0.0,0.0,0.0,0.0,0.0,0.0,0.0,0.0,0.0,0.0,0.0,0.0,0.0,0.0,0.0,0.0,0.6050726771354675,0.3949272632598877,0.869190514087677,0.1308094710111618,0.0835137739777565,0.9164862632751465,0.0,0.0,0.0,0.0,0.0,0.0
1781712390.9514916,1,4.3478260869565215,True,100.0,2.507155941189332e-10,6.905706487153412e-17,True,99.85963702201843,True,0.0,0.0,0.0,0.0,0.0,0.0,0.0,0.0,0.0,0.0,0.0,0.0,0.0,0.0,0.0,0.0,0.0,0.0,0.0,0.0,0.0,0.0,0.0,0.0,0.0,0.0,0.0,0.0,0.0,0.0,0.0,0.0,0.0,0.0,0.23304225504398346,0.7669577598571777,0.8822925090789795,0.1177075058221817,0.41464963555336,0.5853503346443176,0.0,0.0,0.0,0.0,0.0,0.0
1781712391.556009,0,0.0,False,0.022852384427096695,0.0010784056939883158,99.97608065605164,False,0.003921395546058193,False,0.0,0.0,0.0,0.0,0.0,0.0,0.0,0.0,0.0,0.0,0.0,0.0,0.0,0.0,0.0,0.0,0.0,0.0,0.0,0.0,0.0,0.0,0.0,0.0,0.0,0.0,0.0,0.0,0.0,0.0,0.0,0.0,0.0,0.0,0.043217454105615616,0.9567825198173523,0.15931302309036255,0.8406869173049927,0.0,0.0,0.0,0.0,0.0,0.0,0.0,0.0
1781712392.1720746,1,0.0,False,0.01612588093848899,0.0008389298272959422,99.98303651809692,False,0.010402032785350457,False,0.0,0.0,0.0,0.0,0.0,0.0,0.0,0.0,0.0,0.0,0.0,0.0,0.0,0.0,0.0,0.0,0.0,0.0,0.0,0.0,0.0,0.0,0.0,0.0,0.0,0.0,0.0,0.0,0.0,0.0,0.0,0.0,0.0,0.0,0.0,0.0,0.0,0.0,0.0,0.0,0.0,0.0,0.0,0.0,0.0,0.0
1781712392.7845519,0,0.0,False,0.012822379358112812,0.0006809975275245961,99.9864935874939,False,0.0008087965397862718,False,0.0,0.0,0.0,0.0,0.0,0.0,0.0,0.0,0.0,0.0,0.0,0.0,0.0,0.0,0.0,0.0,0.0,0.0,0.0,0.0,0.0,0.0,0.0,0.0,0.0,0.0,0.0,0.0,0.0,0.0,0.0,0.0,0.0,0.0,0.0,0.0,0.0,0.0,0.0,0.0,0.0,0.0,0.0,0.0,0.0,0.0
1781712393.4077294,0,0.0,False,0.005888918531127274,0.0007125744104996556,99.99339580535889,False,0.0008087965397862718,False,0.0,0.0,0.0,0.0,0.0,0.0,0.0,0.0,0.0,0.0,0.0,0.0,0.0,0.0,0.0,0.0,0.0,0.0,0.0,0.0,0.0,0.0,0.0,0.0,0.0,0.0,0.0,0.0,0.0,0.0,0.0,0.0,0.0,0.0,0.17039917409420013,0.8296008110046387,0.0,0.0,0.0,0.0,0.0,0.0,0.0,0.0,0.0,0.0
1781712394.0369728,0,0.0,False,0.017856722115539014,0.00015157417010414065,99.98199343681335,False,0.05345387035049498,False,0.0,0.0,0.0,0.0,0.0,0.0,0.0,0.0,0.0,0.0,0.0,0.0,0.0,0.0,0.0,0.0,0.0,0.0,0.0,0.0,0.0,0.0,0.0,0.0,0.0,0.0,0.0,0.0,0.0,0.0,0.0,0.0,0.26139718294143677,0.738602876663208,0.04482787102460861,0.9551721215248108,0.10314395278692245,0.8968560695648193,0.0,0.0,0.0,0.0,0.0,0.0,0.0,0.0
1781712394.6386213,0,0.0,False,0.07278051343746483,99.92693066596985,0.00028418708097888157,True,0.002388423126831185,False,0.0,0.0,0.0,0.0,0.0,0.0,0.0,0.0,0.0,0.0,0.0,0.0,0.0,0.0,0.0,0.0,0.0,0.0,0.0,0.0,0.0,0.0,0.0,0.0,0.0,0.0,0.0,0.0,0.0,0.0,0.0,0.0,0.012274136766791344,0.9877259135246277,0.15644465386867523,0.8435553312301636,0.05661706253886223,0.9433829188346863,0.0,0.0,0.0,0.0,0.0,0.0,0.0,0.0
1781712395.3540943,1,4.3478260869565215,True,0.020288494124542922,99.97969269752502,2.279497266499675e-05,True,100.0,True,0.0,0.0,0.0,0.0,0.0,0.0,0.0,0.0,0.0,0.0,0.0,0.0,0.0,0.0,0.0,0.0,0.0,0.0,0.0,0.0,0.0,0.0,0.0,0.0,0.0,0.0,0.0,0.0,0.0,0.0,0.0,0.0,0.3955031633377075,0.6044968366622925,0.9073311686515808,0.09266876429319382,0.1294606328010559,0.8705393671989441,0.0,0.0,0.0,0.0,0.0,0.0,0.0,0.0
1781712396.2020397,1,0.0,False,0.008037382212933153,0.0003061904180867714,99.99165534973145,False,4.044599677399674e-05,False,0.0,0.0,0.0,0.0,0.0,0.0,0.0,0.0,0.0,0.0,0.0,0.0,0.0,0.0,0.0,0.0,0.0,0.0,0.0,0.0,0.0,0.0,0.0,0.0,0.0,0.0,0.0,0.0,0.0,0.0,0.0,0.0,0.41715899109840393,0.5828410387039185,0.09923400729894638,0.9007660150527954,0.0,0.0,0.0,0.0,0.0,0.0,0.0,0.0,0.0,0.0
1781712397.0708294,1,0.0,False,0.02074333024211228,0.0007371316314674914,99.97852444648743,False,0.1484433887526393,False,0.0,0.0,0.0,0.0,0.0,0.0,0.0,0.0,0.0,0.0,0.0,0.0,0.0,0.0,0.0,0.0,0.0,0.0,0.0,0.0,0.0,0.0,0.0,0.0,0.0,0.0,0.0,0.0,0.0,0.0,0.0,0.0,0.07217738777399063,0.9278226494789124,0.0,0.0,0.0,0.0,0.0,0.0,0.0,0.0,0.0,0.0,0.0,0.0
1781712398.0307312,0,0.0,False,0.016969956050161272,0.0007313412424991839,99.98230338096619,False,0.00012620002962648869,False,0.0,0.0,0.0,0.0,0.0,0.0,0.0,0.0,0.0,0.0,0.0,0.0,0.0,0.0,0.0,0.0,0.0,0.0,0.0,0.0,0.0,0.0,0.0,0.0,0.0,0.0,0.0,0.0,0.0,0.0,0.0,0.0,0.12762892246246338,0.8723710775375366,0.20131699740886688,0.7986830472946167,0.0,0.0,0.0,0.0,0.0,0.0,0.0,0.0,0.0,0.0
1781712398.9670553,0,0.0,False,0.0115200447908137,0.0002891529902626644,99.98819828033447,False,0.0048425194108858705,False,0.0,0.0,0.0,0.0,0.0,0.0,0.0,0.0,0.0,0.0,0.0,0.0,0.0,0.0,0.0,0.0,0.0,0.0,0.0,0.0,0.0,0.0,0.0,0.0,0.0,0.0,0.0,0.0,0.0,0.0,0.0,0.0,0.04259158670902252,0.9574084281921387,0.21606677770614624,0.7839332818984985,0.0,0.0,0.0,0.0,0.0,0.0,0.0,0.0,0.0,0.0
1781712399.7203095,0,0.0,False,0.01852040004450828,0.0006732007022947073,99.9808132648468,False,0.006333395867841318,False,0.0,0.0,0.0,0.0,0.0,0.0,0.0,0.0,0.0,0.0,0.0,0.0,0.0,0.0,0.0,0.0,0.0,0.0,0.0,0.0,0.0,0.0,0.0,0.0,0.0,0.0,0.0,0.0,0.0,0.0,0.0,0.0,0.12883496284484863,0.8711650967597961,0.0,0.0,0.0,0.0,0.0,0.0,0.0,0.0,0.0,0.0,0.0,0.0
1781712400.2989438,0,0.0,False,0.014423017273657024,0.0004596402504830621,99.98511075973511,False,0.0007628153980476782,False,0.0,0.0,0.0,0.0,0.0,0.0,0.0,0.0,0.0,0.0,0.0,0.0,0.0,0.0,0.0,0.0,0.0,0.0,0.0,0.0,0.0,0.0,0.0,0.0,0.0,0.0,0.0,0.0,0.0,0.0,0.0,0.0,0.05011874809861183,0.9498811960220337,0.0,0.0,0.0,0.0,0.0,0.0,0.0,0.0,0.0,0.0,0.0,0.0
1781712400.9138148,0,0.0,False,0.019541858637239784,0.0007310804448934505,99.97972846031189,False,0.028879582532681525,False,0.0,0.0,0.0,0.0,0.0,0.0,0.0,0.0,0.0,0.0,0.0,0.0,0.0,0.0,0.0,0.0,0.0,0.0,0.0,0.0,0.0,0.0,0.0,0.0,0.0,0.0,0.0,0.0,0.0,0.0,0.0,0.0,0.0,0.0,0.0,0.0,0.0,0.0,0.0,0.0,0.0,0.0,0.0,0.0,0.0,0.0
1781712401.5140898,1,0.0,False,0.018425224698148668,0.00035069151635980234,99.98123049736023,False,0.010402032785350457,False,0.0,0.0,0.0,0.0,0.0,0.0,0.0,0.0,0.0,0.0,0.0,0.0,0.0,0.0,0.0,0.0,0.0,0.0,0.0,0.0,0.0,0.0,0.0,0.0,0.0,0.0,0.0,0.0,0.0,0.0,0.0,0.0,0.0,0.0,0.0,0.0,0.0,0.0,0.0,0.0,0.0,0.0,0.0,0.0,0.0,0.0
1781712402.1282766,1,0.0,False,0.018840498523786664,0.0006995429430389777,99.98045563697815,False,0.0015299938240787014,False,0.0,0.0,0.0,0.0,0.0,0.0,0.0,0.0,0.0,0.0,0.0,0.0,0.0,0.0,0.0,0.0,0.0,0.0,0.0,0.0,0.0,0.0,0.0,0.0,0.0,0.0,0.0,0.0,0.0,0.0,0.0,0.0,0.0,0.0,0.0,0.0,0.0,0.0,0.0,0.0,0.0,0.0,0.0,0.0,0.0,0.0
1781712402.74488,1,0.0,False,0.01852040004450828,0.0006732007022947073,99.9808132648468,False,0.0033032945793820545,False,0.0,0.0,0.0,0.0,0.0,0.0,0.0,0.0,0.0,0.0,0.0,0.0,0.0,0.0,0.0,0.0,0.0,0.0,0.0,0.0,0.0,0.0,0.0,0.0,0.0,0.0,0.0,0.0,0.0,0.0,0.0,0.0,0.0,0.0,0.0,0.0,0.0,0.0,0.0,0.0,0.0,0.0,0.0,0.0,0.0,0.0
1781712403.3226125,0,0.0,False,0.018425224698148668,0.00035069151635980234,99.98123049736023,False,0.010455773735884577,False,0.0,0.0,0.0,0.0,0.0,0.0,0.0,0.0,0.0,0.0,0.0,0.0,0.0,0.0,0.0,0.0,0.0,0.0,0.0,0.0,0.0,0.0,0.0,0.0,0.0,0.0,0.0,0.0,0.0,0.0,0.0,0.0,0.0,0.0,0.0,0.0,0.0,0.0,0.0,0.0,0.0,0.0,0.0,0.0,0.0,0.0
1781712403.9420762,0,0.0,False,0.017856722115539014,0.00015157417010414065,99.98199343681335,False,0.25261417031288147,False,0.0,0.0,0.0,0.0,0.0,0.0,0.0,0.0,0.0,0.0,0.0,0.0,0.0,0.0,0.0,0.0,0.0,0.0,0.0,0.0,0.0,0.0,0.0,0.0,0.0,0.0,0.0,0.0,0.0,0.0,0.0,0.0,0.0,0.0,0.0,0.0,0.0,0.0,0.0,0.0,0.0,0.0,0.0,0.0,0.0,0.0
1781712404.5261958,1,0.0,False,0.017625630425754935,0.0009140459951595403,99.98145699501038,False,0.005564790262724273,False,0.0,0.0,0.0,0.0,0.0,0.0,0.0,0.0,0.0,0.0,0.0,0.0,0.0,0.0,0.0,0.0,0.0,0.0,0.0,0.0,0.0,0.0,0.0,0.0,0.0,0.0,0.0,0.0,0.0,0.0,0.0,0.0,0.0,0.0,0.0,0.0,0.0,0.0,0.0,0.0,0.0,0.0,0.0,0.0,0.0,0.0
1781712405.1697211,0,0.0,False,0.011920941324206069,0.0005732626050303224,99.98750686645508,False,0.01059469796018675,False,0.0,0.0,0.0,0.0,0.0,0.0,0.0,0.0,0.0,0.0,0.0,0.0,0.0,0.0,0.0,0.0,0.0,0.0,0.0,0.0,0.0,0.0,0.0,0.0,0.0,0.0,0.0,0.0,0.0,0.0,0.0,0.0,0.0,0.0,0.0,0.0,0.0,0.0,0.0,0.0,0.0,0.0,0.0,0.0,0.0,0.0
1781712405.7925398,0,0.0,False,0.015248177805915475,0.0007735328836133704,99.98397827148438,False,0.36122784949839115,False,0.0,0.0,0.0,0.0,0.0,0.0,0.0,0.0,0.0,0.0,0.0,0.0,0.0,0.0,0.0,0.0,0.0,0.0,0.0,0.0,0.0,0.0,0.0,0.0,0.0,0.0,0.0,0.0,0.0,0.0,0.0,0.0,0.0,0.0,0.0,0.0,0.0,0.0,0.0,0.0,0.0,0.0,0.0,0.0,0.0,0.0
1781712408.26215,0,0.0,False,0.0038571946788579226,0.0005737977517128456,99.99556541442871,False,0.1193658565171063,False,0.0,0.0,0.0,0.0,0.0,0.0,0.0,0.0,0.0,0.0,0.0,0.0,0.0,0.0,0.0,0.0,0.0,0.0,0.0,0.0,0.0,0.0,0.0,0.0,0.0,0.0,0.0,0.0,0.0,0.0,0.0,0.0,0.0,0.0,0.0,0.0,0.0,0.0,0.0,0.0,0.0,0.0,0.0,0.0,0.0,0.0
1781712408.872167,1,0.0,False,0.013123400276526809,0.0004622561391443014,99.98641014099121,False,0.00012620002962648869,False,0.0,0.0,0.0,0.0,0.0,0.0,0.0,0.0,0.0,0.0,0.0,0.0,0.03839210048317909,0.9616079330444336,0.0,0.0,0.0,0.0,0.0,0.0,0.0,0.0,0.0,0.0,0.0,0.0,0.0,0.0,0.0,0.0,0.0,0.0,0.0,0.0,0.0,0.0,0.0,0.0,0.0,0.0,0.0,0.0,0.0,0.0,0.0,0.0
1781712409.5371382,1,4.3478260869565215,True,0.013682003191206604,0.0018725915651884861,99.98444318771362,False,99.99556541442871,True,0.0,0.0,0.0,0.0,0.0,0.0,0.0,0.0,0.0,0.0,0.0,0.0,0.8217438459396362,0.178256094455719,0.0,0.0,0.0,0.0,0.0,0.0,0.0,0.0,0.0,0.0,0.0,0.0,0.0,0.0,0.0,0.0,0.0,0.0,0.0,0.0,0.0,0.0,0.0,0.0,0.0,0.0,0.0,0.0,0.0,0.0,0.0,0.0
1781712410.4712393,1,0.0,False,0.03857015981338918,0.08454736089333892,99.87688660621643,False,0.0037560756027232856,False,0.0,0.0,0.0,0.0,0.0,0.0,0.0,0.0,0.0,0.0,0.0,0.0,0.0,0.0,0.0,0.0,0.0,0.0,0.0,0.0,0.0,0.0,0.0,0.0,0.0,0.0,0.0,0.0,0.0,0.0,0.0,0.0,0.0,0.0,0.0,0.0,0.0,0.0,0.0,0.0,0.0,0.0,0.0,0.0,0.0,0.0
1781712411.4262464,1,0.0,False,0.013682003191206604,0.0018725915651884861,99.98444318771362,False,0.006882329034851864,False,0.0,0.0,0.0,0.0,0.0,0.0,0.0,0.0,0.0,0.0,0.10156714171171188,0.8984328508377075,0.0,0.0,0.0,0.0,0.0,0.0,0.0,0.0,0.0,0.0,0.0,0.0,0.0,0.0,0.0,0.0,0.0,0.0,0.0,0.0,0.0,0.0,0.0,0.0,0.0,0.0,0.0,0.0,0.0,0.0,0.0,0.0,0.0,0.0
1781712412.3780174,1,0.0,False,0.006728172593284398,0.00017074196421162924,99.99310970306396,False,0.0004997147243557265,False,0.0,0.0,0.0,0.0,0.0,0.0,0.0,0.0,0.0,0.0,0.21131457388401031,0.7886854410171509,0.0,0.0,0.0,0.0,0.0,0.0,0.0,0.0,0.0,0.0,0.0,0.0,0.0,0.0,0.0,0.0,0.0,0.0,0.0,0.0,0.0,0.0,0.0,0.0,0.0,0.0,0.0,0.0,0.0,0.0,0.0,0.0,0.0,0.0
1781712413.301344,1,0.0,False,0.012753024930134416,0.00036356843793328153,99.98687505722046,False,0.028793801902793348,False,0.0,0.0,0.0,0.0,0.0,0.0,0.0,0.0,0.0,0.0,0.0,0.0,0.0,0.0,0.0,0.0,0.0,0.0,0.0,0.0,0.0,0.0,0.0,0.0,0.0,0.0,0.0,0.0,0.0,0.0,0.0,0.0,0.0,0.0,0.0,0.0,0.0,0.0,0.0,0.0,0.0,0.0,0.0,0.0,0.0,0.0
1781712413.9663782,1,0.0,False,0.01694312522886321,0.00048265824261761736,99.98257756233215,False,0.0007120695499907015,False,0.0,0.0,0.0,0.0,0.0,0.0,0.0,0.0,0.0,0.0,0.0,0.0,0.0,0.0,0.0,0.0,0.0,0.0,0.0,0.0,0.0,0.0,0.0,0.0,0.0,0.0,0.0,0.0,0.0,0.0,0.0,0.0,0.0,0.0,0.0,0.0,0.0,0.0,0.0,0.0,0.0,0.0,0.0,0.0,0.0,0.0
1781712414.5898533,0,0.0,False,0.017625630425754935,0.0009140459951595403,99.98145699501038,False,0.008073518256423995,False,0.0,0.0,0.0,0.0,0.0,0.0,0.0,0.0,0.0,0.0,0.0,0.0,0.0,0.0,0.0,0.0,0.0,0.0,0.0,0.0,0.0,0.0,0.0,0.0,0.0,0.0,0.0,0.0,0.0,0.0,0.0,0.0,0.0,0.0,0.0,0.0,0.0,0.0,0.0,0.0,0.0,0.0,0.0,0.0,0.0,0.0
1781712415.2283714,0,0.0,False,0.019541858637239784,0.0007310804448934505,99.97972846031189,False,0.0013093700545141473,False,0.0,0.0,0.0,0.0,0.0,0.0,0.0,0.0,0.0,0.0,0.0,0.0,0.0,0.0,0.0,0.0,0.0,0.0,0.0,0.0,0.0,0.0,0.0,0.0,0.0,0.0,0.0,0.0,0.0,0.0,0.0,0.0,0.0,0.0,0.0,0.0,0.0,0.0,0.0,0.0,0.0,0.0,0.0,0.0,0.0,0.0
1781712415.8453686,1,0.0,False,0.008941604028223082,0.0018591816115076654,99.9891996383667,False,0.002624592525535263,False,0.0,0.0,0.0,0.0,0.0,0.0,0.0,0.0,0.0,0.0,0.0,0.0,0.0,0.0,0.0,0.0,0.0,0.0,0.0,0.0,0.0,0.0,0.0,0.0,0.0,0.0,0.0,0.0,0.0,0.0,0.0,0.0,0.0,0.0,0.0,0.0,0.0,0.0,0.0,0.0,0.0,0.0,0.0,0.0,0.0,0.0
1781712416.4776902,1,0.0,False,0.028262133128009737,0.0007979301699378993,99.970942735672,False,0.0001971968003999791,False,0.0,0.0,0.0,0.0,0.0,0.0,0.0,0.0,0.0,0.0,0.0,0.0,0.0,0.0,0.0,0.0,0.0,0.0,0.0,0.0,0.0,0.0,0.0,0.0,0.0,0.0,0.0,0.0,0.0,0.0,0.0,0.0,0.0,0.0,0.0,0.0,0.0,0.0,0.0,0.0,0.0,0.0,0.0,0.0,0.0,0.0
1781712417.109053,0,0.0,False,0.018840498523786664,0.0006995429430389777,99.98045563697815,False,0.001503142721048789,False,0.0,0.0,0.0,0.0,0.0,0.0,0.0,0.0,0.0,0.0,0.0,0.0,0.0,0.0,0.0,0.0,0.0,0.0,0.0,0.0,0.0,0.0,0.0,0.0,0.0,0.0,0.0,0.0,0.0,0.0,0.0,0.0,0.0,0.0,0.0,0.0,0.0,0.0,0.0,0.0,0.0,0.0,0.0,0.0,0.0,0.0
1781712417.7224758,1,0.0,False,0.01659965782891959,0.0008216763490054291,99.98257756233215,False,0.028793801902793348,False,0.0,0.0,0.0,0.0,0.0,0.0,0.0,0.0,0.0,0.0,0.0,0.0,0.0,0.0,0.0,0.0,0.0,0.0,0.0,0.0,0.0,0.0,0.0,0.0,0.0,0.0,0.0,0.0,0.0,0.0,0.0,0.0,0.0,0.0,0.0,0.0,0.0,0.0,0.0,0.0,0.0,0.0,0.0,0.0,0.0,0.0
1781712418.3432727,1,0.0,False,0.011920941324206069,0.0005732626050303224,99.98750686645508,False,0.013876771845389158,False,0.0,0.0,0.0,0.0,0.0,0.0,0.0,0.0,0.0,0.0,0.0,0.0,0.0,0.0,0.0,0.0,0.0,0.0,0.0,0.0,0.0,0.0,0.0,0.0,0.0,0.0,0.0,0.0,0.0,0.0,0.0,0.0,0.0,0.0,0.0,0.0,0.0,0.0,0.0,0.0,0.0,0.0,0.0,0.0,0.0,0.0
1781712418.9939,0,0.0,False,0.018840498523786664,0.0006995429430389777,99.98045563697815,False,0.00022669214558845852,False,0.0,0.0,0.0,0.0,0.0,0.0,0.0,0.0,0.0,0.0,0.0,0.0,0.0,0.0,0.0,0.0,0.0,0.0,0.0,0.0,0.0,0.0,0.0,0.0,0.0,0.0,0.0,0.0,0.0,0.0,0.0,0.0,0.10089581459760666,0.8991041779518127,0.0,0.0,0.0,0.0,0.0,0.0,0.0,0.0,0.0,0.0,0.0,0.0
1781712419.6366901,0,0.0,False,0.02074333024211228,0.0007371316314674914,99.97852444648743,False,0.0844838737975806,False,0.0,0.0,0.0,0.0,0.0,0.0,0.0,0.0,0.0,0.0,0.0,0.0,0.0,0.0,0.0,0.0,0.0,0.0,0.0,0.0,0.0,0.0,0.0,0.0,0.0,0.0,0.0,0.0,0.0,0.0,0.0,0.0,0.3224753737449646,0.6775246262550354,0.03869305178523064,0.9613069891929626,0.0,0.0,0.0,0.0,0.0,0.0,0.0,0.0,0.0,0.0
1781712420.2232976,0,0.0,False,0.036449485924094915,0.20722737535834312,99.75632429122925,False,0.013438066525850445,False,0.0,0.0,0.0,0.0,0.0,0.0,0.0,0.0,0.0,0.0,0.0,0.0,0.0,0.0,0.0,0.0,0.0,0.0,0.0,0.0,0.0,0.0,0.0,0.0,0.0,0.0,0.0,0.0,0.0,0.0,0.0,0.0,0.0,0.0,0.03411597013473511,0.9658840298652649,0.0,0.0,0.0,0.0,0.0,0.0,0.0,0.0,0.0,0.0
1781712420.8278718,0,0.0,False,0.010197588562732562,0.00030858195714245085,99.98948574066162,False,0.011909124441444874,False,0.0,0.0,0.0,0.0,0.0,0.0,0.0,0.0,0.0,0.0,0.0,0.0,0.0,0.0,0.0,0.0,0.0,0.0,0.0,0.0,0.0,0.0,0.0,0.0,0.0,0.0,0.0,0.0,0.0,0.0,0.0,0.0,0.0,0.0,0.02247287705540657,0.9775271415710449,0.0,0.0,0.0,0.0,0.0,0.0,0.0,0.0,0.0,0.0
1781712421.4356782,1,4.3478260869565215,True,0.017846268019638956,0.0015937559510348365,99.98056292533875,False,99.9997615814209,True,0.0,0.0,0.0,0.0,0.0,0.0,0.0,0.0,0.0,0.0,0.0,0.0,0.0,0.0,0.0,0.0,0.0,0.0,0.0,0.0,0.0,0.0,0.0,0.0,0.0,0.0,0.0,0.0,0.0,0.0,0.0,0.0,0.0,0.0,0.708019495010376,0.2919805347919464,0.0,0.0,0.0,0.0,0.0,0.0,0.0,0.0,0.0,0.0
1781712422.0541282,1,0.0,False,0.016165444685611874,0.0010469219887454528,99.98278617858887,False,0.0001971968003999791,False,0.0,0.0,0.0,0.0,0.0,0.0,0.0,0.0,0.0,0.0,0.0,0.0,0.0,0.0,0.0,0.0,0.0,0.0,0.0,0.0,0.0,0.0,0.0,0.0,0.0,0.0,0.0,0.0,0.0,0.0,0.0,0.0,0.0,0.0,0.0,0.0,0.0,0.0,0.0,0.0,0.0,0.0,0.0,0.0,0.0,0.0
1781712422.6623032,0,0.0,False,0.012822379358112812,0.0006809975275245961,99.9864935874939,False,0.03823103033937514,False,0.0,0.0,0.0,0.0,0.0,0.0,0.0,0.0,0.0,0.0,0.0,0.0,0.0,0.0,0.0,0.0,0.0,0.0,0.0,0.0,0.0,0.0,0.0,0.0,0.0,0.0,0.0,0.0,0.0,0.0,0.0,0.0,0.0,0.0,0.0,0.0,0.0,0.0,0.0,0.0,0.0,0.0,0.0,0.0,0.0,0.0
1781712423.2629526,1,0.0,False,0.026423399685882032,0.036820952664129436,99.93675351142883,False,0.006653113086940721,False,0.0,0.0,0.0,0.0,0.0,0.0,0.0,0.0,0.0,0.0,0.0,0.0,0.0,0.0,0.0,0.0,0.0,0.0,0.0,0.0,0.0,0.0,0.0,0.0,0.0,0.0,0.0,0.0,0.0,0.0,0.0,0.0,0.0,0.0,0.0,0.0,0.0,0.0,0.0,0.0,0.0,0.0,0.0,0.0,0.0,0.0
1781712424.0235338,1,0.0,False,0.006245940312510356,0.0004072588126291521,99.99334812164307,False,0.0033032945793820545,False,0.0,0.0,0.0,0.0,0.0,0.0,0.0,0.0,0.0,0.0,0.0,0.0,0.0,0.0,0.0,0.0,0.0,0.0,0.0,0.0,0.0,0.0,0.0,0.0,0.0,0.0,0.0,0.0,0.0,0.0,0.0,0.0,0.0,0.0,0.0,0.0,0.0,0.0,0.0,0.0,0.0,0.0,0.0,0.0,0.0,0.0
1781712424.926648,1,0.0,False,0.01304328761762008,0.0003231990604035673,99.98663663864136,False,0.00011004328825947596,False,0.0,0.0,0.0,0.0,0.0,0.0,0.0,0.0,0.0,0.0,0.0,0.0,0.0,0.0,0.0,0.0,0.0,0.0,0.0,0.0,0.0,0.0,0.0,0.0,0.0,0.0,0.0,0.0,0.0,0.0,0.3443577289581299,0.6556422114372253,0.0,0.0,0.0,0.0,0.0,0.0,0.0,0.0,0.0,0.0,0.0,0.0,0.0,0.0
1781712425.8309,1,4.3478260869565215,True,0.010197588562732562,0.00030858195714245085,99.98948574066162,False,99.99998807907104,True,0.0,0.0,0.0,0.0,0.0,0.0,0.0,0.0,0.0,0.0,0.0,0.0,0.0,0.0,0.0,0.0,0.0,0.0,0.0,0.0,0.0,0.0,0.0,0.0,0.0,0.0,0.0,0.0,0.0,0.0,0.14048337936401367,0.8595166206359863,0.5037923455238342,0.4962076246738434,0.0,0.0,0.0,0.0,0.0,0.0,0.0,0.0,0.0,0.0,0.0,0.0
1781712426.8023024,0,0.0,False,0.013768114149570465,99.98623132705688,3.1346047535407706e-06,True,9.854205700321472e-05,False,0.0,0.0,0.0,0.0,0.0,0.0,0.0,0.0,0.0,0.0,0.0,0.0,0.0,0.0,0.0,0.0,0.0,0.0,0.0,0.0,0.0,0.0,0.0,0.0,0.0,0.0,0.0,0.0,0.0,0.0,0.03333123400807381,0.9666688442230225,0.039430148899555206,0.9605699181556702,0.0,0.0,0.0,0.0,0.0,0.0,0.0,0.0,0.0,0.0,0.0,0.0
1781712427.6759644,0,0.0,False,99.9998927116394,0.00010760626310002408,7.034597730715131e-10,True,0.0061526916397269815,False,0.0,0.0,0.0,0.0,0.0,0.0,0.0,0.0,0.0,0.0,0.0,0.0,0.0,0.0,0.0,0.0,0.0,0.0,0.0,0.0,0.0,0.0,0.0,0.0,0.0,0.0,0.0,0.0,0.11674614250659943,0.8832538723945618,0.1634804904460907,0.8365195393562317,0.09992814064025879,0.900071918964386,0.0,0.0,0.0,0.0,0.0,0.0,0.0,0.0,0.0,0.0,0.0,0.0
1781712428.2843485,1,8.695652173913043,True,4.695381930486242e-09,100.0,3.447142202760156e-12,True,99.99961853027344,True,0.0,0.0,0.0,0.0,0.0,0.0,0.0,0.0,0.0,0.0,0.0,0.0,0.0,0.0,0.0,0.0,0.0,0.0,0.0,0.0,0.0,0.0,0.0,0.0,0.0,0.0,0.0,0.0,0.8447214961051941,0.15527847409248352,1.0,1.4187510721797025e-08,0.2619650959968567,0.7380349040031433,0.0,0.0,0.0,0.0,0.0,0.0,0.0,0.0,0.0,0.0,0.0,0.0
1781712428.896104,1,4.3478260869565215,True,100.0,2.8847867614505187e-15,1.205243511520389e-17,True,99.99996423721313,True,0.0,0.0,0.0,0.0,0.0,0.0,0.0,0.0,0.0,0.0,0.0,0.0,0.0,0.0,0.0,0.0,0.0,0.0,0.0,0.0,0.0,0.0,0.0,0.0,0.0,0.0,0.0,0.0,0.3901226818561554,0.6098772883415222,1.0,6.171958055745108e-09,0.06144116818904877,0.93855881690979,0.0,0.0,0.0,0.0,0.0,0.0,0.0,0.0,0.0,0.0,0.0,0.0
1781712429.5033762,0,0.0,False,100.0,4.2677129191703855e-10,7.003981106714331e-15,True,0.016472802963107824,False,0.0,0.0,0.0,0.0,0.0,0.0,0.0,0.0,0.0,0.0,0.0,0.0,0.0,0.0,0.0,0.0,0.0,0.0,0.0,0.0,0.0,0.0,0.0,0.0,0.0,0.0,0.0,0.0,0.22260497510433197,0.7773949503898621,0.06417786329984665,0.9358221888542175,0.0,0.0,0.0,0.0,0.0,0.0,0.0,0.0,0.0,0.0,0.0,0.0,0.0,0.0
1781712430.1933208,0,0.0,False,4.569497491502261e-05,99.99995231628418,7.928722678407496e-08,True,0.0023801487259333953,False,0.0,0.0,0.0,0.0,0.0,0.0,0.0,0.0,0.0,0.0,0.0,0.0,0.0,0.0,0.0,0.0,0.0,0.0,0.0,0.0,0.0,0.0,0.0,0.0,0.0,0.0,0.0,0.0,0.18213512003421783,0.8178648948669434,0.09706458449363708,0.9029354453086853,0.05171658471226692,0.9482834339141846,0.0,0.0,0.0,0.0,0.0,0.0,0.0,0.0,0.0,0.0,0.0,0.0
1781712430.8423898,0,4.3478260869565215,True,100.0,5.411627209236447e-19,1.2137326065325024e-25,True,99.99774694442749,True,0.0,0.0,0.0,0.0,0.0,0.0,0.0,0.0,0.0,0.0,0.0,0.0,0.0,0.0,0.0,0.0,0.0,0.0,0.0,0.0,0.0,0.0,0.0,0.0,0.0,0.0,0.0,0.0,0.55073481798172,0.44926512241363525,0.2098252922296524,0.790174663066864,0.3519292175769806,0.648070752620697,0.0,0.0,0.0,0.0,0.0,0.0,0.0,0.0,0.0,0.0,0.0,0.0
1781712431.4667578,1,4.3478260869565215,True,100.0,1.1117401665128074e-13,5.915171791540969e-18,True,99.84689354896545,True,0.0,0.0,0.0,0.0,0.0,0.0,0.0,0.0,0.0,0.0,0.0,0.0,0.0,0.0,0.0,0.0,0.0,0.0,0.0,0.0,0.0,0.0,0.0,0.0,0.0,0.0,0.0,0.0,0.0,0.0,0.2765083909034729,0.7234916090965271,0.9080529808998108,0.0919470489025116,0.11670386791229248,0.8832961320877075,0.0,0.0,0.0,0.0,0.0,0.0,0.0,0.0,0.0,0.0
1781712432.0965269,1,8.695652173913043,True,97.3368763923645,2.6630528271198273,6.882924026285764e-05,True,99.99426603317261,True,0.0,0.0,0.0,0.0,0.0,0.0,0.0,0.0,0.0,0.0,0.0,0.0,0.0,0.0,0.0,0.0,0.0,0.0,0.0,0.0,0.0,0.0,0.0,0.0,0.0,0.0,0.0,0.0,0.0,0.0,0.9840637445449829,0.015936214476823807,0.889646053314209,0.1103539764881134,0.2513822615146637,0.7486177086830139,0.0,0.0,0.0,0.0,0.0,0.0,0.0,0.0,0.0,0.0
1781712432.730838,0,0.0,False,0.027012350619770586,99.97298121452332,1.4695030969846812e-06,True,0.006025846232660115,False,0.0,0.0,0.0,0.0,0.0,0.0,0.0,0.0,0.0,0.0,0.0,0.0,0.0,0.0,0.0,0.0,0.0,0.0,0.0,0.0,0.0,0.0,0.0,0.0,0.0,0.0,0.0,0.0,0.22979840636253357,0.770201563835144,0.43346157670021057,0.566538393497467,0.027771975845098495,0.9722280502319336,0.0,0.0,0.0,0.0,0.0,0.0,0.0,0.0,0.0,0.0,0.0,0.0
1781712433.352124,0,0.0,False,100.0,1.483225333190081e-12,2.5952101055351504e-19,True,1.9241490178956155e-05,False,0.0,0.0,0.0,0.0,0.0,0.0,0.0,0.0,0.0,0.0,0.0,0.0,0.0,0.0,0.0,0.0,0.0,0.0,0.0,0.0,0.0,0.0,0.0,0.0,0.0,0.0,0.0,0.0,0.11150077730417252,0.8884992003440857,0.4670141637325287,0.5329858660697937,0.11069441586732864,0.889305591583252,0.0,0.0,0.0,0.0,0.0,0.0,0.0,0.0,0.0,0.0,0.0,0.0
1781712433.9539878,1,8.695652173913043,True,0.023812965082470328,99.97616410255432,2.1645021774929774e-05,True,100.0,True,0.0,0.0,0.0,0.0,0.0,0.0,0.0,0.0,0.0,0.0,0.0,0.0,0.0,0.0,0.0,0.0,0.0,0.0,0.0,0.0,0.0,0.0,0.0,0.0,0.0,0.0,0.0,0.0,0.0,0.0,0.4475120007991791,0.5524879693984985,0.9999823570251465,1.7654203475103714e-05,0.950890839099884,0.0491090826690197,0.0,0.0,0.0,0.0,0.0,0.0,0.0,0.0,0.0,0.0
1781712434.5840979,0,0.0,False,0.004003332651336677,99.9959945678711,5.038330286311066e-06,True,0.022971337602939457,False,0.0,0.0,0.0,0.0,0.0,0.0,0.0,0.0,0.0,0.0,0.0,0.0,0.0,0.0,0.0,0.0,0.0,0.0,0.0,0.0,0.0,0.0,0.0,0.0,0.0,0.0,0.0,0.0,0.0,0.0,0.057267926633358,0.942732036113739,0.211486354470253,0.7885136604309082,0.2338310182094574,0.766169011592865,0.0,0.0,0.0,0.0,0.0,0.0,0.0,0.0,0.0,0.0
1781712435.246783,0,0.0,False,0.0014555841516994406,99.99854564666748,5.452495788205169e-07,True,0.01011225176625885,False,0.0,0.0,0.0,0.0,0.0,0.0,0.0,0.0,0.0,0.0,0.0,0.0,0.0,0.0,0.0,0.0,0.0,0.0,0.0,0.0,0.0,0.0,0.0,0.0,0.0,0.0,0.0,0.0,0.0,0.0,0.05749184265732765,0.9425081610679626,0.026483044028282166,0.9735170006752014,0.45681342482566833,0.5431865453720093,0.0,0.0,0.0,0.0,0.0,0.0,0.0,0.0,0.0,0.0
1781712435.8702095,1,0.0,False,0.01659965782891959,0.0008216763490054291,99.98257756233215,False,0.006882329034851864,False,0.0,0.0,0.0,0.0,0.0,0.0,0.0,0.0,0.0,0.0,0.0,0.0,0.0,0.0,0.0,0.0,0.0,0.0,0.0,0.0,0.0,0.0,0.0,0.0,0.0,0.0,0.0,0.0,0.0,0.0,0.2673485279083252,0.7326514720916748,0.18537604808807373,0.8146239519119263,0.0,0.0,0.0,0.0,0.0,0.0,0.0,0.0,0.0,0.0,0.0,0.0
1781712436.5027058,0,0.0,False,0.018376283696852624,0.014590838691219687,99.96703863143921,False,0.003385376840014942,False,0.0,0.0,0.0,0.0,0.0,0.0,0.0,0.0,0.0,0.0,0.0,0.0,0.0,0.0,0.0,0.0,0.0,0.0,0.0,0.0,0.0,0.0,0.0,0.0,0.0,0.0,0.0,0.0,0.0,0.0,0.0,0.0,0.0,0.0,0.0,0.0,0.0,0.0,0.0,0.0,0.0,0.0,0.0,0.0,0.0,0.0
1781712437.1202404,0,0.0,False,0.012347997108008713,0.00033330372843920486,99.9873161315918,False,0.005072199928690679,False,0.0,0.0,0.0,0.0,0.0,0.0,0.0,0.0,0.0,0.0,0.0,0.0,0.0,0.0,0.0,0.0,0.0,0.0,0.0,0.0,0.0,0.0,0.0,0.0,0.0,0.0,0.0,0.0,0.0,0.0,0.0,0.0,0.0,0.0,0.0,0.0,0.0,0.0,0.0,0.0,0.0,0.0,0.0,0.0,0.0,0.0
1781712437.8145752,0,0.0,False,0.003104776988038793,0.0015361070836661384,99.99536275863647,False,0.010455773735884577,False,0.0,0.0,0.0,0.0,0.0,0.0,0.0,0.0,0.0,0.0,0.0,0.0,0.0,0.0,0.0,0.0,0.0,0.0,0.0,0.0,0.0,0.0,0.0,0.0,0.0,0.0,0.10383091121912003,0.896169126033783,0.09653390198945999,0.9034661054611206,0.0,0.0,0.0,0.0,0.0,0.0,0.0,0.0,0.0,0.0,0.0,0.0,0.0,0.0,0.0,0.0
1781712438.7148263,0,0.0,False,8.608365220652558e-06,99.99998807907104,1.8182458316751138e-08,True,0.0009421157301403582,False,0.0,0.0,0.0,0.0,0.0,0.0,0.0,0.0,0.0,0.0,0.0,0.0,0.0,0.0,0.0,0.0,0.0,0.0,0.0,0.0,0.0,0.0,0.0,0.0,0.0,0.0,0.15503175556659698,0.8449682593345642,0.03959910571575165,0.9604008793830872,0.0,0.0,0.0,0.0,0.0,0.0,0.0,0.0,0.0,0.0,0.0,0.0,0.0,0.0,0.0,0.0
1781712439.6523097,0,0.0,False,100.0,5.5140198445963727e-14,3.72584281437618e-19,True,0.009735713683767244,False,0.0,0.0,0.0,0.0,0.0,0.0,0.0,0.0,0.0,0.0,0.0,0.0,0.0,0.0,0.0,0.0,0.0,0.0,0.0,0.0,0.0,0.0,0.0,0.0,0.0,0.0,0.09431112557649612,0.9056888818740845,0.0839996188879013,0.9160004258155823,0.0,0.0,0.0,0.0,0.0,0.0,0.0,0.0,0.0,0.0,0.0,0.0,0.0,0.0,0.0,0.0
1781712440.6049354,1,4.3478260869565215,True,2.0924544319456118e-07,100.0,1.4603874750121482e-10,True,99.95284080505371,True,0.0,0.0,0.0,0.0,0.0,0.0,0.0,0.0,0.0,0.0,0.0,0.0,0.0,0.0,0.0,0.0,0.0,0.0,0.0,0.0,0.0,0.0,0.0,0.0,0.0,0.0,0.9824579358100891,0.01754208840429783,0.3539087474346161,0.6460912823677063,0.0,0.0,0.0,0.0,0.0,0.0,0.0,0.0,0.0,0.0,0.0,0.0,0.0,0.0,0.0,0.0
1781712441.5100412,0,0.0,False,3.5114027241434087e-06,100.0,1.0158156434070253e-09,True,0.012650436838157475,False,0.0,0.0,0.0,0.0,0.0,0.0,0.0,0.0,0.0,0.0,0.0,0.0,0.0,0.0,0.0,0.0,0.0,0.0,0.0,0.0,0.0,0.0,0.0,0.0,0.02858573943376541,0.9714142680168152,0.22811318933963776,0.7718868255615234,0.043799445033073425,0.9562005996704102,0.0,0.0,0.0,0.0,0.0,0.0,0.0,0.0,0.0,0.0,0.0,0.0,0.0,0.0,0.0,0.0
1781712442.2619216,1,8.695652173913043,True,100.0,4.3111306214482076e-14,8.417923991105106e-21,True,100.0,True,0.0,0.0,0.0,0.0,0.0,0.0,0.0,0.0,0.0,0.0,0.0,0.0,0.0,0.0,0.0,0.0,0.0,0.0,0.0,0.0,0.0,0.0,0.0,0.0,0.9858822822570801,0.014117700047791004,0.9999998807907104,1.1712769065752582e-07,0.2356269508600235,0.7643730044364929,0.0,0.0,0.0,0.0,0.0,0.0,0.0,0.0,0.0,0.0,0.0,0.0,0.0,0.0,0.0,0.0
1781712442.8664467,0,0.0,False,0.0005419644367066212,99.99945163726807,1.804098559432532e-06,True,0.0008203836841857992,False,0.0,0.0,0.0,0.0,0.0,0.0,0.0,0.0,0.0,0.0,0.0,0.0,0.0,0.0,0.0,0.0,0.0,0.0,0.0,0.0,0.0,0.0,0.0,0.0,0.04372023418545723,0.9562796950340271,0.23213835060596466,0.7678616046905518,0.0,0.0,0.0,0.0,0.0,0.0,0.0,0.0,0.0,0.0,0.0,0.0,0.0,0.0,0.0,0.0,0.0,0.0
1781712443.4891691,0,0.0,False,100.0,4.668723363465688e-06,5.394166363581476e-09,True,0.0048425194108858705,False,0.0,0.0,0.0,0.0,0.0,0.0,0.0,0.0,0.0,0.0,0.0,0.0,0.0,0.0,0.0,0.0,0.0,0.0,0.0,0.0,0.0,0.0,0.0,0.0,0.035142429172992706,0.9648575782775879,0.05869871750473976,0.9413012862205505,0.0,0.0,0.0,0.0,0.0,0.0,0.0,0.0,0.0,0.0,0.0,0.0,0.0,0.0,0.0,0.0,0.0,0.0
1781712444.1448793,1,8.695652173913043,True,100.0,1.3327923834016708e-11,2.3957153867581708e-17,True,100.0,True,0.0,0.0,0.0,0.0,0.0,0.0,0.0,0.0,0.0,0.0,0.0,0.0,0.0,0.0,0.0,0.0,0.0,0.0,0.0,0.0,0.0,0.0,0.0,0.0,0.9681771397590637,0.031822916120290756,0.9903135299682617,0.00968645978718996,0.0,0.0,0.0,0.0,0.0,0.0,0.0,0.0,0.0,0.0,0.0,0.0,0.0,0.0,0.0,0.0,0.0,0.0
1781712444.7635238,0,0.0,False,1.5937031250246037e-06,100.0,9.141268991763596e-09,True,0.05345387035049498,False,0.0,0.0,0.0,0.0,0.0,0.0,0.0,0.0,0.0,0.0,0.0,0.0,0.0,0.0,0.0,0.0,0.0,0.0,0.0,0.0,0.0,0.0,0.0,0.0,0.02801816165447235,0.9719818830490112,0.040339190512895584,0.9596607685089111,0.0,0.0,0.0,0.0,0.0,0.0,0.0,0.0,0.0,0.0,0.0,0.0,0.0,0.0,0.0,0.0,0.0,0.0
1781712445.384139,1,4.3478260869565215,True,0.019141758093610406,0.0006851554644526914,99.98018145561218,False,99.99768733978271,True,0.0,0.0,0.0,0.0,0.0,0.0,0.0,0.0,0.0,0.0,0.0,0.0,0.0,0.0,0.0,0.0,0.0,0.0,0.0,0.0,0.0,0.0,0.0,0.0,0.0,0.0,0.7914918065071106,0.2085081934928894,0.0,0.0,0.0,0.0,0.0,0.0,0.0,0.0,0.0,0.0,0.0,0.0,0.0,0.0,0.0,0.0,0.0,0.0
1781712446.0121336,1,8.695652173913043,True,0.0001951707872649422,99.99980926513672,4.6550341359363756e-08,True,99.99970197677612,True,0.0,0.0,0.0,0.0,0.0,0.0,0.0,0.0,0.0,0.0,0.0,0.0,0.0,0.0,0.0,0.0,0.0,0.0,0.0,0.0,0.0,0.0,0.0,0.0,0.0,0.0,0.8963762521743774,0.10362379252910614,0.8682324886322021,0.13176749646663666,0.0,0.0,0.0,0.0,0.0,0.0,0.0,0.0,0.0,0.0,0.0,0.0,0.0,0.0,0.0,0.0
1781712446.637835,0,0.0,False,20.78392207622528,79.21549677848816,0.000580022560825455,True,0.09458109852857888,False,0.0,0.0,0.0,0.0,0.0,0.0,0.0,0.0,0.0,0.0,0.0,0.0,0.0,0.0,0.0,0.0,0.0,0.0,0.0,0.0,0.0,0.0,0.0,0.0,0.0,0.0,0.05224572867155075,0.9477542638778687,0.11546725034713745,0.8845327496528625,0.0,0.0,0.0,0.0,0.0,0.0,0.0,0.0,0.0,0.0,0.0,0.0,0.0,0.0,0.0,0.0
1781712447.2900155,0,0.0,False,5.778602883219719,94.22137141227722,1.9491221792122815e-05,True,0.02508660836610943,False,0.0,0.0,0.0,0.0,0.0,0.0,0.0,0.0,0.0,0.0,0.0,0.0,0.0,0.0,0.0,0.0,0.0,0.0,0.0,0.0,0.0,0.0,0.0,0.0,0.0,0.0,0.06872785836458206,0.9312721490859985,0.19659681618213654,0.8034031391143799,0.0,0.0,0.0,0.0,0.0,0.0,0.0,0.0,0.0,0.0,0.0,0.0,0.0,0.0,0.0,0.0
1781712447.889145,0,0.0,False,99.9980092048645,0.001916732253448572,7.406435429402336e-05,True,4.044599677399674e-05,False,0.0,0.0,0.0,0.0,0.0,0.0,0.0,0.0,0.0,0.0,0.0,0.0,0.0,0.0,0.0,0.0,0.0,0.0,0.0,0.0,0.0,0.0,0.0,0.0,0.0,0.0,0.08841176331043243,0.911588191986084,0.09916830062866211,0.9008316993713379,0.0,0.0,0.0,0.0,0.0,0.0,0.0,0.0,0.0,0.0,0.0,0.0,0.0,0.0,0.0,0.0
1781712448.5061066,0,4.3478260869565215,True,100.0,2.33411522379388e-14,1.0293461997849194e-19,True,99.99995231628418,True,0.0,0.0,0.0,0.0,0.0,0.0,0.0,0.0,0.0,0.0,0.0,0.0,0.0,0.0,0.0,0.0,0.0,0.0,0.0,0.0,0.0,0.0,0.0,0.0,0.0,0.0,0.021487044170498848,0.9785130023956299,0.5436549186706543,0.4563451111316681,0.0,0.0,0.0,0.0,0.0,0.0,0.0,0.0,0.0,0.0,0.0,0.0,0.0,0.0,0.0,0.0
1781712449.1618502,0,0.0,False,0.047717467532493174,99.95217323303223,0.00010996362789228442,True,9.854205700321472e-05,False,0.0,0.0,0.0,0.0,0.0,0.0,0.0,0.0,0.0,0.0,0.0,0.0,0.0,0.0,0.0,0.0,0.0,0.0,0.0,0.0,0.0,0.0,0.0,0.0,0.0,0.0,0.07015495002269745,0.9298450350761414,0.06762295961380005,0.9323769807815552,0.0,0.0,0.0,0.0,0.0,0.0,0.0,0.0,0.0,0.0,0.0,0.0,0.0,0.0,0.0,0.0
1781712449.787569,0,4.3478260869565215,True,0.01262334844795987,99.98737573623657,2.4386219266148146e-06,True,99.99548196792603,True,0.0,0.0,0.0,0.0,0.0,0.0,0.0,0.0,0.0,0.0,0.0,0.0,0.0,0.0,0.0,0.0,0.0,0.0,0.0,0.0,0.0,0.0,0.0,0.0,0.7277190089225769,0.2722810208797455,0.13155485689640045,0.8684451580047607,0.07953206449747086,0.9204679131507874,0.0,0.0,0.0,0.0,0.0,0.0,0.0,0.0,0.0,0.0,0.0,0.0,0.0,0.0,0.0,0.0
1781712450.392584,1,4.3478260869565215,True,0.02088764013024047,0.0010954740901070181,99.97801184654236,False,99.99978542327881,True,0.0,0.0,0.0,0.0,0.0,0.0,0.0,0.0,0.0,0.0,0.0,0.0,0.0,0.0,0.0,0.0,0.0,0.0,0.0,0.0,0.0,0.0,0.0,0.0,0.21053336560726166,0.7894666194915771,0.9392422437667847,0.06075773388147354,0.2782333195209503,0.7217667102813721,0.0,0.0,0.0,0.0,0.0,0.0,0.0,0.0,0.0,0.0,0.0,0.0,0.0,0.0,0.0,0.0
1781712451.0239835,1,4.3478260869565215,True,100.0,2.0423229613766142e-14,1.9601016238643733e-21,True,99.99961853027344,True,0.0,0.0,0.0,0.0,0.0,0.0,0.0,0.0,0.0,0.0,0.0,0.0,0.0,0.0,0.0,0.0,0.0,0.0,0.0,0.0,0.0,0.0,0.0,0.0,0.0,0.0,0.7805430889129639,0.21945692598819733,0.26474231481552124,0.7352576851844788,0.0,0.0,0.0,0.0,0.0,0.0,0.0,0.0,0.0,0.0,0.0,0.0,0.0,0.0,0.0,0.0
1781712451.6673748,0,0.0,False,100.0,5.735158177207401e-15,6.8582241813593995e-22,True,0.00898633079486899,False,0.0,0.0,0.0,0.0,0.0,0.0,0.0,0.0,0.0,0.0,0.0,0.0,0.0,0.0,0.0,0.0,0.0,0.0,0.0,0.0,0.0,0.0,0.0,0.0,0.0,0.0,0.04964381828904152,0.9503561854362488,0.08993758261203766,0.9100624322891235,0.0,0.0,0.0,0.0,0.0,0.0,0.0,0.0,0.0,0.0,0.0,0.0,0.0,0.0,0.0,0.0
1781712452.4654899,1,4.3478260869565215,True,2.0247635745818116e-05,99.99997615814209,9.490685320967529e-09,True,99.98581409454346,True,0.0,0.0,0.0,0.0,0.0,0.0,0.0,0.0,0.0,0.0,0.0,0.0,0.0,0.0,0.0,0.0,0.0,0.0,0.0,0.0,0.0,0.0,0.0,0.0,0.0,0.0,0.9354103803634644,0.06458961218595505,0.1581314355134964,0.84186851978302,0.0,0.0,0.0,0.0,0.0,0.0,0.0,0.0,0.0,0.0,0.0,0.0,0.0,0.0,0.0,0.0
1781712453.395793,1,4.3478260869565215,True,0.013682003191206604,0.0018725915651884861,99.98444318771362,False,99.99995231628418,True,0.0,0.0,0.0,0.0,0.0,0.0,0.0,0.0,0.0,0.0,0.0,0.0,0.0,0.0,0.0,0.0,0.0,0.0,0.0,0.0,0.0,0.0,0.0,0.0,0.0,0.0,0.6616477370262146,0.3383522927761078,0.14131371676921844,0.8586863279342651,0.0,0.0,0.0,0.0,0.0,0.0,0.0,0.0,0.0,0.0,0.0,0.0,0.0,0.0,0.0,0.0
1781712454.2736242,1,4.3478260869565215,True,99.99912977218628,0.0008707919732842129,8.755608460475628e-08,True,99.9998688697815,True,0.0,0.0,0.0,0.0,0.0,0.0,0.0,0.0,0.0,0.0,0.0,0.0,0.0,0.0,0.0,0.0,0.0,0.0,0.0,0.0,0.0,0.0,0.0,0.0,0.0,0.0,0.14788295328617096,0.8521170020103455,0.6749993562698364,0.3250006139278412,0.0,0.0,0.0,0.0,0.0,0.0,0.0,0.0,0.0,0.0,0.0,0.0,0.0,0.0,0.0,0.0
1781712455.1456351,0,0.0,False,100.0,9.758917221042398e-16,1.073358936409629e-21,True,0.011841589002870023,False,0.0,0.0,0.0,0.0,0.0,0.0,0.0,0.0,0.0,0.0,0.0,0.0,0.0,0.0,0.0,0.0,0.0,0.0,0.0,0.0,0.0,0.0,0.0,0.0,0.0,0.0,0.07339417934417725,0.9266058206558228,0.020785069093108177,0.9792149066925049,0.0,0.0,0.0,0.0,0.0,0.0,0.0,0.0,0.0,0.0,0.0,0.0,0.0,0.0,0.0,0.0
1781712456.0661755,0,0.0,False,0.0020136583771090955,99.99797344207764,1.5451317381121044e-05,True,0.25261417031288147,False,0.0,0.0,0.0,0.0,0.0,0.0,0.0,0.0,0.0,0.0,0.0,0.0,0.0,0.0,0.0,0.0,0.0,0.0,0.0,0.0,0.0,0.0,0.0,0.0,0.4374714195728302,0.5625285506248474,0.01660153642296791,0.9833984375,0.12347578257322311,0.8765241503715515,0.0,0.0,0.0,0.0,0.0,0.0,0.0,0.0,0.0,0.0,0.0,0.0,0.0,0.0,0.0,0.0
1781712456.7095659,0,0.0,False,0.022738891129847616,99.97726082801819,5.592184848524084e-06,True,0.0048425194108858705,False,0.0,0.0,0.0,0.0,0.0,0.0,0.0,0.0,0.0,0.0,0.0,0.0,0.0,0.0,0.0,0.0,0.0,0.0,0.0,0.0,0.0,0.0,0.0,0.0,0.05217526853084564,0.9478247165679932,0.044041410088539124,0.9559585452079773,0.0,0.0,0.0,0.0,0.0,0.0,0.0,0.0,0.0,0.0,0.0,0.0,0.0,0.0,0.0,0.0,0.0,0.0
1781712457.3168197,1,4.3478260869565215,True,100.0,1.0511247914326727e-15,1.0834700821762087e-22,True,99.99860525131226,True,0.0,0.0,0.0,0.0,0.0,0.0,0.0,0.0,0.0,0.0,0.0,0.0,0.0,0.0,0.0,0.0,0.0,0.0,0.0,0.0,0.0,0.0,0.0,0.0,0.9360156655311584,0.06398437917232513,0.16049154102802277,0.8395084738731384,0.0,0.0,0.0,0.0,0.0,0.0,0.0,0.0,0.0,0.0,0.0,0.0,0.0,0.0,0.0,0.0,0.0,0.0
1781712457.9166162,1,4.3478260869565215,True,1.0067519440326578e-05,99.99998807907104,3.4144156252358115e-09,True,99.99963045120239,True,0.0,0.0,0.0,0.0,0.0,0.0,0.0,0.0,0.0,0.0,0.0,0.0,0.0,0.0,0.0,0.0,0.0,0.0,0.0,0.0,0.0,0.0,0.0,0.0,0.9115235209465027,0.08847642689943314,0.2784871459007263,0.7215128540992737,0.0,0.0,0.0,0.0,0.0,0.0,0.0,0.0,0.0,0.0,0.0,0.0,0.0,0.0,0.0,0.0,0.0,0.0
1781712458.542345,1,4.3478260869565215,True,4.295108713137097e-07,100.0,8.750299963777852e-10,True,99.94329810142517,True,0.0,0.0,0.0,0.0,0.0,0.0,0.0,0.0,0.0,0.0,0.0,0.0,0.0,0.0,0.0,0.0,0.0,0.0,0.0,0.0,0.0,0.0,0.0,0.0,0.8161149621009827,0.18388505280017853,0.05351654067635536,0.9464834332466125,0.0,0.0,0.0,0.0,0.0,0.0,0.0,0.0,0.0,0.0,0.0,0.0,0.0,0.0,0.0,0.0,0.0,0.0
1781712459.180024,1,4.3478260869565215,True,0.00039078718145901803,99.99960660934448,1.5919006113307432e-07,True,99.99995231628418,True,0.0,0.0,0.0,0.0,0.0,0.0,0.0,0.0,0.0,0.0,0.0,0.0,0.0,0.0,0.0,0.0,0.0,0.0,0.0,0.0,0.0,0.0,0.0,0.0,0.9174012541770935,0.0825987234711647,0.12125935405492783,0.878740668296814,0.0,0.0,0.0,0.0,0.0,0.0,0.0,0.0,0.0,0.0,0.0,0.0,0.0,0.0,0.0,0.0,0.0,0.0
1781712459.8337677,0,0.0,False,0.0018047256162390113,99.99818801879883,1.0538111183677756e-05,True,0.004525397525867447,False,0.0,0.0,0.0,0.0,0.0,0.0,0.0,0.0,0.0,0.0,0.0,0.0,0.0,0.0,0.0,0.0,0.0,0.0,0.0,0.0,0.0,0.0,0.0,0.0,0.059462711215019226,0.9405372738838196,0.17287294566631317,0.8271270394325256,0.0,0.0,0.0,0.0,0.0,0.0,0.0,0.0,0.0,0.0,0.0,0.0,0.0,0.0,0.0,0.0,0.0,0.0
1781712460.4794927,0,0.0,False,0.00021445371203299146,99.99978542327881,5.6538157489072205e-08,True,0.36122784949839115,False,0.0,0.0,0.0,0.0,0.0,0.0,0.0,0.0,0.0,0.0,0.0,0.0,0.0,0.0,0.0,0.0,0.0,0.0,0.0,0.0,0.0,0.0,0.0,0.0,0.039557650685310364,0.960442304611206,0.4129154682159424,0.5870845317840576,0.0,0.0,0.0,0.0,0.0,0.0,0.0,0.0,0.0,0.0,0.0,0.0,0.0,0.0,0.0,0.0,0.0,0.0
1781712461.1299067,0,0.0,False,100.0,1.190757304247901e-16,1.4216751393684758e-23,True,0.0048425194108858705,False,0.0,0.0,0.0,0.0,0.0,0.0,0.0,0.0,0.0,0.0,0.0,0.0,0.0,0.0,0.0,0.0,0.0,0.0,0.0,0.0,0.0,0.0,0.0,0.0,0.02375679463148117,0.9762431979179382,0.07514944672584534,0.9248505234718323,0.0,0.0,0.0,0.0,0.0,0.0,0.0,0.0,0.0,0.0,0.0,0.0,0.0,0.0,0.0,0.0,0.0,0.0
1781712461.7613187,0,0.0,False,100.0,6.769828447827919e-09,3.1176296997291724e-14,True,0.002822392707457766,False,0.0,0.0,0.0,0.0,0.0,0.0,0.0,0.0,0.0,0.0,0.0,0.0,0.0,0.0,0.0,0.0,0.0,0.0,0.0,0.0,0.0,0.0,0.0,0.0,0.4686145782470703,0.5313854217529297,0.033725984394550323,0.9662739634513855,0.11507444828748703,0.8849254846572876,0.0,0.0,0.0,0.0,0.0,0.0,0.0,0.0,0.0,0.0,0.0,0.0,0.0,0.0,0.0,0.0
1781712462.3555498,0,0.0,False,100.0,4.685967759654464e-10,3.899139566315669e-13,True,0.22620651870965958,False,0.0,0.0,0.0,0.0,0.0,0.0,0.0,0.0,0.0,0.0,0.0,0.0,0.0,0.0,0.0,0.0,0.0,0.0,0.0,0.0,0.0,0.0,0.0,0.0,0.0,0.0,0.04405181109905243,0.9559482336044312,0.05740029364824295,0.9425997734069824,0.0,0.0,0.0,0.0,0.0,0.0,0.0,0.0,0.0,0.0,0.0,0.0,0.0,0.0,0.0,0.0
1781712462.98921,1,0.0,False,100.0,1.6719886507547135e-16,1.0573505031738884e-22,True,0.03505719359964132,False,0.0,0.0,0.0,0.0,0.0,0.0,0.0,0.0,0.0,0.0,0.0,0.0,0.0,0.0,0.0,0.0,0.0,0.0,0.0,0.0,0.0,0.0,0.0,0.0,0.0,0.0,0.3444119393825531,0.6555880308151245,0.4569132328033447,0.5430867671966553,0.0,0.0,0.0,0.0,0.0,0.0,0.0,0.0,0.0,0.0,0.0,0.0,0.0,0.0,0.0,0.0
1781712463.5847034,0,0.0,False,0.0003217289986423566,99.99967813491821,5.425429883132438e-07,True,0.0017641579688643105,False,0.0,0.0,0.0,0.0,0.0,0.0,0.0,0.0,0.0,0.0,0.0,0.0,0.0,0.0,0.0,0.0,0.0,0.0,0.0,0.0,0.0,0.0,0.0,0.0,0.0,0.0,0.04283920302987099,0.9571608304977417,0.30057457089424133,0.699425458908081,0.0,0.0,0.0,0.0,0.0,0.0,0.0,0.0,0.0,0.0,0.0,0.0,0.0,0.0,0.0,0.0
1781712464.1869953,0,0.0,False,77.06614136695862,22.93355166912079,0.00030606338441430125,True,0.00013485907857102575,False,0.0,0.0,0.0,0.0,0.0,0.0,0.0,0.0,0.0,0.0,0.0,0.0,0.0,0.0,0.0,0.0,0.0,0.0,0.0,0.0,0.0,0.0,0.0,0.0,0.0,0.0,0.07939184457063675,0.9206081032752991,0.3502672612667084,0.6497327089309692,0.0,0.0,0.0,0.0,0.0,0.0,0.0,0.0,0.0,0.0,0.0,0.0,0.0,0.0,0.0,0.0
1781712464.832261,1,0.0,False,0.5915035493671894,99.40840601921082,9.439419841328345e-05,True,0.0003638320094978553,False,0.0,0.0,0.0,0.0,0.0,0.0,0.0,0.0,0.0,0.0,0.0,0.0,0.0,0.0,0.0,0.0,0.0,0.0,0.0,0.0,0.0,0.0,0.0,0.0,0.0,0.0,0.36533796787261963,0.6346620917320251,0.040253762155771255,0.9597461819648743,0.0,0.0,0.0,0.0,0.0,0.0,0.0,0.0,0.0,0.0,0.0,0.0,0.0,0.0,0.0,0.0
1781712465.4487412,0,4.3478260869565215,True,99.80904459953308,0.19093574956059456,2.7527278234629193e-05,True,99.9998927116394,True,0.0,0.0,0.0,0.0,0.0,0.0,0.0,0.0,0.0,0.0,0.0,0.0,0.0,0.0,0.0,0.0,0.0,0.0,0.0,0.0,0.0,0.0,0.0,0.0,0.0,0.0,0.5605102777481079,0.4394897222518921,0.11000744253396988,0.8899925351142883,0.0,0.0,0.0,0.0,0.0,0.0,0.0,0.0,0.0,0.0,0.0,0.0,0.0,0.0,0.0,0.0
1781712466.1241953,0,0.0,False,100.0,1.3205555537965097e-07,1.3455348760096214e-12,True,0.0001971968003999791,False,0.0,0.0,0.0,0.0,0.0,0.0,0.0,0.0,0.0,0.0,0.0,0.0,0.0,0.0,0.0,0.0,0.0,0.0,0.0,0.0,0.0,0.0,0.0,0.0,0.0,0.0,0.03188745304942131,0.9681125283241272,0.471609890460968,0.528390109539032,0.0,0.0,0.0,0.0,0.0,0.0,0.0,0.0,0.0,0.0,0.0,0.0,0.0,0.0,0.0,0.0
1781712467.0333035,0,0.0,False,3.631948741755764e-07,100.0,2.425231022951113e-10,True,0.0503156625200063,False,0.0,0.0,0.0,0.0,0.0,0.0,0.0,0.0,0.0,0.0,0.0,0.0,0.0,0.0,0.0,0.0,0.0,0.0,0.0,0.0,0.0,0.0,0.0,0.0,0.0,0.0,0.226610466837883,0.7733895182609558,0.12692014873027802,0.8730798363685608,0.0,0.0,0.0,0.0,0.0,0.0,0.0,0.0,0.0,0.0,0.0,0.0,0.0,0.0,0.0,0.0
1781712467.9412134,1,4.3478260869565215,True,4.4058374726319016e-07,100.0,1.5602666728065095e-09,True,100.0,True,0.0,0.0,0.0,0.0,0.0,0.0,0.0,0.0,0.0,0.0,0.0,0.0,0.0,0.0,0.0,0.0,0.0,0.0,0.0,0.0,0.0,0.0,0.0,0.0,0.0,0.0,0.15425172448158264,0.845748245716095,0.970755398273468,0.029244625940918922,0.1807004064321518,0.8192996382713318,0.0,0.0,0.0,0.0,0.0,0.0,0.0,0.0,0.0,0.0,0.0,0.0,0.0,0.0
1781712468.8159466,0,0.0,False,2.476600930094719,97.5212574005127,0.0021427234969451092,True,0.007568568253191188,False,0.0,0.0,0.0,0.0,0.0,0.0,0.0,0.0,0.0,0.0,0.0,0.0,0.0,0.0,0.0,0.0,0.0,0.0,0.0,0.0,0.0,0.0,0.0,0.0,0.0,0.0,0.21396739780902863,0.7860326170921326,0.020884227007627487,0.9791157841682434,0.014899713918566704,0.9851003289222717,0.0,0.0,0.0,0.0,0.0,0.0,0.0,0.0,0.0,0.0,0.0,0.0,0.0,0.0
1781712469.7194068,1,0.0,False,0.001012045959214447,99.99897480010986,1.1536815947010837e-05,True,0.0049226120609091595,False,0.0,0.0,0.0,0.0,0.0,0.0,0.0,0.0,0.0,0.0,0.0,0.0,0.0,0.0,0.0,0.0,0.0,0.0,0.0,0.0,0.0,0.0,0.0,0.0,0.0,0.0,0.13161319494247437,0.8683868050575256,0.46904754638671875,0.5309524536132812,0.24426348507404327,0.7557365298271179,0.0,0.0,0.0,0.0,0.0,0.0,0.0,0.0,0.0,0.0,0.0,0.0,0.0,0.0
1781712470.5006855,0,0.0,False,100.0,5.1325836077998135e-12,3.973592132006335e-18,True,0.001503142721048789,False,0.0,0.0,0.0,0.0,0.0,0.0,0.0,0.0,0.0,0.0,0.0,0.0,0.0,0.0,0.0,0.0,0.0,0.0,0.0,0.0,0.0,0.0,0.0,0.0,0.0,0.0,0.2702450156211853,0.7297549843788147,0.02218937873840332,0.9778106212615967,0.060723159462213516,0.9392768144607544,0.0,0.0,0.0,0.0,0.0,0.0,0.0,0.0,0.0,0.0,0.0,0.0,0.0,0.0
1781712471.099169,1,4.3478260869565215,True,96.72366976737976,3.276298940181732,3.955148599743552e-05,True,100.0,True,0.0,0.0,0.0,0.0,0.0,0.0,0.0,0.0,0.0,0.0,0.0,0.0,0.0,0.0,0.0,0.0,0.0,0.0,0.0,0.0,0.0,0.0,0.0,0.0,0.0,0.0,0.2113059014081955,0.7886940836906433,0.978114128112793,0.02188592404127121,0.28930535912513733,0.7106946706771851,0.0,0.0,0.0,0.0,0.0,0.0,0.0,0.0,0.0,0.0,0.0,0.0,0.0,0.0
1781712471.708647,1,4.3478260869565215,True,0.00039078790905477945,99.99960660934448,1.5919036089329097e-07,True,99.99995231628418,True,0.0,0.0,0.0,0.0,0.0,0.0,0.0,0.0,0.0,0.0,0.0,0.0,0.0,0.0,0.0,0.0,0.0,0.0,0.0,0.0,0.0,0.0,0.0,0.0,0.0,0.0,0.0,0.0,0.8954059481620789,0.10459404438734055,0.09099838882684708,0.9090016484260559,0.0,0.0,0.0,0.0,0.0,0.0,0.0,0.0,0.0,0.0,0.0,0.0,0.0,0.0
1781712472.3175495,0,0.0,False,0.0637970573734492,99.93616938591003,3.3589250847398944e-05,True,0.006647589907515794,False,0.0,0.0,0.0,0.0,0.0,0.0,0.0,0.0,0.0,0.0,0.0,0.0,0.0,0.0,0.0,0.0,0.0,0.0,0.0,0.0,0.0,0.0,0.0,0.0,0.0,0.0,0.021697986871004105,0.978302001953125,0.0218125581741333,0.9781874418258667,0.034374039620161057,0.9656259417533875,0.0,0.0,0.0,0.0,0.0,0.0,0.0,0.0,0.0,0.0,0.0,0.0,0.0,0.0
1781712472.9249885,1,4.3478260869565215,True,100.0,5.242772362079595e-10,6.7708022007580826e-15,True,99.9998927116394,True,0.0,0.0,0.0,0.0,0.0,0.0,0.0,0.0,0.0,0.0,0.0,0.0,0.0,0.0,0.0,0.0,0.0,0.0,0.0,0.0,0.0,0.0,0.0,0.0,0.0,0.0,0.3085699677467346,0.6914300322532654,0.9618799686431885,0.0381200797855854,0.29522091150283813,0.7047790884971619,0.0,0.0,0.0,0.0,0.0,0.0,0.0,0.0,0.0,0.0,0.0,0.0,0.0,0.0
1781712473.5439575,1,8.695652173913043,True,2.1838508246219135e-05,99.99997615814209,4.167970135693366e-09,True,99.00423288345337,True,0.0,0.0,0.0,0.0,0.0,0.0,0.0,0.0,0.0,0.0,0.0,0.0,0.0,0.0,0.0,0.0,0.0,0.0,0.0,0.0,0.0,0.0,0.0,0.0,0.0,0.0,0.0,0.0,0.9966894388198853,0.003310499479994178,0.6212258338928223,0.37877416610717773,0.0,0.0,0.0,0.0,0.0,0.0,0.0,0.0,0.0,0.0,0.0,0.0,0.0,0.0
1781712474.1542625,1,4.3478260869565215,True,100.0,1.2978016231124379e-09,1.2078728705335113e-15,True,99.99964237213135,True,0.0,0.0,0.0,0.0,0.0,0.0,0.0,0.0,0.0,0.0,0.0,0.0,0.0,0.0,0.0,0.0,0.0,0.0,0.0,0.0,0.0,0.0,0.0,0.0,0.0,0.0,0.0,0.0,0.8439887762069702,0.15601123869419098,0.1159266009926796,0.8840733766555786,0.0,0.0,0.0,0.0,0.0,0.0,0.0,0.0,0.0,0.0,0.0,0.0,0.0,0.0
1781712474.767328,1,4.3478260869565215,True,99.97826218605042,0.021555899002123624,0.00018092486016030307,True,99.98260140419006,True,0.0,0.0,0.0,0.0,0.0,0.0,0.0,0.0,0.0,0.0,0.0,0.0,0.0,0.0,0.0,0.0,0.0,0.0,0.0,0.0,0.0,0.0,0.0,0.0,0.0,0.0,0.0,0.0,0.2650989294052124,0.7349011301994324,0.9995222091674805,0.00047781129251234233,0.0,0.0,0.0,0.0,0.0,0.0,0.0,0.0,0.0,0.0,0.0,0.0,0.0,0.0
1781712475.382077,1,8.695652173913043,True,0.021249466226436198,99.97871518135071,4.1097277403423504e-05,True,99.99990463256836,True,0.0,0.0,0.0,0.0,0.0,0.0,0.0,0.0,0.0,0.0,0.0,0.0,0.0,0.0,0.0,0.0,0.0,0.0,0.0,0.0,0.0,0.0,0.0,0.0,0.0,0.0,0.0,0.0,0.8076862692832947,0.19231371581554413,0.9875760078430176,0.012423972599208355,0.47624272108078003,0.52375727891922,0.0,0.0,0.0,0.0,0.0,0.0,0.0,0.0,0.0,0.0,0.0,0.0
1781712475.984661,1,4.3478260869565215,True,100.0,8.561413969385913e-15,1.9962312955513146e-21,True,99.99982118606567,True,0.0,0.0,0.0,0.0,0.0,0.0,0.0,0.0,0.0,0.0,0.0,0.0,0.0,0.0,0.0,0.0,0.0,0.0,0.0,0.0,0.0,0.0,0.0,0.0,0.0,0.0,0.0,0.0,0.1627386212348938,0.8372613787651062,1.0,9.280079815709996e-09,0.17726734280586243,0.82273268699646,0.0,0.0,0.0,0.0,0.0,0.0,0.0,0.0,0.0,0.0,0.0,0.0
1781712476.5771236,1,8.695652173913043,True,99.80764389038086,0.1888912171125412,0.003461841697571799,True,99.9987006187439,True,0.0,0.0,0.0,0.0,0.0,0.0,0.0,0.0,0.0,0.0,0.0,0.0,0.0,0.0,0.0,0.0,0.0,0.0,0.0,0.0,0.0,0.0,0.0,0.0,0.0,0.0,0.0,0.0,0.5638055801391602,0.43619441986083984,1.0,7.59330376354228e-09,0.3541777431964874,0.6458222270011902,0.0,0.0,0.0,0.0,0.0,0.0,0.0,0.0,0.0,0.0,0.0,0.0
1781712477.1812,1,4.3478260869565215,True,6.246557493483351e-07,100.0,1.0940764787192858e-09,True,99.9998927116394,True,0.0,0.0,0.0,0.0,0.0,0.0,0.0,0.0,0.0,0.0,0.0,0.0,0.0,0.0,0.0,0.0,0.0,0.0,0.0,0.0,0.0,0.0,0.0,0.0,0.0,0.0,0.0,0.0,0.16145282983779907,0.8385471701622009,0.7638303637504578,0.23616960644721985,0.0,0.0,0.0,0.0,0.0,0.0,0.0,0.0,0.0,0.0,0.0,0.0,0.0,0.0
1781712477.8286073,1,4.3478260869565215,True,0.024808949092403054,0.0006734215276082978,99.97450709342957,False,99.93614554405212,True,0.0,0.0,0.0,0.0,0.0,0.0,0.0,0.0,0.0,0.0,0.0,0.0,0.0,0.0,0.0,0.0,0.0,0.0,0.0,0.0,0.0,0.0,0.0,0.0,0.0,0.0,0.0,0.0,0.0,0.0,0.7931176424026489,0.20688235759735107,0.0,0.0,0.0,0.0,0.0,0.0,0.0,0.0,0.0,0.0,0.0,0.0,0.0,0.0
1781712478.461298,0,0.0,False,0.017860411026049405,0.0007546107553935144,99.98138546943665,False,0.0005698732365999604,False,0.0,0.0,0.0,0.0,0.0,0.0,0.0,0.0,0.0,0.0,0.0,0.0,0.0,0.0,0.0,0.0,0.0,0.0,0.0,0.0,0.0,0.0,0.0,0.0,0.0,0.0,0.0,0.0,0.02493160404264927,0.9750683903694153,0.08216328173875809,0.9178367257118225,0.0,0.0,0.0,0.0,0.0,0.0,0.0,0.0,0.0,0.0,0.0,0.0,0.0,0.0
1781712479.071885,1,4.3478260869565215,True,99.99951124191284,0.0004843323040404357,1.3525812414538763e-08,True,99.99909400939941,True,0.0,0.0,0.0,0.0,0.0,0.0,0.0,0.0,0.0,0.0,0.0,0.0,0.0,0.0,0.0,0.0,0.0,0.0,0.0,0.0,0.0,0.0,0.0,0.0,0.0,0.0,0.0,0.0,0.6647778153419495,0.33522212505340576,0.3129410743713379,0.6870589852333069,0.0,0.0,0.0,0.0,0.0,0.0,0.0,0.0,0.0,0.0,0.0,0.0,0.0,0.0
1781712482.658146,0,0.0,False,100.0,3.6809142858893666e-14,7.0403342990514805e-22,True,0.016148373833857477,False,0.0,0.0,0.0,0.0,0.0,0.0,0.0,0.0,0.0,0.0,0.0,0.0,0.0,0.0,0.0,0.0,0.0,0.0,0.0,0.0,0.0,0.0,0.0,0.0,0.0,0.0,0.0,0.0,0.03305881842970848,0.9669411182403564,0.06854324787855148,0.9314567446708679,0.0,0.0,0.0,0.0,0.0,0.0,0.0,0.0,0.0,0.0,0.0,0.0,0.0,0.0
1781712483.558846,0,0.0,False,0.26988242752850056,99.72965121269226,0.00046165205276338384,True,0.25261417031288147,False,0.0,0.0,0.0,0.0,0.0,0.0,0.0,0.0,0.0,0.0,0.0,0.0,0.0,0.0,0.0,0.0,0.0,0.0,0.0,0.0,0.0,0.0,0.0,0.0,0.0,0.0,0.0,0.0,0.03927096351981163,0.9607290029525757,0.21022969484329224,0.789770245552063,0.0,0.0,0.0,0.0,0.0,0.0,0.0,0.0,0.0,0.0,0.0,0.0,0.0,0.0
1781712484.2884583,1,4.3478260869565215,True,100.0,6.29472973745493e-08,5.172151227271493e-11,True,99.99996423721313,True,0.0,0.0,0.0,0.0,0.0,0.0,0.0,0.0,0.0,0.0,0.0,0.0,0.0,0.0,0.0,0.0,0.0,0.0,0.0,0.0,0.0,0.0,0.0,0.0,0.0,0.0,0.0,0.0,0.16623066365718842,0.8337693214416504,0.9880601763725281,0.011939804069697857,0.0,0.0,0.0,0.0,0.0,0.0,0.0,0.0,0.0,0.0,0.0,0.0,0.0,0.0
1781712484.9066782,1,4.3478260869565215,True,0.0007371010724455118,99.99926090240479,1.1150311785002032e-07,True,99.85963702201843,True,0.0,0.0,0.0,0.0,0.0,0.0,0.0,0.0,0.0,0.0,0.0,0.0,0.0,0.0,0.0,0.0,0.0,0.0,0.0,0.0,0.0,0.0,0.0,0.0,0.0,0.0,0.0,0.0,0.45709770917892456,0.5429022908210754,0.9999959468841553,4.061021627421724e-06,0.0,0.0,0.0,0.0,0.0,0.0,0.0,0.0,0.0,0.0,0.0,0.0,0.0,0.0
1781712485.5151677,1,4.3478260869565215,True,82.88591504096985,16.421465575695038,0.6926208734512329,True,99.99977350234985,True,0.0,0.0,0.0,0.0,0.0,0.0,0.0,0.0,0.0,0.0,0.0,0.0,0.0,0.0,0.0,0.0,0.0,0.0,0.0,0.0,0.0,0.0,0.0,0.0,0.0,0.0,0.0,0.0,0.3005925416946411,0.6994074583053589,0.9999901056289673,9.887615306070074e-06,0.0,0.0,0.0,0.0,0.0,0.0,0.0,0.0,0.0,0.0,0.0,0.0,0.0,0.0
1781712486.137461,1,8.695652173913043,True,0.6899387110024691,99.30902123451233,0.0010407201443740632,True,99.99955892562866,True,0.0,0.0,0.0,0.0,0.0,0.0,0.0,0.0,0.0,0.0,0.0,0.0,0.0,0.0,0.0,0.0,0.0,0.0,0.0,0.0,0.0,0.0,0.0,0.0,0.0,0.0,0.2710212767124176,0.72897869348526,0.9990701079368591,0.0009298835648223758,0.6115515232086182,0.38844844698905945,0.0,0.0,0.0,0.0,0.0,0.0,0.0,0.0,0.0,0.0,0.0,0.0,0.0,0.0
1781712486.7386732,0,0.0,False,2.664947942321305e-05,99.99997615814209,7.753402780918961e-09,True,0.006952628609724343,False,0.0,0.0,0.0,0.0,0.0,0.0,0.0,0.0,0.0,0.0,0.0,0.0,0.0,0.0,0.0,0.0,0.0,0.0,0.0,0.0,0.0,0.0,0.0,0.0,0.0,0.0,0.3529512882232666,0.6470487117767334,0.16694489121437073,0.8330550789833069,0.2222575694322586,0.7777424454689026,0.0,0.0,0.0,0.0,0.0,0.0,0.0,0.0,0.0,0.0,0.0,0.0,0.0,0.0
1781712487.355894,1,8.695652173913043,True,0.059342337772250175,99.94062185287476,4.193109646166704e-05,True,99.99823570251465,True,0.0,0.0,0.0,0.0,0.0,0.0,0.0,0.0,0.0,0.0,0.0,0.0,0.0,0.0,0.0,0.0,0.0,0.0,0.0,0.0,0.0,0.0,0.0,0.0,0.0,0.0,0.5333978533744812,0.4666021466255188,0.918984055519104,0.08101586997509003,0.0,0.0,0.0,0.0,0.0,0.0,0.0,0.0,0.0,0.0,0.0,0.0,0.0,0.0,0.0,0.0
1781712487.996812,1,4.3478260869565215,True,52.38202214241028,47.09628522396088,0.5216954275965691,True,99.9998688697815,True,0.0,0.0,0.0,0.0,0.0,0.0,0.0,0.0,0.0,0.0,0.0,0.0,0.0,0.0,0.0,0.0,0.0,0.0,0.0,0.0,0.0,0.0,0.0,0.0,0.0,0.0,0.10650758445262909,0.8934924006462097,0.4622204899787903,0.5377795696258545,0.520195484161377,0.47980448603630066,0.0,0.0,0.0,0.0,0.0,0.0,0.0,0.0,0.0,0.0,0.0,0.0,0.0,0.0
1781712488.6085556,1,4.3478260869565215,True,0.00012979764960618922,99.9998688697815,4.968882638678451e-07,True,99.99368190765381,True,0.0,0.0,0.0,0.0,0.0,0.0,0.0,0.0,0.0,0.0,0.0,0.0,0.0,0.0,0.0,0.0,0.0,0.0,0.0,0.0,0.0,0.0,0.0,0.0,0.0,0.0,0.22473537921905518,0.7752646207809448,0.7344144582748413,0.26558560132980347,0.05211813747882843,0.947881817817688,0.0,0.0,0.0,0.0,0.0,0.0,0.0,0.0,0.0,0.0,0.0,0.0,0.0,0.0
1781712489.207186,0,0.0,False,2.0776975873104675e-05,99.99997615814209,8.714093335804307e-09,True,0.01732566161081195,False,0.0,0.0,0.0,0.0,0.0,0.0,0.0,0.0,0.0,0.0,0.0,0.0,0.0,0.0,0.0,0.0,0.0,0.0,0.0,0.0,0.0,0.0,0.0,0.0,0.0,0.0,0.06236434727907181,0.9376356601715088,0.1602991223335266,0.8397009372711182,0.0,0.0,0.0,0.0,0.0,0.0,0.0,0.0,0.0,0.0,0.0,0.0,0.0,0.0,0.0,0.0
1781712489.850557,1,13.043478260869565,True,100.0,3.608375735692834e-18,3.778516624632317e-26,True,99.99970197677612,True,0.0,0.0,0.0,0.0,0.0,0.0,0.0,0.0,0.0,0.0,0.0,0.0,0.0,0.0,0.0,0.0,0.0,0.0,0.0,0.0,0.0,0.0,0.0,0.0,0.0,0.0,0.511959969997406,0.488040030002594,0.7623070478439331,0.2376929223537445,0.5929404497146606,0.40705955028533936,0.0,0.0,0.0,0.0,0.0,0.0,0.0,0.0,0.0,0.0,0.0,0.0,0.0,0.0
1781712490.4806967,0,0.0,False,99.99934434890747,0.0006544393272633897,1.1452339077067109e-07,True,0.0005698732365999604,False,0.0,0.0,0.0,0.0,0.0,0.0,0.0,0.0,0.0,0.0,0.0,0.0,0.0,0.0,0.0,0.0,0.0,0.0,0.0,0.0,0.0,0.0,0.0,0.0,0.0,0.0,0.06342210620641708,0.9365779161453247,0.17105713486671448,0.8289428353309631,0.15919546782970428,0.8408045172691345,0.0,0.0,0.0,0.0,0.0,0.0,0.0,0.0,0.0,0.0,0.0,0.0,0.0,0.0
1781712491.1033463,0,0.0,False,100.0,5.027315904244134e-15,5.733978273422769e-22,True,0.00012620002962648869,False,0.0,0.0,0.0,0.0,0.0,0.0,0.0,0.0,0.0,0.0,0.0,0.0,0.0,0.0,0.0,0.0,0.0,0.0,0.0,0.0,0.0,0.0,0.0,0.0,0.0,0.0,0.0,0.0,0.07442697882652283,0.9255729913711548,0.1270677000284195,0.8729323148727417,0.0,0.0,0.0,0.0,0.0,0.0,0.0,0.0,0.0,0.0,0.0,0.0,0.0,0.0
1781712491.701149,1,8.695652173913043,True,100.0,2.760172266867201e-13,1.2160217395254403e-18,True,99.55381155014038,True,0.0,0.0,0.0,0.0,0.0,0.0,0.0,0.0,0.0,0.0,0.0,0.0,0.0,0.0,0.0,0.0,0.0,0.0,0.0,0.0,0.0,0.0,0.0,0.0,0.0,0.0,0.0,0.0,0.7308647036552429,0.26913532614707947,0.9981157779693604,0.001884292345494032,0.0,0.0,0.0,0.0,0.0,0.0,0.0,0.0,0.0,0.0,0.0,0.0,0.0,0.0
1781712492.3246338,1,8.695652173913043,True,100.0,2.8222627018485036e-16,1.718967725300395e-23,True,99.97357726097107,True,0.0,0.0,0.0,0.0,0.0,0.0,0.0,0.0,0.0,0.0,0.0,0.0,0.0,0.0,0.0,0.0,0.0,0.0,0.0,0.0,0.0,0.0,0.0,0.0,0.0,0.0,0.0,0.0,0.9184715151786804,0.08152850717306137,1.0,2.347733740748481e-08,0.0,0.0,0.0,0.0,0.0,0.0,0.0,0.0,0.0,0.0,0.0,0.0,0.0,0.0
1781712492.9500074,1,8.695652173913043,True,3.3946808031259934e-06,100.0,3.2465204136133963e-09,True,99.99996423721313,True,0.0,0.0,0.0,0.0,0.0,0.0,0.0,0.0,0.0,0.0,0.0,0.0,0.0,0.0,0.0,0.0,0.0,0.0,0.0,0.0,0.0,0.0,0.0,0.0,0.0,0.0,0.0,0.0,0.9999587535858154,4.1261435399064794e-05,0.998806357383728,0.0011936408700421453,0.0,0.0,0.0,0.0,0.0,0.0,0.0,0.0,0.0,0.0,0.0,0.0,0.0,0.0
1781712493.598013,1,13.043478260869565,True,0.9443819522857666,99.05400276184082,0.0016139769286382943,True,99.99960660934448,True,0.0,0.0,0.0,0.0,0.0,0.0,0.0,0.0,0.0,0.0,0.0,0.0,0.0,0.0,0.0,0.0,0.0,0.0,0.0,0.0,0.0,0.0,0.0,0.0,0.0,0.0,0.5657905340194702,0.4342094659805298,1.0,4.7793569990517426e-08,0.7848625779151917,0.21513740718364716,0.0,0.0,0.0,0.0,0.0,0.0,0.0,0.0,0.0,0.0,0.0,0.0,0.0,0.0
1781712494.3868196,0,0.0,False,99.79326725006104,0.1897576730698347,0.016973332094494253,True,0.06072274409234524,False,0.0,0.0,0.0,0.0,0.0,0.0,0.0,0.0,0.0,0.0,0.0,0.0,0.0,0.0,0.0,0.0,0.0,0.0,0.0,0.0,0.0,0.0,0.0,0.0,0.0,0.0,0.08223845809698105,0.9177615642547607,0.2779375910758972,0.7220624089241028,0.25305619835853577,0.7469438314437866,0.0,0.0,0.0,0.0,0.0,0.0,0.0,0.0,0.0,0.0,0.0,0.0,0.0,0.0
1781712495.3146653,1,8.695652173913043,True,96.63328528404236,3.361150249838829,0.005567310654441826,True,99.99996423721313,True,0.0,0.0,0.0,0.0,0.0,0.0,0.0,0.0,0.0,0.0,0.0,0.0,0.0,0.0,0.0,0.0,0.0,0.0,0.0,0.0,0.0,0.0,0.0,0.0,0.0,0.0,0.5799015760421753,0.4200983941555023,0.9999997615814209,1.9676404861002084e-07,0.3732699751853943,0.6267299652099609,0.0,0.0,0.0,0.0,0.0,0.0,0.0,0.0,0.0,0.0,0.0,0.0,0.0,0.0
1781712496.216773,1,8.695652173913043,True,1.0692583174432002e-05,99.99998807907104,6.8202561653851745e-09,True,99.99961853027344,True,0.0,0.0,0.0,0.0,0.0,0.0,0.0,0.0,0.0,0.0,0.0,0.0,0.0,0.0,0.0,0.0,0.0,0.0,0.0,0.0,0.0,0.0,0.0,0.0,0.0,0.0,0.7067634463310242,0.29323655366897583,0.888431191444397,0.11156883090734482,0.0,0.0,0.0,0.0,0.0,0.0,0.0,0.0,0.0,0.0,0.0,0.0,0.0,0.0,0.0,0.0
1781712497.0979426,0,0.0,False,100.0,2.7637243418831593e-12,3.4586040229150248e-18,True,0.03505719359964132,False,0.0,0.0,0.0,0.0,0.0,0.0,0.0,0.0,0.0,0.0,0.0,0.0,0.0,0.0,0.0,0.0,0.0,0.0,0.0,0.0,0.0,0.0,0.0,0.0,0.0,0.0,0.19782614707946777,0.8021738529205322,0.09374888986349106,0.906251072883606,0.0,0.0,0.0,0.0,0.0,0.0,0.0,0.0,0.0,0.0,0.0,0.0,0.0,0.0,0.0,0.0
1781712498.0495193,0,0.0,False,0.006728172593284398,0.00017074196421162924,99.99310970306396,False,0.00304768473142758,False,0.0,0.0,0.0,0.0,0.0,0.0,0.0,0.0,0.0,0.0,0.0,0.0,0.0,0.0,0.0,0.0,0.0,0.0,0.0,0.0,0.0,0.0,0.0,0.0,0.0,0.0,0.0,0.0,0.0,0.0,0.0,0.0,0.0,0.0,0.0,0.0,0.0,0.0,0.0,0.0,0.0,0.0,0.0,0.0,0.0,0.0
1781712498.6736174,1,0.0,False,0.016165444685611874,0.0010469219887454528,99.98278617858887,False,0.02508660836610943,False,0.0,0.0,0.0,0.0,0.0,0.0,0.0,0.0,0.0,0.0,0.0,0.0,0.0,0.0,0.0,0.0,0.0,0.0,0.0,0.0,0.0,0.0,0.0,0.0,0.2471270114183426,0.7528730034828186,0.13792018592357635,0.8620797991752625,0.0,0.0,0.0,0.0,0.0,0.0,0.0,0.0,0.0,0.0,0.0,0.0,0.0,0.0,0.0,0.0,0.0,0.0
1781712499.2734556,1,0.0,False,99.79915618896484,0.20077344961464405,6.803568339819321e-05,True,0.0533614307641983,False,0.0,0.0,0.0,0.0,0.0,0.0,0.0,0.0,0.0,0.0,0.0,0.0,0.0,0.0,0.0,0.0,0.0,0.0,0.0,0.0,0.0,0.0,0.0,0.0,0.21588115394115448,0.7841188907623291,0.4772222638130188,0.5227777361869812,0.0,0.0,0.0,0.0,0.0,0.0,0.0,0.0,0.0,0.0,0.0,0.0,0.0,0.0,0.0,0.0,0.0,0.0
1781712499.890959,1,0.0,False,100.0,9.689384711242255e-12,1.4984007667049745e-16,True,0.0533614307641983,False,0.0,0.0,0.0,0.0,0.0,0.0,0.0,0.0,0.0,0.0,0.0,0.0,0.0,0.0,0.0,0.0,0.0,0.0,0.0,0.0,0.0,0.0,0.0,0.0,0.17608855664730072,0.8239114284515381,0.400637686252594,0.599362313747406,0.0,0.0,0.0,0.0,0.0,0.0,0.0,0.0,0.0,0.0,0.0,0.0,0.0,0.0,0.0,0.0,0.0,0.0
1781712500.5198956,0,0.0,False,0.02866444701794535,0.0017826740076998249,99.96955394744873,False,0.01678153785178438,False,0.0,0.0,0.0,0.0,0.0,0.0,0.0,0.0,0.0,0.0,0.0,0.0,0.0,0.0,0.0,0.0,0.0,0.0,0.0,0.0,0.0,0.0,0.0,0.0,0.0,0.0,0.049029864370822906,0.9509701132774353,0.0,0.0,0.0,0.0,0.0,0.0,0.0,0.0,0.0,0.0,0.0,0.0,0.0,0.0,0.0,0.0,0.0,0.0
1781712501.1347861,1,0.0,False,0.008037382212933153,0.0003061904180867714,99.99165534973145,False,7.902583547547692e-05,False,0.0,0.0,0.0,0.0,0.0,0.0,0.0,0.0,0.0,0.0,0.0,0.0,0.0,0.0,0.0,0.0,0.0,0.0,0.0,0.0,0.0,0.0,0.0,0.0,0.0,0.0,0.0,0.0,0.0,0.0,0.0,0.0,0.0,0.0,0.0,0.0,0.0,0.0,0.0,0.0,0.0,0.0,0.0,0.0,0.0,0.0
1781712501.7422736,1,0.0,False,0.01659965782891959,0.0008216763490054291,99.98257756233215,False,0.016472802963107824,False,0.0,0.0,0.0,0.0,0.0,0.0,0.0,0.0,0.0,0.0,0.0,0.0,0.0,0.0,0.0,0.0,0.0,0.0,0.0,0.0,0.0,0.0,0.0,0.0,0.0,0.0,0.0,0.0,0.0,0.0,0.0,0.0,0.0,0.0,0.0,0.0,0.0,0.0,0.0,0.0,0.0,0.0,0.0,0.0,0.0,0.0
1781712502.3567276,1,0.0,False,0.8992518298327923,0.9022507816553116,98.19849133491516,False,0.00011004328825947596,False,0.0,0.0,0.0,0.0,0.0,0.0,0.0,0.0,0.0,0.0,0.0,0.0,0.0,0.0,0.0,0.0,0.0,0.0,0.0,0.0,0.0,0.0,0.0,0.0,0.05100836232304573,0.9489916563034058,0.0,0.0,0.0,0.0,0.0,0.0,0.0,0.0,0.0,0.0,0.0,0.0,0.0,0.0,0.0,0.0,0.0,0.0,0.0,0.0
1781712502.9570253,0,0.0,False,0.014277880836743861,0.0004329725470597623,99.98528957366943,False,0.0061526916397269815,False,0.0,0.0,0.0,0.0,0.0,0.0,0.0,0.0,0.0,0.0,0.0,0.0,0.0,0.0,0.0,0.0,0.0,0.0,0.0,0.0,0.0,0.0,0.0,0.0,0.062177933752536774,0.9378220438957214,0.0,0.0,0.0,0.0,0.0,0.0,0.0,0.0,0.0,0.0,0.0,0.0,0.0,0.0,0.0,0.0,0.0,0.0,0.0,0.0
1781712503.5758662,0,0.0,False,100.0,8.428728911638835e-19,2.2193921570292867e-21,True,0.02454342902638018,False,0.0,0.0,0.0,0.0,0.0,0.0,0.0,0.0,0.0,0.0,0.0,0.0,0.0,0.0,0.0,0.0,0.0,0.0,0.0,0.0,0.0,0.0,0.0,0.0,0.021447207778692245,0.9785528182983398,0.1997361183166504,0.8002639412879944,0.0,0.0,0.0,0.0,0.0,0.0,0.0,0.0,0.0,0.0,0.0,0.0,0.0,0.0,0.0,0.0,0.0,0.0
1781712504.1952095,1,4.3478260869565215,True,100.0,2.2372859112746758e-13,3.4421742388749665e-20,True,99.99995231628418,True,0.0,0.0,0.0,0.0,0.0,0.0,0.0,0.0,0.0,0.0,0.0,0.0,0.0,0.0,0.0,0.0,0.0,0.0,0.0,0.0,0.0,0.0,0.0,0.0,0.6582404375076294,0.341759592294693,0.1449839472770691,0.8550160527229309,0.0,0.0,0.0,0.0,0.0,0.0,0.0,0.0,0.0,0.0,0.0,0.0,0.0,0.0,0.0,0.0,0.0,0.0
1781712504.8178828,0,0.0,False,100.0,5.992732352022578e-11,1.7412213932787174e-16,True,5.5037344282027334e-05,False,0.0,0.0,0.0,0.0,0.0,0.0,0.0,0.0,0.0,0.0,0.0,0.0,0.0,0.0,0.0,0.0,0.0,0.0,0.0,0.0,0.0,0.0,0.0,0.0,0.08330236375331879,0.91669762134552,0.2153901606798172,0.7846099138259888,0.0,0.0,0.0,0.0,0.0,0.0,0.0,0.0,0.0,0.0,0.0,0.0,0.0,0.0,0.0,0.0,0.0,0.0
1781712505.44306,1,8.695652173913043,True,0.0004293929123377893,99.99957084655762,1.0974090969284589e-06,True,99.99996423721313,True,0.0,0.0,0.0,0.0,0.0,0.0,0.0,0.0,0.0,0.0,0.0,0.0,0.0,0.0,0.0,0.0,0.0,0.0,0.0,0.0,0.0,0.0,0.0,0.0,0.6949965357780457,0.30500346422195435,0.590755045413971,0.40924498438835144,0.0,0.0,0.0,0.0,0.0,0.0,0.0,0.0,0.0,0.0,0.0,0.0,0.0,0.0,0.0,0.0,0.0,0.0
1781712506.0649219,0,0.0,False,0.12370102340355515,99.875807762146,0.0004920331775792874,True,4.860930857830681e-05,False,0.0,0.0,0.0,0.0,0.0,0.0,0.0,0.0,0.0,0.0,0.0,0.0,0.0,0.0,0.0,0.0,0.0,0.0,0.0,0.0,0.0,0.0,0.0,0.0,0.1402655839920044,0.8597344756126404,0.19706739485263824,0.802932620048523,0.0,0.0,0.0,0.0,0.0,0.0,0.0,0.0,0.0,0.0,0.0,0.0,0.0,0.0,0.0,0.0,0.0,0.0
1781712506.689903,1,4.3478260869565215,True,100.0,5.404656278074071e-07,2.6582902545868592e-11,True,99.9987244606018,True,0.0,0.0,0.0,0.0,0.0,0.0,0.0,0.0,0.0,0.0,0.0,0.0,0.0,0.0,0.0,0.0,0.0,0.0,0.0,0.0,0.0,0.0,0.0,0.0,0.2717847228050232,0.7282153367996216,0.6425901055335999,0.35740986466407776,0.0,0.0,0.0,0.0,0.0,0.0,0.0,0.0,0.0,0.0,0.0,0.0,0.0,0.0,0.0,0.0,0.0,0.0
1781712507.313157,0,4.3478260869565215,True,0.006245940312510356,0.0004072588126291521,99.99334812164307,False,99.98488426208496,True,0.0,0.0,0.0,0.0,0.0,0.0,0.0,0.0,0.0,0.0,0.0,0.0,0.0,0.0,0.0,0.0,0.0,0.0,0.0,0.0,0.0,0.0,0.0,0.0,0.8119034171104431,0.1880965679883957,0.08834227174520493,0.9116577506065369,0.0,0.0,0.0,0.0,0.0,0.0,0.0,0.0,0.0,0.0,0.0,0.0,0.0,0.0,0.0,0.0,0.0,0.0
1781712507.93754,1,4.3478260869565215,True,0.0002602514769023401,99.99973773956299,3.838176165782414e-08,True,99.99922513961792,True,0.0,0.0,0.0,0.0,0.0,0.0,0.0,0.0,0.0,0.0,0.0,0.0,0.0,0.0,0.0,0.0,0.0,0.0,0.0,0.0,0.0,0.0,0.0,0.0,0.3245278596878052,0.6754721403121948,0.999000608921051,0.0009994563879445195,0.0,0.0,0.0,0.0,0.0,0.0,0.0,0.0,0.0,0.0,0.0,0.0,0.0,0.0,0.0,0.0,0.0,0.0
1781712508.8459914,0,0.0,False,0.00011863901363540208,99.99988079071045,4.99897989669762e-07,True,8.055819762375904e-05,False,0.0,0.0,0.0,0.0,0.0,0.0,0.0,0.0,0.0,0.0,0.0,0.0,0.0,0.0,0.0,0.0,0.0,0.0,0.0,0.0,0.0,0.0,0.0,0.0,0.11730144917964935,0.8826985359191895,0.03755331411957741,0.9624466300010681,0.038918036967515945,0.9610819816589355,0.0,0.0,0.0,0.0,0.0,0.0,0.0,0.0,0.0,0.0,0.0,0.0,0.0,0.0,0.0,0.0
1781712509.7574663,1,4.3478260869565215,True,100.0,5.614609577264673e-06,1.975677399457254e-07,True,99.99973773956299,True,0.0,0.0,0.0,0.0,0.0,0.0,0.0,0.0,0.0,0.0,0.0,0.0,0.0,0.0,0.0,0.0,0.0,0.0,0.0,0.0,0.0,0.0,0.0,0.0,0.0,0.0,0.6989903450012207,0.3010097146034241,0.4976928234100342,0.5023071765899658,0.0,0.0,0.0,0.0,0.0,0.0,0.0,0.0,0.0,0.0,0.0,0.0,0.0,0.0,0.0,0.0
1781712510.6821868,0,0.0,False,100.0,2.1561066895782742e-18,3.0239072279142655e-25,True,0.020312676497269422,False,0.0,0.0,0.0,0.0,0.0,0.0,0.0,0.0,0.0,0.0,0.0,0.0,0.0,0.0,0.0,0.0,0.0,0.0,0.0,0.0,0.0,0.0,0.0,0.0,0.0,0.0,0.027030212804675102,0.9729698300361633,0.0449853241443634,0.9550146460533142,0.0,0.0,0.0,0.0,0.0,0.0,0.0,0.0,0.0,0.0,0.0,0.0,0.0,0.0,0.0,0.0
1781712511.5544589,0,0.0,False,0.019141758093610406,0.0006851554644526914,99.98018145561218,False,0.03505719359964132,False,0.0,0.0,0.0,0.0,0.0,0.0,0.0,0.0,0.0,0.0,0.0,0.0,0.0,0.0,0.0,0.0,0.0,0.0,0.0,0.0,0.0,0.0,0.0,0.0,0.0,0.0,0.09232119470834732,0.9076788425445557,0.0,0.0,0.0,0.0,0.0,0.0,0.0,0.0,0.0,0.0,0.0,0.0,0.0,0.0,0.0,0.0,0.0,0.0
1781712512.3963633,1,0.0,False,0.016969956050161272,0.0007313412424991839,99.98230338096619,False,0.011398915376048535,False,0.0,0.0,0.0,0.0,0.0,0.0,0.0,0.0,0.0,0.0,0.0,0.0,0.0,0.0,0.0,0.0,0.0,0.0,0.0,0.0,0.0,0.0,0.0,0.0,0.0,0.0,0.0,0.0,0.0,0.0,0.0,0.0,0.0,0.0,0.0,0.0,0.0,0.0,0.0,0.0,0.0,0.0,0.0,0.0,0.0,0.0
1781712513.0176597,1,0.0,False,100.0,2.0079428571240232e-10,9.016860541099896e-14,True,0.020312676497269422,False,0.0,0.0,0.0,0.0,0.0,0.0,0.0,0.0,0.0,0.0,0.0,0.0,0.0,0.0,0.0,0.0,0.0,0.0,0.0,0.0,0.0,0.0,0.0,0.0,0.0,0.0,0.4449118673801422,0.5550881624221802,0.21689249575138092,0.7831074595451355,0.0,0.0,0.0,0.0,0.0,0.0,0.0,0.0,0.0,0.0,0.0,0.0,0.0,0.0,0.0,0.0
1781712513.6433449,1,8.695652173913043,True,100.0,5.336839165579789e-12,4.2331293549767384e-17,True,100.0,True,0.0,0.0,0.0,0.0,0.0,0.0,0.0,0.0,0.0,0.0,0.0,0.0,0.0,0.0,0.0,0.0,0.0,0.0,0.0,0.0,0.0,0.0,0.0,0.0,0.0,0.0,0.9907928109169006,0.00920715183019638,0.566116988658905,0.43388304114341736,0.0,0.0,0.0,0.0,0.0,0.0,0.0,0.0,0.0,0.0,0.0,0.0,0.0,0.0,0.0,0.0
1781712514.2819917,0,0.0,False,100.0,3.515569169110222e-07,3.809288648404241e-09,True,0.007102942618075758,False,0.0,0.0,0.0,0.0,0.0,0.0,0.0,0.0,0.0,0.0,0.0,0.0,0.0,0.0,0.0,0.0,0.0,0.0,0.0,0.0,0.0,0.0,0.0,0.0,0.38966912031173706,0.6103308796882629,0.1654771864414215,0.8345227837562561,0.060119301080703735,0.9398806691169739,0.0,0.0,0.0,0.0,0.0,0.0,0.0,0.0,0.0,0.0,0.0,0.0,0.0,0.0,0.0,0.0
1781712514.8948827,1,4.3478260869565215,True,100.0,4.2360961337003025e-12,1.7693088279658383e-17,True,99.98260140419006,True,0.0,0.0,0.0,0.0,0.0,0.0,0.0,0.0,0.0,0.0,0.0,0.0,0.0,0.0,0.0,0.0,0.0,0.0,0.0,0.0,0.0,0.0,0.0,0.0,0.023779386654496193,0.9762206077575684,0.9999935626983643,6.414050403691363e-06,0.4885312616825104,0.511468768119812,0.0,0.0,0.0,0.0,0.0,0.0,0.0,0.0,0.0,0.0,0.0,0.0,0.0,0.0,0.0,0.0
1781712515.5147727,0,0.0,False,99.9912977218628,0.00870558142196387,3.32944435910143e-09,True,0.0023546823285869323,False,0.0,0.0,0.0,0.0,0.0,0.0,0.0,0.0,0.0,0.0,0.0,0.0,0.0,0.0,0.0,0.0,0.0,0.0,0.0,0.0,0.0,0.0,0.0,0.0,0.0,0.0,0.04242509603500366,0.9575749039649963,0.017230315133929253,0.9827697277069092,0.0,0.0,0.0,0.0,0.0,0.0,0.0,0.0,0.0,0.0,0.0,0.0,0.0,0.0,0.0,0.0
1781712516.1126413,1,0.0,False,0.0003793296855292283,99.99961853027344,1.2193550169570244e-06,True,0.009018693526741117,False,0.0,0.0,0.0,0.0,0.0,0.0,0.0,0.0,0.0,0.0,0.0,0.0,0.0,0.0,0.0,0.0,0.0,0.0,0.0,0.0,0.0,0.0,0.0,0.0,0.0,0.0,0.42998912930488586,0.5700108408927917,0.3037594258785248,0.6962406039237976,0.0,0.0,0.0,0.0,0.0,0.0,0.0,0.0,0.0,0.0,0.0,0.0,0.0,0.0,0.0,0.0
1781712516.7403495,1,4.3478260869565215,True,100.0,2.57088119781472e-12,1.2040120463834507e-17,True,99.98996257781982,True,0.0,0.0,0.0,0.0,0.0,0.0,0.0,0.0,0.0,0.0,0.0,0.0,0.0,0.0,0.0,0.0,0.0,0.0,0.0,0.0,0.0,0.0,0.0,0.0,0.0,0.0,0.29077428579330444,0.7092257142066956,0.7892395257949829,0.21076050400733948,0.0,0.0,0.0,0.0,0.0,0.0,0.0,0.0,0.0,0.0,0.0,0.0,0.0,0.0,0.0,0.0
1781712517.3637886,0,0.0,False,0.006245940312510356,0.0004072588126291521,99.99334812164307,False,0.22620651870965958,False,0.0,0.0,0.0,0.0,0.0,0.0,0.0,0.0,0.0,0.0,0.0,0.0,0.0,0.0,0.0,0.0,0.0,0.0,0.0,0.0,0.0,0.0,0.0,0.0,0.0,0.0,0.24727201461791992,0.7527279853820801,0.061298269778490067,0.9387016892433167,0.0,0.0,0.0,0.0,0.0,0.0,0.0,0.0,0.0,0.0,0.0,0.0,0.0,0.0,0.0,0.0
1781712517.9833822,0,0.0,False,0.01659965782891959,0.0008216763490054291,99.98257756233215,False,0.012650436838157475,False,0.0,0.0,0.0,0.0,0.0,0.0,0.0,0.0,0.0,0.0,0.0,0.0,0.0,0.0,0.0,0.0,0.0,0.0,0.0,0.0,0.0,0.0,0.0,0.0,0.0,0.0,0.12158878892660141,0.8784111738204956,0.2993388772010803,0.7006611227989197,0.0,0.0,0.0,0.0,0.0,0.0,0.0,0.0,0.0,0.0,0.0,0.0,0.0,0.0,0.0,0.0
1781712518.6107166,1,0.0,False,0.017860411026049405,0.0007546107553935144,99.98138546943665,False,0.007568568253191188,False,0.0,0.0,0.0,0.0,0.0,0.0,0.0,0.0,0.0,0.0,0.0,0.0,0.0,0.0,0.0,0.0,0.0,0.0,0.0,0.0,0.0,0.0,0.0,0.0,0.0,0.0,0.0,0.0,0.32429563999176025,0.6757043600082397,0.0,0.0,0.0,0.0,0.0,0.0,0.0,0.0,0.0,0.0,0.0,0.0,0.0,0.0,0.0,0.0
1781712519.211459,1,0.0,False,0.020528401364572346,0.0006032746114215115,99.97887015342712,False,0.008002067625056952,False,0.0,0.0,0.0,0.0,0.0,0.0,0.0,0.0,0.0,0.0,0.0,0.0,0.0,0.0,0.0,0.0,0.0,0.0,0.0,0.0,0.0,0.0,0.0,0.0,0.0,0.0,0.0,0.0,0.23990656435489655,0.7600934505462646,0.0,0.0,0.0,0.0,0.0,0.0,0.0,0.0,0.0,0.0,0.0,0.0,0.0,0.0,0.0,0.0
1781712519.819567,0,0.0,False,0.013399819727055728,0.000297099518320465,99.98630285263062,False,0.22620651870965958,False,0.0,0.0,0.0,0.0,0.0,0.0,0.0,0.0,0.0,0.0,0.0,0.0,0.0,0.0,0.0,0.0,0.0,0.0,0.0,0.0,0.0,0.0,0.0,0.0,0.0,0.0,0.0,0.0,0.020761800929903984,0.9792382121086121,0.04179735109210014,0.9582026600837708,0.0,0.0,0.0,0.0,0.0,0.0,0.0,0.0,0.0,0.0,0.0,0.0,0.0,0.0
1781712520.4283514,1,8.695652173913043,True,0.11008630972355604,0.08894144557416439,99.8009741306305,False,99.9998927116394,True,0.0,0.0,0.0,0.0,0.0,0.0,0.0,0.0,0.0,0.0,0.0,0.0,0.0,0.0,0.0,0.0,0.0,0.0,0.0,0.0,0.0,0.0,0.0,0.0,0.0,0.0,0.0,0.0,0.901867151260376,0.09813284128904343,0.5813064575195312,0.41869351267814636,0.0,0.0,0.0,0.0,0.0,0.0,0.0,0.0,0.0,0.0,0.0,0.0,0.0,0.0
1781712521.1357038,0,0.0,False,0.015248177805915475,0.0007735328836133704,99.98397827148438,False,0.003897520582540892,False,0.0,0.0,0.0,0.0,0.0,0.0,0.0,0.0,0.0,0.0,0.0,0.0,0.0,0.0,0.0,0.0,0.0,0.0,0.0,0.0,0.0,0.0,0.0,0.0,0.0,0.0,0.0,0.0,0.03437158465385437,0.9656283855438232,0.02480444684624672,0.975195586681366,0.0,0.0,0.0,0.0,0.0,0.0,0.0,0.0,0.0,0.0,0.0,0.0,0.0,0.0
1781712521.8386583,0,0.0,False,7.441596494572877e-05,99.99992847442627,6.435980082208914e-08,True,0.008073518256423995,False,0.0,0.0,0.0,0.0,0.0,0.0,0.0,0.0,0.0,0.0,0.0,0.0,0.0,0.0,0.0,0.0,0.0,0.0,0.0,0.0,0.0,0.0,0.0,0.0,0.0,0.0,0.3137093484401703,0.6862906813621521,0.13905943930149078,0.8609405755996704,0.032267142087221146,0.9677327871322632,0.0,0.0,0.0,0.0,0.0,0.0,0.0,0.0,0.0,0.0,0.0,0.0,0.0,0.0
1781712522.5647025,0,0.0,False,0.12148143723607063,99.87766146659851,0.0008619023901701439,True,0.02508660836610943,False,0.0,0.0,0.0,0.0,0.0,0.0,0.0,0.0,0.0,0.0,0.0,0.0,0.0,0.0,0.0,0.0,0.0,0.0,0.0,0.0,0.0,0.0,0.0,0.0,0.0,0.0,0.04209006205201149,0.9579099416732788,0.014707827940583229,0.9852921366691589,0.2236897498369217,0.7763102054595947,0.0,0.0,0.0,0.0,0.0,0.0,0.0,0.0,0.0,0.0,0.0,0.0,0.0,0.0
1781712523.3970351,0,0.0,False,99.62257146835327,0.37742352578788996,2.7457696116783836e-07,True,0.22620651870965958,False,0.0,0.0,0.0,0.0,0.0,0.0,0.0,0.0,0.0,0.0,0.0,0.0,0.0,0.0,0.0,0.0,0.0,0.0,0.0,0.0,0.0,0.0,0.0,0.0,0.0,0.0,0.27347227931022644,0.7265276908874512,0.4279412031173706,0.5720587968826294,0.0,0.0,0.0,0.0,0.0,0.0,0.0,0.0,0.0,0.0,0.0,0.0,0.0,0.0,0.0,0.0
1781712524.3319857,1,8.695652173913043,True,68.99806261062622,30.20663857460022,0.795298907905817,True,90.94451069831848,True,0.0,0.0,0.0,0.0,0.0,0.0,0.0,0.0,0.0,0.0,0.0,0.0,0.0,0.0,0.0,0.0,0.0,0.0,0.0,0.0,0.0,0.0,0.0,0.0,0.0,0.0,0.3885513246059418,0.6114486455917358,0.9999902248382568,9.761767614691053e-06,0.5583388805389404,0.44166111946105957,0.0,0.0,0.0,0.0,0.0,0.0,0.0,0.0,0.0,0.0,0.0,0.0,0.0,0.0
1781712525.3492672,0,0.0,False,100.0,4.3028719735690245e-19,1.3715094098085712e-25,True,0.051389425061643124,False,0.0,0.0,0.0,0.0,0.0,0.0,0.0,0.0,0.0,0.0,0.0,0.0,0.0,0.0,0.0,0.0,0.0,0.0,0.0,0.0,0.0,0.0,0.0,0.0,0.0,0.0,0.0752868503332138,0.924713134765625,0.10796020925045013,0.8920397758483887,0.2461305856704712,0.7538694143295288,0.0,0.0,0.0,0.0,0.0,0.0,0.0,0.0,0.0,0.0,0.0,0.0,0.0,0.0
1781712526.2398312,1,13.043478260869565,True,0.0019179553419235162,99.99808073043823,6.666750351769224e-06,True,99.99992847442627,True,0.0,0.0,0.0,0.0,0.0,0.0,0.0,0.0,0.0,0.0,0.0,0.0,0.0,0.0,0.0,0.0,0.0,0.0,0.0,0.0,0.0,0.0,0.0,0.0,0.0,0.0,0.8471526503562927,0.15284736454486847,0.9994288086891174,0.000571125652641058,0.5166511535644531,0.4833488464355469,0.0,0.0,0.0,0.0,0.0,0.0,0.0,0.0,0.0,0.0,0.0,0.0,0.0,0.0
1781712527.0062842,1,4.3478260869565215,True,1.4792355784720712e-05,99.99998807907104,1.599475135671824e-08,True,99.99996423721313,True,0.0,0.0,0.0,0.0,0.0,0.0,0.0,0.0,0.0,0.0,0.0,0.0,0.0,0.0,0.0,0.0,0.0,0.0,0.0,0.0,0.0,0.0,0.0,0.0,0.10395804792642593,0.896041989326477,0.9847084283828735,0.015291541814804077,0.14192326366901398,0.8580767512321472,0.0,0.0,0.0,0.0,0.0,0.0,0.0,0.0,0.0,0.0,0.0,0.0,0.0,0.0,0.0,0.0
1781712527.6175125,0,0.0,False,100.0,1.0375935701550495e-19,3.832823575906973e-27,True,0.0008087965397862718,False,0.0,0.0,0.0,0.0,0.0,0.0,0.0,0.0,0.0,0.0,0.0,0.0,0.0,0.0,0.0,0.0,0.0,0.0,0.0,0.0,0.0,0.0,0.0,0.0,0.08168686181306839,0.9183131456375122,0.03620756417512894,0.9637923836708069,0.10702001303434372,0.8929800391197205,0.0,0.0,0.0,0.0,0.0,0.0,0.0,0.0,0.0,0.0,0.0,0.0,0.0,0.0,0.0,0.0
1781712528.2708297,1,0.0,False,100.0,3.3619742406676423e-09,9.054543004044166e-12,True,0.05146389012224972,False,0.0,0.0,0.0,0.0,0.0,0.0,0.0,0.0,0.0,0.0,0.0,0.0,0.0,0.0,0.0,0.0,0.0,0.0,0.0,0.0,0.0,0.0,0.0,0.0,0.049736637622117996,0.9502633810043335,0.41706976294517517,0.5829302072525024,0.4179694354534149,0.5820305943489075,0.0,0.0,0.0,0.0,0.0,0.0,0.0,0.0,0.0,0.0,0.0,0.0,0.0,0.0,0.0,0.0
1781712528.8766894,1,8.695652173913043,True,100.0,2.34530090796126e-12,5.224421050096638e-19,True,99.94329810142517,True,0.0,0.0,0.0,0.0,0.0,0.0,0.0,0.0,0.0,0.0,0.0,0.0,0.0,0.0,0.0,0.0,0.0,0.0,0.0,0.0,0.0,0.0,0.0,0.0,0.06097403168678284,0.9390259385108948,0.9994854927062988,0.0005144304595887661,0.6195088028907776,0.3804911971092224,0.0,0.0,0.0,0.0,0.0,0.0,0.0,0.0,0.0,0.0,0.0,0.0,0.0,0.0,0.0,0.0
1781712529.5090873,0,0.0,False,5.9836438026650285e-06,99.99998807907104,6.92396140422602e-09,True,0.0022529970010509714,False,0.0,0.0,0.0,0.0,0.0,0.0,0.0,0.0,0.0,0.0,0.0,0.0,0.0,0.0,0.0,0.0,0.0,0.0,0.0,0.0,0.0,0.0,0.0,0.0,0.2103249579668045,0.7896749973297119,0.04997631162405014,0.9500236511230469,0.02532941661775112,0.9746706485748291,0.0,0.0,0.0,0.0,0.0,0.0,0.0,0.0,0.0,0.0,0.0,0.0,0.0,0.0,0.0,0.0
1781712530.1427107,1,4.3478260869565215,True,67.06544160842896,32.75134861469269,0.1832061680033803,True,100.0,True,0.0,0.0,0.0,0.0,0.0,0.0,0.0,0.0,0.0,0.0,0.0,0.0,0.0,0.0,0.0,0.0,0.0,0.0,0.0,0.0,0.0,0.0,0.0,0.0,0.0,0.0,0.9578530788421631,0.04214688017964363,0.09096617251634598,0.9090338349342346,0.0,0.0,0.0,0.0,0.0,0.0,0.0,0.0,0.0,0.0,0.0,0.0,0.0,0.0,0.0,0.0
1781712530.7525191,1,4.3478260869565215,True,100.0,3.986585638427603e-12,4.5614937083218775e-14,True,99.94329810142517,True,0.0,0.0,0.0,0.0,0.0,0.0,0.0,0.0,0.0,0.0,0.0,0.0,0.0,0.0,0.0,0.0,0.0,0.0,0.0,0.0,0.0,0.0,0.0,0.0,0.0,0.0,0.7622349858283997,0.23776501417160034,0.45201054215431213,0.5479894876480103,0.0,0.0,0.0,0.0,0.0,0.0,0.0,0.0,0.0,0.0,0.0,0.0,0.0,0.0,0.0,0.0
1781712531.3598495,1,4.3478260869565215,True,0.020528401364572346,0.0006032746114215115,99.97887015342712,False,99.98488426208496,True,0.0,0.0,0.0,0.0,0.0,0.0,0.0,0.0,0.0,0.0,0.0,0.0,0.0,0.0,0.0,0.0,0.0,0.0,0.0,0.0,0.0,0.0,0.0,0.0,0.0,0.0,0.21330007910728455,0.7866998910903931,0.6249702572822571,0.3750297725200653,0.0,0.0,0.0,0.0,0.0,0.0,0.0,0.0,0.0,0.0,0.0,0.0,0.0,0.0,0.0,0.0
1781712531.9599962,0,0.0,False,0.013543397653847933,0.00037929314657958457,99.98607635498047,False,0.03823103033937514,False,0.0,0.0,0.0,0.0,0.0,0.0,0.0,0.0,0.0,0.0,0.0,0.0,0.0,0.0,0.0,0.0,0.0,0.0,0.0,0.0,0.0,0.0,0.0,0.0,0.0,0.0,0.0,0.0,0.0504288375377655,0.9495711326599121,0.0,0.0,0.0,0.0,0.0,0.0,0.0,0.0,0.0,0.0,0.0,0.0,0.0,0.0,0.0,0.0
1781712532.5783021,1,0.0,False,0.03562839119695127,0.0034080261684721336,99.9609649181366,False,0.33850420732051134,False,0.0,0.0,0.0,0.0,0.0,0.0,0.0,0.0,0.0,0.0,0.0,0.0,0.0,0.0,0.0,0.0,0.0,0.0,0.0,0.0,0.0,0.0,0.0,0.0,0.0,0.0,0.26380544900894165,0.7361945509910583,0.0,0.0,0.0,0.0,0.0,0.0,0.0,0.0,0.0,0.0,0.0,0.0,0.0,0.0,0.0,0.0,0.0,0.0
1781712533.1998658,1,0.0,False,0.013682003191206604,0.0018725915651884861,99.98444318771362,False,1.8173035234212875,False,0.0,0.0,0.0,0.0,0.0,0.0,0.0,0.0,0.0,0.0,0.0,0.0,0.0,0.0,0.0,0.0,0.0,0.0,0.0,0.0,0.0,0.0,0.0,0.0,0.0,0.0,0.4876779019832611,0.5123221278190613,0.22208468616008759,0.777915358543396,0.0,0.0,0.0,0.0,0.0,0.0,0.0,0.0,0.0,0.0,0.0,0.0,0.0,0.0,0.0,0.0
1781712533.8027875,0,0.0,False,0.026423399685882032,0.036820952664129436,99.93675351142883,False,0.0001971968003999791,False,0.0,0.0,0.0,0.0,0.0,0.0,0.0,0.0,0.0,0.0,0.0,0.0,0.0,0.0,0.0,0.0,0.0,0.0,0.0,0.0,0.0,0.0,0.0,0.0,0.0,0.0,0.12973403930664062,0.8702660202980042,0.28263726830482483,0.7173627614974976,0.0,0.0,0.0,0.0,0.0,0.0,0.0,0.0,0.0,0.0,0.0,0.0,0.0,0.0,0.0,0.0
1781712534.4400702,0,0.0,False,0.01612588093848899,0.0008389298272959422,99.98303651809692,False,0.024728168500587344,False,0.0,0.0,0.0,0.0,0.0,0.0,0.0,0.0,0.0,0.0,0.0,0.0,0.0,0.0,0.0,0.0,0.0,0.0,0.0,0.0,0.0,0.0,0.0,0.0,0.0,0.0,0.14867044985294342,0.8513295650482178,0.0,0.0,0.0,0.0,0.0,0.0,0.0,0.0,0.0,0.0,0.0,0.0,0.0,0.0,0.0,0.0,0.0,0.0
1781712535.062639,1,0.0,False,0.013630873581860214,0.0006848606972198468,99.98568296432495,False,0.07767095812596381,False,0.0,0.0,0.0,0.0,0.0,0.0,0.0,0.0,0.0,0.0,0.0,0.0,0.0,0.0,0.0,0.0,0.0,0.0,0.0,0.0,0.0,0.0,0.0,0.0,0.0,0.0,0.0,0.0,0.0,0.0,0.0,0.0,0.0,0.0,0.0,0.0,0.0,0.0,0.0,0.0,0.0,0.0,0.0,0.0,0.0,0.0
1781712535.6713936,1,0.0,False,0.009469540964346379,0.00027431851776782423,99.9902606010437,False,4.224526719553978e-05,False,0.0,0.0,0.0,0.0,0.0,0.0,0.0,0.0,0.0,0.0,0.0,0.0,0.0,0.0,0.0,0.0,0.0,0.0,0.0,0.0,0.0,0.0,0.0,0.0,0.0,0.0,0.0,0.0,0.0,0.0,0.0,0.0,0.0,0.0,0.0,0.0,0.0,0.0,0.0,0.0,0.0,0.0,0.0,0.0,0.0,0.0
1781712536.271709,0,0.0,False,0.0223237817408517,0.0010042210305982735,99.97667670249939,False,9.854205700321472e-05,False,0.0,0.0,0.0,0.0,0.0,0.0,0.0,0.0,0.0,0.0,0.0,0.0,0.0,0.0,0.0,0.0,0.0,0.0,0.0,0.0,0.0,0.0,0.0,0.0,0.0,0.0,0.0,0.0,0.0,0.0,0.0,0.0,0.0,0.0,0.0,0.0,0.0,0.0,0.0,0.0,0.0,0.0,0.0,0.0,0.0,0.0
1781712537.0469491,0,0.0,False,0.025805531186051667,0.0006946494977455586,99.97350573539734,False,0.0002712783725655754,False,0.0,0.0,0.0,0.0,0.0,0.0,0.0,0.0,0.0,0.0,0.0,0.0,0.12092608958482742,0.879073977470398,0.0,0.0,0.0,0.0,0.0,0.0,0.0,0.0,0.0,0.0,0.0,0.0,0.0,0.0,0.0,0.0,0.0,0.0,0.0,0.0,0.0,0.0,0.0,0.0,0.0,0.0,0.0,0.0,0.0,0.0,0.0,0.0
1781712537.9935005,1,4.3478260869565215,True,0.02287515817442909,0.001392038757330738,99.97573494911194,False,99.99994039535522,True,0.0,0.0,0.0,0.0,0.0,0.0,0.0,0.0,0.0,0.0,0.0,0.0,0.6182088255882263,0.38179120421409607,0.1155044361948967,0.8844955563545227,0.0,0.0,0.0,0.0,0.0,0.0,0.0,0.0,0.0,0.0,0.0,0.0,0.0,0.0,0.0,0.0,0.0,0.0,0.0,0.0,0.0,0.0,0.0,0.0,0.0,0.0,0.0,0.0,0.0,0.0
1781712538.915988,0,0.0,False,0.0003109268618572969,99.99969005584717,4.280061860484352e-08,True,0.025966428802348673,False,0.0,0.0,0.0,0.0,0.0,0.0,0.0,0.0,0.0,0.0,0.0,0.0,0.01165804360061884,0.9883419871330261,0.05676000937819481,0.9432400465011597,0.0,0.0,0.0,0.0,0.0,0.0,0.0,0.0,0.0,0.0,0.0,0.0,0.0,0.0,0.0,0.0,0.0,0.0,0.0,0.0,0.0,0.0,0.0,0.0,0.0,0.0,0.0,0.0,0.0,0.0
1781712539.7633686,0,0.0,False,3.405244441978539e-06,100.0,1.8730925144261334e-08,True,0.0844838737975806,False,0.0,0.0,0.0,0.0,0.0,0.0,0.0,0.0,0.0,0.0,0.0,0.0,0.26234692335128784,0.7376530170440674,0.0,0.0,0.0,0.0,0.0,0.0,0.0,0.0,0.0,0.0,0.0,0.0,0.0,0.0,0.0,0.0,0.0,0.0,0.0,0.0,0.0,0.0,0.0,0.0,0.0,0.0,0.0,0.0,0.0,0.0,0.0,0.0
1781712540.7570431,1,4.3478260869565215,True,3.129524737596512,96.86838984489441,0.002082305400108453,True,99.99346733093262,True,0.0,0.0,0.0,0.0,0.0,0.0,0.0,0.0,0.0,0.0,0.0,0.0,0.9793035984039307,0.020696358755230904,0.4237941801548004,0.5762057900428772,0.0,0.0,0.0,0.0,0.0,0.0,0.0,0.0,0.0,0.0,0.0,0.0,0.0,0.0,0.0,0.0,0.0,0.0,0.0,0.0,0.0,0.0,0.0,0.0,0.0,0.0,0.0,0.0,0.0,0.0
1781712541.4000778,1,8.695652173913043,True,1.5917164475354184e-06,100.0,4.206417505980831e-09,True,99.99996423721313,True,0.0,0.0,0.0,0.0,0.0,0.0,0.0,0.0,0.0,0.0,0.0,0.0,0.8014457821846008,0.19855423271656036,0.5782559514045715,0.42174404859542847,0.0,0.0,0.0,0.0,0.0,0.0,0.0,0.0,0.0,0.0,0.0,0.0,0.0,0.0,0.0,0.0,0.0,0.0,0.0,0.0,0.0,0.0,0.0,0.0,0.0,0.0,0.0,0.0,0.0,0.0
1781712542.063659,1,8.695652173913043,True,100.0,1.4633880983813772e-17,7.633195304473394e-25,True,99.99533891677856,True,0.0,0.0,0.0,0.0,0.0,0.0,0.0,0.0,0.0,0.0,0.0,0.0,0.9623870253562927,0.03761300444602966,0.999981164932251,1.878413968370296e-05,0.0,0.0,0.0,0.0,0.0,0.0,0.0,0.0,0.0,0.0,0.0,0.0,0.0,0.0,0.0,0.0,0.0,0.0,0.0,0.0,0.0,0.0,0.0,0.0,0.0,0.0,0.0,0.0,0.0,0.0
1781712542.6868064,0,0.0,False,52.3819625377655,47.09634184837341,0.5216945428401232,True,0.014479526726063341,False,0.0,0.0,0.0,0.0,0.0,0.0,0.0,0.0,0.0,0.0,0.0,0.0,0.08522427082061768,0.9147757291793823,0.19458211958408356,0.8054178953170776,0.0,0.0,0.0,0.0,0.0,0.0,0.0,0.0,0.0,0.0,0.0,0.0,0.0,0.0,0.0,0.0,0.0,0.0,0.0,0.0,0.0,0.0,0.0,0.0,0.0,0.0,0.0,0.0,0.0,0.0
1781712543.307504,0,0.0,False,1.6889856624402455e-05,99.99998807907104,1.1071678296392662e-08,True,0.0049226120609091595,False,0.0,0.0,0.0,0.0,0.0,0.0,0.0,0.0,0.0,0.0,0.0,0.0,0.021801672875881195,0.9781982898712158,0.060593388974666595,0.9394066333770752,0.0,0.0,0.0,0.0,0.0,0.0,0.0,0.0,0.0,0.0,0.0,0.0,0.0,0.0,0.0,0.0,0.0,0.0,0.0,0.0,0.0,0.0,0.0,0.0,0.0,0.0,0.0,0.0,0.0,0.0
1781712543.920936,0,0.0,False,3.6285200621932745e-05,99.99996423721313,2.003116700288743e-08,True,0.0023801487259333953,False,0.0,0.0,0.0,0.0,0.0,0.0,0.0,0.0,0.0,0.0,0.0,0.0,0.03264971822500229,0.9673502445220947,0.046048641204833984,0.9539512991905212,0.0,0.0,0.0,0.0,0.0,0.0,0.0,0.0,0.0,0.0,0.0,0.0,0.0,0.0,0.0,0.0,0.0,0.0,0.0,0.0,0.0,0.0,0.0,0.0,0.0,0.0,0.0,0.0,0.0,0.0
1781712544.5287058,0,0.0,False,0.0038571946788579226,0.0005737977517128456,99.99556541442871,False,0.006952628609724343,False,0.0,0.0,0.0,0.0,0.0,0.0,0.0,0.0,0.0,0.0,0.0,0.0,0.0,0.0,0.016323886811733246,0.9836761355400085,0.0,0.0,0.0,0.0,0.0,0.0,0.0,0.0,0.0,0.0,0.0,0.0,0.0,0.0,0.0,0.0,0.0,0.0,0.0,0.0,0.0,0.0,0.0,0.0,0.0,0.0,0.0,0.0,0.0,0.0
1781712545.149049,1,8.695652173913043,True,99.80764389038086,0.1888912171125412,0.003461841697571799,True,99.9998927116394,True,0.0,0.0,0.0,0.0,0.0,0.0,0.0,0.0,0.0,0.0,0.0,0.0,0.0,0.0,0.9990590214729309,0.0009409694466739893,0.6408013105392456,0.359198659658432,0.0,0.0,0.0,0.0,0.0,0.0,0.0,0.0,0.0,0.0,0.0,0.0,0.0,0.0,0.0,0.0,0.0,0.0,0.0,0.0,0.0,0.0,0.0,0.0,0.0,0.0,0.0,0.0
1781712545.7517033,0,0.0,False,100.0,1.8135897448603625e-17,2.4433799025081114e-22,True,0.008002067625056952,False,0.0,0.0,0.0,0.0,0.0,0.0,0.0,0.0,0.0,0.0,0.0,0.0,0.0,0.0,0.17315584421157837,0.8268440961837769,0.05858422815799713,0.9414157867431641,0.0,0.0,0.0,0.0,0.0,0.0,0.0,0.0,0.0,0.0,0.0,0.0,0.0,0.0,0.0,0.0,0.0,0.0,0.0,0.0,0.0,0.0,0.0,0.0,0.0,0.0,0.0,0.0
1781712546.349117,1,4.3478260869565215,True,100.0,8.611097414826053e-16,1.7042134477836782e-21,True,99.94329810142517,True,0.0,0.0,0.0,0.0,0.0,0.0,0.0,0.0,0.0,0.0,0.0,0.0,0.0,0.0,0.9998072981834412,0.00019267358584329486,0.2028065323829651,0.7971934080123901,0.0,0.0,0.0,0.0,0.0,0.0,0.0,0.0,0.0,0.0,0.0,0.0,0.0,0.0,0.0,0.0,0.0,0.0,0.0,0.0,0.0,0.0,0.0,0.0,0.0,0.0,0.0,0.0
1781712547.010033,0,0.0,False,0.19182042451575398,99.80806112289429,0.00011335075669194339,True,0.00497490145789925,False,0.0,0.0,0.0,0.0,0.0,0.0,0.0,0.0,0.0,0.0,0.0,0.0,0.058211687952280045,0.9417882561683655,0.04817755147814751,0.9518224000930786,0.03165258467197418,0.968347430229187,0.0,0.0,0.0,0.0,0.0,0.0,0.0,0.0,0.0,0.0,0.0,0.0,0.0,0.0,0.0,0.0,0.0,0.0,0.0,0.0,0.0,0.0,0.0,0.0,0.0,0.0,0.0,0.0
1781712547.6309848,1,8.695652173913043,True,1.2300581886393047e-06,100.0,2.16342031095218e-09,True,99.99574422836304,True,0.0,0.0,0.0,0.0,0.0,0.0,0.0,0.0,0.0,0.0,0.0,0.0,0.9772720336914062,0.022727983072400093,0.9868193864822388,0.013180642388761044,0.2409524917602539,0.7590475082397461,0.0,0.0,0.0,0.0,0.0,0.0,0.0,0.0,0.0,0.0,0.0,0.0,0.0,0.0,0.0,0.0,0.0,0.0,0.0,0.0,0.0,0.0,0.0,0.0,0.0,0.0,0.0,0.0
1781712548.2632596,0,0.0,False,100.0,8.949919485919358e-17,2.4881113603441988e-24,True,0.02508660836610943,False,0.0,0.0,0.0,0.0,0.0,0.0,0.0,0.0,0.0,0.0,0.0,0.0,0.06510321795940399,0.9348967671394348,0.05962132290005684,0.9403786063194275,0.022021614015102386,0.9779784083366394,0.0,0.0,0.0,0.0,0.0,0.0,0.0,0.0,0.0,0.0,0.0,0.0,0.0,0.0,0.0,0.0,0.0,0.0,0.0,0.0,0.0,0.0,0.0,0.0,0.0,0.0,0.0,0.0
1781712548.909508,0,0.0,False,100.0,1.4633825407616366e-17,7.633195304473394e-25,True,0.011841589002870023,False,0.0,0.0,0.0,0.0,0.0,0.0,0.0,0.0,0.0,0.0,0.0,0.0,0.0636490061879158,0.93635094165802,0.08562865108251572,0.9143713116645813,0.0,0.0,0.0,0.0,0.0,0.0,0.0,0.0,0.0,0.0,0.0,0.0,0.0,0.0,0.0,0.0,0.0,0.0,0.0,0.0,0.0,0.0,0.0,0.0,0.0,0.0,0.0,0.0,0.0,0.0
1781712549.499326,0,0.0,False,0.0005333499302651035,99.99946355819702,7.637782850622443e-07,True,0.09458109852857888,False,0.0,0.0,0.0,0.0,0.0,0.0,0.0,0.0,0.0,0.0,0.0,0.0,0.10842491686344147,0.8915750980377197,0.0816202461719513,0.9183797240257263,0.16976068913936615,0.8302393555641174,0.0,0.0,0.0,0.0,0.0,0.0,0.0,0.0,0.0,0.0,0.0,0.0,0.0,0.0,0.0,0.0,0.0,0.0,0.0,0.0,0.0,0.0,0.0,0.0,0.0,0.0,0.0,0.0
1781712550.1212432,0,0.0,False,100.0,1.1117359313480711e-13,5.915149173321094e-18,True,0.00012620002962648869,False,0.0,0.0,0.0,0.0,0.0,0.0,0.0,0.0,0.0,0.0,0.0,0.0,0.18586395680904388,0.8141360282897949,0.05288902297616005,0.9471109509468079,0.016580019146203995,0.9834200143814087,0.0,0.0,0.0,0.0,0.0,0.0,0.0,0.0,0.0,0.0,0.0,0.0,0.0,0.0,0.0,0.0,0.0,0.0,0.0,0.0,0.0,0.0,0.0,0.0,0.0,0.0,0.0,0.0
1781712550.7411675,1,8.695652173913043,True,7.586354655586547e-07,100.0,9.992031507755073e-10,True,99.99998807907104,True,0.0,0.0,0.0,0.0,0.0,0.0,0.0,0.0,0.0,0.0,0.0,0.0,0.14320634305477142,0.8567936420440674,0.9347555041313171,0.06524453312158585,0.8989622592926025,0.10103769600391388,0.0,0.0,0.0,0.0,0.0,0.0,0.0,0.0,0.0,0.0,0.0,0.0,0.0,0.0,0.0,0.0,0.0,0.0,0.0,0.0,0.0,0.0,0.0,0.0,0.0,0.0,0.0,0.0
1781712551.7051482,1,4.3478260869565215,True,4.192654401435902e-06,100.0,6.185658235624558e-09,True,100.0,True,0.0,0.0,0.0,0.0,0.0,0.0,0.0,0.0,0.0,0.0,0.0,0.0,0.8760624527931213,0.12393761426210403,0.29303035140037537,0.706969678401947,0.0,0.0,0.0,0.0,0.0,0.0,0.0,0.0,0.0,0.0,0.0,0.0,0.0,0.0,0.0,0.0,0.0,0.0,0.0,0.0,0.0,0.0,0.0,0.0,0.0,0.0,0.0,0.0,0.0,0.0
1781712552.6940017,0,0.0,False,100.0,4.391890226062428e-12,1.438113433206106e-18,True,0.0004997147243557265,False,0.0,0.0,0.0,0.0,0.0,0.0,0.0,0.0,0.0,0.0,0.0,0.0,0.07582125067710876,0.9241787791252136,0.08449607342481613,0.915503978729248,0.0,0.0,0.0,0.0,0.0,0.0,0.0,0.0,0.0,0.0,0.0,0.0,0.0,0.0,0.0,0.0,0.0,0.0,0.0,0.0,0.0,0.0,0.0,0.0,0.0,0.0,0.0,0.0,0.0,0.0
1781712553.5601337,0,0.0,False,7.586368866441262e-07,100.0,9.992050589713308e-10,True,0.04932703450322151,False,0.0,0.0,0.0,0.0,0.0,0.0,0.0,0.0,0.0,0.0,0.0,0.0,0.10371767729520798,0.8962823152542114,0.15782217681407928,0.8421778082847595,0.0,0.0,0.0,0.0,0.0,0.0,0.0,0.0,0.0,0.0,0.0,0.0,0.0,0.0,0.0,0.0,0.0,0.0,0.0,0.0,0.0,0.0,0.0,0.0,0.0,0.0,0.0,0.0,0.0,0.0
1781712554.5698633,0,0.0,False,100.0,3.219510762654325e-17,1.2788617332395268e-23,True,4.039329426497318e-08,False,0.0,0.0,0.0,0.0,0.0,0.0,0.0,0.0,0.0,0.0,0.0,0.0,0.06581281870603561,0.934187114238739,0.06760215759277344,0.9323978424072266,0.0,0.0,0.0,0.0,0.0,0.0,0.0,0.0,0.0,0.0,0.0,0.0,0.0,0.0,0.0,0.0,0.0,0.0,0.0,0.0,0.0,0.0,0.0,0.0,0.0,0.0,0.0,0.0,0.0,0.0
1781712555.4182446,1,0.0,False,0.00987347521004267,0.0003039089961021091,99.98983144760132,False,0.0038910693547222763,False,0.0,0.0,0.0,0.0,0.0,0.0,0.0,0.0,0.0,0.0,0.0,0.0,0.14253073930740356,0.8574692606925964,0.09426922351121902,0.9057308435440063,0.0,0.0,0.0,0.0,0.0,0.0,0.0,0.0,0.0,0.0,0.0,0.0,0.0,0.0,0.0,0.0,0.0,0.0,0.0,0.0,0.0,0.0,0.0,0.0,0.0,0.0,0.0,0.0,0.0,0.0
1781712556.0367415,1,4.3478260869565215,True,0.014746059605386108,99.98525381088257,3.1073348338850337e-06,True,99.99426603317261,True,0.0,0.0,0.0,0.0,0.0,0.0,0.0,0.0,0.0,0.0,0.0,0.0,0.240409255027771,0.759590744972229,0.9913190007209778,0.008680949918925762,0.0,0.0,0.0,0.0,0.0,0.0,0.0,0.0,0.0,0.0,0.0,0.0,0.0,0.0,0.0,0.0,0.0,0.0,0.0,0.0,0.0,0.0,0.0,0.0,0.0,0.0,0.0,0.0,0.0,0.0
1781712556.684066,0,0.0,False,9.276770462918194e-07,100.0,1.0064908975704334e-09,True,0.004322643872001208,False,0.0,0.0,0.0,0.0,0.0,0.0,0.0,0.0,0.0,0.0,0.0,0.0,0.009174696169793606,0.9908252358436584,0.020161231979727745,0.9798387289047241,0.0,0.0,0.0,0.0,0.0,0.0,0.0,0.0,0.0,0.0,0.0,0.0,0.0,0.0,0.0,0.0,0.0,0.0,0.0,0.0,0.0,0.0,0.0,0.0,0.0,0.0,0.0,0.0,0.0,0.0
1781712557.3129294,0,0.0,False,99.9985933303833,0.0012386549315124284,0.00017026577552314848,True,0.0061526916397269815,False,0.0,0.0,0.0,0.0,0.0,0.0,0.0,0.0,0.0,0.0,0.0,0.0,0.073445625603199,0.9265543222427368,0.02512168511748314,0.9748783707618713,0.0,0.0,0.0,0.0,0.0,0.0,0.0,0.0,0.0,0.0,0.0,0.0,0.0,0.0,0.0,0.0,0.0,0.0,0.0,0.0,0.0,0.0,0.0,0.0,0.0,0.0,0.0,0.0,0.0,0.0
1781712558.0058436,0,0.0,False,100.0,4.836215317105541e-08,2.5607716901826505e-11,True,0.029043538961559534,False,0.0,0.0,0.0,0.0,0.0,0.0,0.0,0.0,0.0,0.0,0.2502453923225403,0.7497545480728149,0.035407520830631256,0.964592456817627,0.21619486808776855,0.7838051319122314,0.0,0.0,0.0,0.0,0.0,0.0,0.0,0.0,0.0,0.0,0.0,0.0,0.0,0.0,0.0,0.0,0.0,0.0,0.0,0.0,0.0,0.0,0.0,0.0,0.0,0.0,0.0,0.0,0.0,0.0
1781712558.6416194,0,4.3478260869565215,True,1.670454815030098,98.32655191421509,0.002990302527905442,True,99.55381155014038,True,0.0,0.0,0.0,0.0,0.0,0.0,0.0,0.0,0.0,0.0,0.5713655352592468,0.42863449454307556,0.197800412774086,0.80219966173172,0.0,0.0,0.0,0.0,0.0,0.0,0.0,0.0,0.0,0.0,0.0,0.0,0.0,0.0,0.0,0.0,0.0,0.0,0.0,0.0,0.0,0.0,0.0,0.0,0.0,0.0,0.0,0.0,0.0,0.0,0.0,0.0
1781712559.232483,1,4.3478260869565215,True,100.0,2.2358587732551156e-15,1.5938483953198436e-22,True,99.99996423721313,True,0.0,0.0,0.0,0.0,0.0,0.0,0.0,0.0,0.0,0.0,0.0,0.0,0.9787003397941589,0.02129961922764778,0.0,0.0,0.0,0.0,0.0,0.0,0.0,0.0,0.0,0.0,0.0,0.0,0.0,0.0,0.0,0.0,0.0,0.0,0.0,0.0,0.0,0.0,0.0,0.0,0.0,0.0,0.0,0.0,0.0,0.0,0.0,0.0
1781712559.8902562,0,0.0,False,0.015499428263865411,0.0007050107797113014,99.98379945755005,False,0.31412828247994184,False,0.0,0.0,0.0,0.0,0.0,0.0,0.0,0.0,0.0,0.0,0.0,0.0,0.027135096490383148,0.9728648662567139,0.0,0.0,0.0,0.0,0.0,0.0,0.0,0.0,0.0,0.0,0.0,0.0,0.0,0.0,0.0,0.0,0.0,0.0,0.0,0.0,0.0,0.0,0.0,0.0,0.0,0.0,0.0,0.0,0.0,0.0,0.0,0.0
1781712560.501821,1,4.3478260869565215,True,0.019026175141334534,0.0015535830243607052,99.97943043708801,False,99.99995231628418,True,0.0,0.0,0.0,0.0,0.0,0.0,0.0,0.0,0.0,0.0,0.0,0.0,0.5015839338302612,0.49841609597206116,0.0,0.0,0.0,0.0,0.0,0.0,0.0,0.0,0.0,0.0,0.0,0.0,0.0,0.0,0.0,0.0,0.0,0.0,0.0,0.0,0.0,0.0,0.0,0.0,0.0,0.0,0.0,0.0,0.0,0.0,0.0,0.0
1781712561.107175,0,0.0,False,0.026423399685882032,0.036820952664129436,99.93675351142883,False,0.001076138960343087,False,0.0,0.0,0.0,0.0,0.0,0.0,0.0,0.0,0.0,0.0,0.0,0.0,0.0,0.0,0.0,0.0,0.0,0.0,0.0,0.0,0.0,0.0,0.0,0.0,0.0,0.0,0.0,0.0,0.0,0.0,0.0,0.0,0.0,0.0,0.0,0.0,0.0,0.0,0.0,0.0,0.0,0.0,0.0,0.0,0.0,0.0
1781712561.7302973,1,0.0,False,0.010486570681678131,0.0002478992655596812,99.98925924301147,False,0.01059469796018675,False,0.0,0.0,0.0,0.0,0.0,0.0,0.0,0.0,0.0,0.0,0.0,0.0,0.0,0.0,0.0,0.0,0.0,0.0,0.0,0.0,0.0,0.0,0.0,0.0,0.0,0.0,0.0,0.0,0.0,0.0,0.0,0.0,0.0,0.0,0.0,0.0,0.0,0.0,0.0,0.0,0.0,0.0,0.0,0.0,0.0,0.0
1781712562.3280048,1,0.0,False,0.0067900757130701095,0.0008092639291135129,99.99239444732666,False,0.0017067925000446849,False,0.0,0.0,0.0,0.0,0.0,0.0,0.0,0.0,0.0,0.0,0.0,0.0,0.0,0.0,0.0,0.0,0.0,0.0,0.0,0.0,0.0,0.0,0.0,0.0,0.0,0.0,0.0,0.0,0.0,0.0,0.0,0.0,0.0,0.0,0.0,0.0,0.0,0.0,0.0,0.0,0.0,0.0,0.0,0.0,0.0,0.0
1781712563.0007062,0,0.0,False,0.00987347521004267,0.0003039089961021091,99.98983144760132,False,0.01011225176625885,False,0.0,0.0,0.0,0.0,0.0,0.0,0.0,0.0,0.0,0.0,0.0,0.0,0.0,0.0,0.0,0.0,0.0,0.0,0.0,0.0,0.0,0.0,0.0,0.0,0.0,0.0,0.04721494019031525,0.9527850151062012,0.049555301666259766,0.9504446983337402,0.0,0.0,0.0,0.0,0.0,0.0,0.0,0.0,0.0,0.0,0.0,0.0,0.0,0.0,0.0,0.0
1781712563.6154602,0,0.0,False,99.99991655349731,8.785710292613658e-05,2.7810536096239957e-06,True,0.00022669214558845852,False,0.0,0.0,0.0,0.0,0.0,0.0,0.0,0.0,0.0,0.0,0.0,0.0,0.0,0.0,0.0,0.0,0.0,0.0,0.0,0.0,0.0,0.0,0.0,0.0,0.0,0.0,0.08050425350666046,0.9194958209991455,0.14356034994125366,0.8564396500587463,0.0,0.0,0.0,0.0,0.0,0.0,0.0,0.0,0.0,0.0,0.0,0.0,0.0,0.0,0.0,0.0
1781712564.210836,0,0.0,False,0.022035592701286077,99.97794032096863,2.6553303200671508e-05,True,0.00030502294521284057,False,0.0,0.0,0.0,0.0,0.0,0.0,0.0,0.0,0.0,0.0,0.0,0.0,0.0,0.0,0.0,0.0,0.0,0.0,0.0,0.0,0.0,0.0,0.0,0.0,0.0,0.0,0.11117967963218689,0.8888203501701355,0.03544659912586212,0.9645534157752991,0.0,0.0,0.0,0.0,0.0,0.0,0.0,0.0,0.0,0.0,0.0,0.0,0.0,0.0,0.0,0.0
1781712564.845694,1,4.3478260869565215,True,0.012975250137969851,99.98701810836792,5.314517537158281e-06,True,100.0,True,0.0,0.0,0.0,0.0,0.0,0.0,0.0,0.0,0.0,0.0,0.0,0.0,0.0,0.0,0.0,0.0,0.0,0.0,0.0,0.0,0.0,0.0,0.0,0.0,0.0,0.0,0.5122696161270142,0.48773035407066345,0.19858399033546448,0.8014159798622131,0.0,0.0,0.0,0.0,0.0,0.0,0.0,0.0,0.0,0.0,0.0,0.0,0.0,0.0,0.0,0.0
1781712565.6288543,1,8.695652173913043,True,100.0,4.1132076090368474e-14,8.914911788757371e-20,True,99.99990463256836,True,0.0,0.0,0.0,0.0,0.0,0.0,0.0,0.0,0.0,0.0,0.0,0.0,0.0,0.0,0.0,0.0,0.0,0.0,0.0,0.0,0.0,0.0,0.0,0.0,0.0,0.0,0.8716260194778442,0.12837404012680054,0.8940290808677673,0.10597091913223267,0.0,0.0,0.0,0.0,0.0,0.0,0.0,0.0,0.0,0.0,0.0,0.0,0.0,0.0,0.0,0.0
1781712566.5867398,0,0.0,False,0.2947668079286814,99.7044026851654,0.0008269730642496143,True,0.012772616173606366,False,0.0,0.0,0.0,0.0,0.0,0.0,0.0,0.0,0.0,0.0,0.0,0.0,0.0,0.0,0.0,0.0,0.0,0.0,0.0,0.0,0.0,0.0,0.0,0.0,0.0,0.0,0.18074360489845276,0.8192564249038696,0.03792039304971695,0.962079644203186,0.0,0.0,0.0,0.0,0.0,0.0,0.0,0.0,0.0,0.0,0.0,0.0,0.0,0.0,0.0,0.0
1781712567.4695265,1,0.0,False,0.006700616359012201,0.0010742971426225267,99.99222755432129,False,0.008002067625056952,False,0.0,0.0,0.0,0.0,0.0,0.0,0.0,0.0,0.0,0.0,0.0,0.0,0.0,0.0,0.0,0.0,0.0,0.0,0.0,0.0,0.0,0.0,0.0,0.0,0.0,0.0,0.267698734998703,0.7323012351989746,0.23799416422843933,0.7620058059692383,0.0,0.0,0.0,0.0,0.0,0.0,0.0,0.0,0.0,0.0,0.0,0.0,0.0,0.0,0.0,0.0
1781712568.3092847,0,0.0,False,0.006633673910982907,0.06592047866433859,99.92744326591492,False,0.04445519589353353,False,0.0,0.0,0.0,0.0,0.0,0.0,0.0,0.0,0.0,0.0,0.0,0.0,0.0,0.0,0.0,0.0,0.0,0.0,0.0,0.0,0.0,0.0,0.0,0.0,0.0,0.0,0.10531041771173477,0.8946896195411682,0.21545036137104034,0.7845496535301208,0.0,0.0,0.0,0.0,0.0,0.0,0.0,0.0,0.0,0.0,0.0,0.0,0.0,0.0,0.0,0.0
1781712569.2704957,1,0.0,False,0.019067003449890763,0.0006663992735411739,99.98026490211487,False,0.01580800744704902,False,0.0,0.0,0.0,0.0,0.0,0.0,0.0,0.0,0.0,0.0,0.0,0.0,0.0,0.0,0.0,0.0,0.0,0.0,0.0,0.0,0.0,0.0,0.0,0.0,0.0,0.0,0.28148671984672546,0.7185132503509521,0.11161734908819199,0.888382613658905,0.0,0.0,0.0,0.0,0.0,0.0,0.0,0.0,0.0,0.0,0.0,0.0,0.0,0.0,0.0,0.0
1781712569.894187,1,4.3478260869565215,True,0.006115657015470788,0.001441833137505455,99.99244213104248,False,99.99995231628418,True,0.0,0.0,0.0,0.0,0.0,0.0,0.0,0.0,0.0,0.0,0.0,0.0,0.0,0.0,0.0,0.0,0.0,0.0,0.0,0.0,0.0,0.0,0.0,0.0,0.0,0.0,0.0,0.0,0.5045338273048401,0.4954662322998047,0.0,0.0,0.0,0.0,0.0,0.0,0.0,0.0,0.0,0.0,0.0,0.0,0.0,0.0,0.0,0.0
1781712570.5530882,1,0.0,False,0.02342410007258877,0.0005690593297913438,99.9760091304779,False,0.0013093700545141473,False,0.0,0.0,0.0,0.0,0.0,0.0,0.0,0.0,0.0,0.0,0.0,0.0,0.0,0.0,0.0,0.0,0.0,0.0,0.0,0.0,0.0,0.0,0.0,0.0,0.0,0.0,0.0,0.0,0.0,0.0,0.0,0.0,0.0,0.0,0.0,0.0,0.0,0.0,0.0,0.0,0.0,0.0,0.0,0.0,0.0,0.0
1781712574.0944412,0,0.0,False,0.016704214795026928,0.001476201941841282,99.98181462287903,False,0.011398915376048535,False,0.0,0.0,0.0,0.0,0.0,0.0,0.0,0.0,0.0,0.0,0.0,0.0,0.0,0.0,0.0,0.0,0.0,0.0,0.0,0.0,0.0,0.0,0.0,0.0,0.0,0.0,0.0,0.0,0.0,0.0,0.0,0.0,0.0,0.0,0.0,0.0,0.0,0.0,0.0,0.0,0.0,0.0,0.0,0.0,0.0,0.0
1781712574.7092547,1,0.0,False,0.01952031598193571,0.002799487629090436,99.97767806053162,False,0.00030502294521284057,False,0.0,0.0,0.0,0.0,0.0,0.0,0.0,0.0,0.0,0.0,0.0,0.0,0.0,0.0,0.0,0.0,0.0,0.0,0.0,0.0,0.0,0.0,0.0,0.0,0.0,0.0,0.0,0.0,0.0,0.0,0.0,0.0,0.0,0.0,0.0,0.0,0.0,0.0,0.0,0.0,0.0,0.0,0.0,0.0,0.0,0.0
1781712575.3486505,1,0.0,False,0.01512796152383089,0.000680052562529454,99.98419284820557,False,0.0009434653293283191,False,0.0,0.0,0.0,0.0,0.0,0.0,0.0,0.0,0.0,0.0,0.0,0.0,0.0,0.0,0.0,0.0,0.0,0.0,0.0,0.0,0.0,0.0,0.0,0.0,0.0,0.0,0.0,0.0,0.0,0.0,0.0,0.0,0.0,0.0,0.0,0.0,0.0,0.0,0.0,0.0,0.0,0.0,0.0,0.0,0.0,0.0
1781712575.9428358,1,0.0,False,0.023546000011265278,0.004191953121335246,99.97225403785706,False,0.0003584021442293306,False,0.0,0.0,0.0,0.0,0.0,0.0,0.0,0.0,0.0,0.0,0.0,0.0,0.0,0.0,0.0,0.0,0.0,0.0,0.0,0.0,0.0,0.0,0.0,0.0,0.0,0.0,0.0,0.0,0.0,0.0,0.0,0.0,0.0,0.0,0.0,0.0,0.0,0.0,0.0,0.0,0.0,0.0,0.0,0.0,0.0,0.0
1781712576.5397716,1,0.0,False,0.017846268019638956,0.0015937559510348365,99.98056292533875,False,0.1193658565171063,False,0.0,0.0,0.0,0.0,0.0,0.0,0.0,0.0,0.0,0.0,0.0,0.0,0.0,0.0,0.0,0.0,0.0,0.0,0.0,0.0,0.0,0.0,0.0,0.0,0.0,0.0,0.0,0.0,0.0,0.0,0.0,0.0,0.0,0.0,0.0,0.0,0.0,0.0,0.0,0.0,0.0,0.0,0.0,0.0,0.0,0.0
1781712577.1395574,0,0.0,False,0.023546000011265278,0.004191953121335246,99.97225403785706,False,0.0003029553454325651,False,0.0,0.0,0.0,0.0,0.0,0.0,0.0,0.0,0.0,0.0,0.0,0.0,0.0,0.0,0.0,0.0,0.0,0.0,0.0,0.0,0.0,0.0,0.0,0.0,0.0,0.0,0.0,0.0,0.0,0.0,0.0,0.0,0.0,0.0,0.0,0.0,0.0,0.0,0.0,0.0,0.0,0.0,0.0,0.0,0.0,0.0
1781712577.7582095,1,0.0,False,0.02342410007258877,0.0005690593297913438,99.9760091304779,False,0.0008087965397862718,False,0.0,0.0,0.0,0.0,0.0,0.0,0.0,0.0,0.0,0.0,0.0,0.0,0.0,0.0,0.0,0.0,0.0,0.0,0.0,0.0,0.0,0.0,0.0,0.0,0.0,0.0,0.0,0.0,0.0,0.0,0.0,0.0,0.0,0.0,0.0,0.0,0.0,0.0,0.0,0.0,0.0,0.0,0.0,0.0,0.0,0.0
1781712578.382862,1,0.0,False,0.01694312522886321,0.00048265824261761736,99.98257756233215,False,0.003897520582540892,False,0.0,0.0,0.0,0.0,0.0,0.0,0.0,0.0,0.0,0.0,0.0,0.0,0.0,0.0,0.0,0.0,0.0,0.0,0.0,0.0,0.0,0.0,0.0,0.0,0.0,0.0,0.0,0.0,0.0,0.0,0.0,0.0,0.0,0.0,0.0,0.0,0.0,0.0,0.0,0.0,0.0,0.0,0.0,0.0,0.0,0.0
1781712579.0561738,0,0.0,False,0.015824325964786112,0.0005748228431912139,99.98359680175781,False,0.00024230364488175837,False,0.0,0.0,0.0,0.0,0.0,0.0,0.0,0.0,0.0,0.0,0.0,0.0,0.0,0.0,0.0,0.0,0.0,0.0,0.0,0.0,0.0,0.0,0.0,0.0,0.0,0.0,0.0,0.0,0.0,0.0,0.0,0.0,0.0,0.0,0.0,0.0,0.0,0.0,0.0,0.0,0.0,0.0,0.0,0.0,0.0,0.0
1781712579.8480773,0,0.0,False,0.011841183004435152,0.0005754880930908257,99.98759031295776,False,0.003897520582540892,False,0.0,0.0,0.0,0.0,0.0,0.0,0.0,0.0,0.0,0.0,0.0,0.0,0.0,0.0,0.0,0.0,0.0,0.0,0.0,0.0,0.0,0.0,0.0,0.0,0.0,0.0,0.0,0.0,0.0,0.0,0.0,0.0,0.0,0.0,0.0,0.0,0.0,0.0,0.0,0.0,0.0,0.0,0.0,0.0,0.0,0.0
1781712580.7560852,0,0.0,False,0.013682003191206604,0.0018725915651884861,99.98444318771362,False,0.0003638320094978553,False,0.0,0.0,0.0,0.0,0.0,0.0,0.0,0.0,0.0,0.0,0.0,0.0,0.0,0.0,0.0,0.0,0.0,0.0,0.0,0.0,0.0,0.0,0.0,0.0,0.0,0.0,0.0,0.0,0.0,0.0,0.0,0.0,0.0,0.0,0.0,0.0,0.0,0.0,0.0,0.0,0.0,0.0,0.0,0.0,0.0,0.0
1781712581.6836662,0,0.0,False,0.023350933042820543,0.0007861226549721323,99.97586607933044,False,0.03527984663378447,False,0.0,0.0,0.0,0.0,0.0,0.0,0.0,0.0,0.0,0.0,0.0,0.0,0.0,0.0,0.0,0.0,0.0,0.0,0.0,0.0,0.0,0.0,0.0,0.0,0.0,0.0,0.0,0.0,0.0,0.0,0.0,0.0,0.0,0.0,0.0,0.0,0.0,0.0,0.0,0.0,0.0,0.0,0.0,0.0,0.0,0.0
1781712582.5418296,1,0.0,False,0.020364006923045963,0.00399066811951343,99.9756395816803,False,0.18358529778197408,False,0.0,0.0,0.0,0.0,0.0,0.0,0.0,0.0,0.0,0.0,0.0,0.0,0.0,0.0,0.0,0.0,0.0,0.0,0.0,0.0,0.0,0.0,0.0,0.0,0.0,0.0,0.0,0.0,0.0,0.0,0.0,0.0,0.0,0.0,0.0,0.0,0.0,0.0,0.0,0.0,0.0,0.0,0.0,0.0,0.0,0.0
1781712583.4663718,1,0.0,False,0.0115200447908137,0.0002891529902626644,99.98819828033447,False,0.07889760890975595,False,0.0,0.0,0.0,0.0,0.0,0.0,0.0,0.0,0.0,0.0,0.0,0.0,0.0,0.0,0.0,0.0,0.0,0.0,0.0,0.0,0.0,0.0,0.0,0.0,0.0,0.0,0.0,0.0,0.0,0.0,0.0,0.0,0.0,0.0,0.0,0.0,0.0,0.0,0.0,0.0,0.0,0.0,0.0,0.0,0.0,0.0
1781712584.095985,1,0.0,False,0.006338035746011883,0.00029983430067659356,99.99336004257202,False,0.31412828247994184,False,0.0,0.0,0.0,0.0,0.0,0.0,0.0,0.0,0.0,0.0,0.0,0.0,0.0,0.0,0.0,0.0,0.0,0.0,0.0,0.0,0.0,0.0,0.0,0.0,0.0,0.0,0.0,0.0,0.0,0.0,0.0,0.0,0.0,0.0,0.0,0.0,0.0,0.0,0.0,0.0,0.0,0.0,0.0,0.0,0.0,0.0
1781712584.7150414,1,0.0,False,0.015499428263865411,0.0007050107797113014,99.98379945755005,False,0.0001256628365808865,False,0.0,0.0,0.0,0.0,0.0,0.0,0.0,0.0,0.0,0.0,0.0,0.0,0.0,0.0,0.0,0.0,0.0,0.0,0.0,0.0,0.0,0.0,0.0,0.0,0.0,0.0,0.0,0.0,0.0,0.0,0.0,0.0,0.0,0.0,0.14780759811401367,0.8521924018859863,0.0,0.0,0.0,0.0,0.0,0.0,0.0,0.0,0.0,0.0
1781712585.3463764,1,0.0,False,0.026423399685882032,0.036820952664129436,99.93675351142883,False,0.0007120695499907015,False,0.0,0.0,0.0,0.0,0.0,0.0,0.0,0.0,0.0,0.0,0.0,0.0,0.0,0.0,0.0,0.0,0.0,0.0,0.0,0.0,0.0,0.0,0.0,0.0,0.0,0.0,0.0,0.0,0.0,0.0,0.0,0.0,0.0,0.0,0.05330599099397659,0.9466939568519592,0.0,0.0,0.0,0.0,0.0,0.0,0.0,0.0,0.0,0.0
1781712585.9596148,1,0.0,False,0.03562839119695127,0.0034080261684721336,99.9609649181366,False,0.0008203836841857992,False,0.0,0.0,0.0,0.0,0.0,0.0,0.0,0.0,0.0,0.0,0.0,0.0,0.0,0.0,0.0,0.0,0.0,0.0,0.0,0.0,0.0,0.0,0.0,0.0,0.0,0.0,0.0,0.0,0.0,0.0,0.0,0.0,0.0,0.0,0.0,0.0,0.0,0.0,0.0,0.0,0.0,0.0,0.0,0.0,0.0,0.0
1781712586.5784276,0,0.0,False,0.01418891770299524,0.0004214948603475932,99.98539686203003,False,5.645913461194141e-05,False,0.0,0.0,0.0,0.0,0.0,0.0,0.0,0.0,0.0,0.0,0.0,0.0,0.0,0.0,0.0,0.0,0.0,0.0,0.0,0.0,0.0,0.0,0.0,0.0,0.0,0.0,0.0,0.0,0.0,0.0,0.0,0.0,0.0,0.0,0.0,0.0,0.0,0.0,0.0,0.0,0.0,0.0,0.0,0.0,0.0,0.0
1781712587.183121,0,0.0,False,0.01952031598193571,0.002799487629090436,99.97767806053162,False,0.0049226120609091595,False,0.0,0.0,0.0,0.0,0.0,0.0,0.0,0.0,0.0,0.0,0.0,0.0,0.0,0.0,0.0,0.0,0.0,0.0,0.0,0.0,0.0,0.0,0.0,0.0,0.0,0.0,0.0,0.0,0.0,0.0,0.0,0.0,0.0,0.0,0.0,0.0,0.0,0.0,0.0,0.0,0.0,0.0,0.0,0.0,0.0,0.0
1781712587.7793937,0,0.0,False,0.015248177805915475,0.0007735328836133704,99.98397827148438,False,0.05352177540771663,False,0.0,0.0,0.0,0.0,0.0,0.0,0.0,0.0,0.0,0.0,0.0,0.0,0.0,0.0,0.0,0.0,0.0,0.0,0.0,0.0,0.0,0.0,0.0,0.0,0.0,0.0,0.0,0.0,0.0,0.0,0.0,0.0,0.0,0.0,0.0,0.0,0.0,0.0,0.0,0.0,0.0,0.0,0.0,0.0,0.0,0.0
1781712588.3812284,1,0.0,False,0.018376283696852624,0.014590838691219687,99.96703863143921,False,0.024728168500587344,False,0.0,0.0,0.0,0.0,0.0,0.0,0.0,0.0,0.0,0.0,0.0,0.0,0.0,0.0,0.0,0.0,0.0,0.0,0.0,0.0,0.0,0.0,0.0,0.0,0.0,0.0,0.0,0.0,0.0,0.0,0.0,0.0,0.0,0.0,0.0,0.0,0.0,0.0,0.0,0.0,0.0,0.0,0.0,0.0,0.0,0.0
1781712589.024322,1,0.0,False,0.0038571946788579226,0.0005737977517128456,99.99556541442871,False,0.010455773735884577,False,0.0,0.0,0.0,0.0,0.0,0.0,0.0,0.0,0.0,0.0,0.0,0.0,0.0,0.0,0.0,0.0,0.0,0.0,0.0,0.0,0.0,0.0,0.0,0.0,0.0,0.0,0.0,0.0,0.0,0.0,0.0,0.0,0.0,0.0,0.0,0.0,0.0,0.0,0.0,0.0,0.0,0.0,0.0,0.0,0.0,0.0
1781712589.6620495,0,0.0,False,0.006338035746011883,0.00029983430067659356,99.99336004257202,False,0.0009421157301403582,False,0.0,0.0,0.0,0.0,0.0,0.0,0.0,0.0,0.0,0.0,0.0,0.0,0.0,0.0,0.0,0.0,0.0,0.0,0.0,0.0,0.0,0.0,0.0,0.0,0.0,0.0,0.0,0.0,0.0,0.0,0.0,0.0,0.0,0.0,0.0,0.0,0.0,0.0,0.0,0.0,0.0,0.0,0.0,0.0,0.0,0.0
1781712590.2860184,0,0.0,False,0.03857015981338918,0.08454736089333892,99.87688660621643,False,0.011398915376048535,False,0.0,0.0,0.0,0.0,0.0,0.0,0.0,0.0,0.0,0.0,0.0,0.0,0.0,0.0,0.0,0.0,0.0,0.0,0.0,0.0,0.0,0.0,0.0,0.0,0.0,0.0,0.0,0.0,0.0,0.0,0.0,0.0,0.0,0.0,0.0,0.0,0.0,0.0,0.0,0.0,0.0,0.0,0.0,0.0,0.0,0.0
1781712590.9097567,1,0.0,False,0.018376283696852624,0.014590838691219687,99.96703863143921,False,0.009018693526741117,False,0.0,0.0,0.0,0.0,0.0,0.0,0.0,0.0,0.0,0.0,0.1391194462776184,0.8608805537223816,0.0,0.0,0.0,0.0,0.0,0.0,0.0,0.0,0.0,0.0,0.0,0.0,0.0,0.0,0.0,0.0,0.0,0.0,0.0,0.0,0.0,0.0,0.0,0.0,0.0,0.0,0.0,0.0,0.0,0.0,0.0,0.0,0.0,0.0
1781712591.546652,1,4.3478260869565215,True,0.017860411026049405,0.0007546107553935144,99.98138546943665,False,99.99978542327881,True,0.0,0.0,0.0,0.0,0.0,0.0,0.0,0.0,0.0,0.0,0.9308005571365356,0.06919942796230316,0.0,0.0,0.0,0.0,0.0,0.0,0.0,0.0,0.0,0.0,0.0,0.0,0.0,0.0,0.0,0.0,0.0,0.0,0.0,0.0,0.0,0.0,0.0,0.0,0.0,0.0,0.0,0.0,0.0,0.0,0.0,0.0,0.0,0.0
1781712592.2297688,1,0.0,False,0.042300409404560924,0.0026820014682016335,99.95501637458801,False,0.006647589907515794,False,0.0,0.0,0.0,0.0,0.0,0.0,0.0,0.0,0.0,0.0,0.0,0.0,0.0,0.0,0.0,0.0,0.0,0.0,0.0,0.0,0.0,0.0,0.0,0.0,0.0,0.0,0.0,0.0,0.0,0.0,0.0,0.0,0.0,0.0,0.0,0.0,0.0,0.0,0.0,0.0,0.0,0.0,0.0,0.0,0.0,0.0
1781712592.8172119,0,0.0,False,0.005888918531127274,0.0007125744104996556,99.99339580535889,False,4.044599677399674e-05,False,0.0,0.0,0.0,0.0,0.0,0.0,0.0,0.0,0.0,0.0,0.0,0.0,0.0,0.0,0.0,0.0,0.0,0.0,0.0,0.0,0.0,0.0,0.0,0.0,0.0,0.0,0.0,0.0,0.0,0.0,0.0,0.0,0.0,0.0,0.0,0.0,0.0,0.0,0.0,0.0,0.0,0.0,0.0,0.0,0.0,0.0
1781712593.4587674,1,0.0,False,0.019067003449890763,0.0006663992735411739,99.98026490211487,False,0.793082918971777,False,0.0,0.0,0.0,0.0,0.0,0.0,0.0,0.0,0.0,0.0,0.0,0.0,0.0,0.0,0.0,0.0,0.0,0.0,0.0,0.0,0.0,0.0,0.0,0.0,0.0,0.0,0.0,0.0,0.0,0.0,0.0,0.0,0.0,0.0,0.0,0.0,0.0,0.0,0.0,0.0,0.0,0.0,0.0,0.0,0.0,0.0
1781712594.3139217,1,0.0,False,0.018840498523786664,0.0006995429430389777,99.98045563697815,False,0.0028122449293732643,False,0.0,0.0,0.0,0.0,0.0,0.0,0.0,0.0,0.0,0.0,0.0,0.0,0.0,0.0,0.0,0.0,0.0,0.0,0.0,0.0,0.0,0.0,0.0,0.0,0.0,0.0,0.0,0.0,0.0,0.0,0.0,0.0,0.0,0.0,0.0,0.0,0.0,0.0,0.0,0.0,0.0,0.0,0.0,0.0,0.0,0.0
1781712595.1037784,0,0.0,False,0.019141758093610406,0.0006851554644526914,99.98018145561218,False,0.25261417031288147,False,0.0,0.0,0.0,0.0,0.0,0.0,0.0,0.0,0.0,0.0,0.0,0.0,0.0,0.0,0.0,0.0,0.0,0.0,0.0,0.0,0.0,0.0,0.0,0.0,0.0,0.0,0.0,0.0,0.0,0.0,0.0,0.0,0.0,0.0,0.0,0.0,0.0,0.0,0.0,0.0,0.0,0.0,0.0,0.0,0.0,0.0
1781712596.0115325,1,0.0,False,0.020746969676110893,0.0008178975804185029,99.97842907905579,False,0.0001256628365808865,False,0.0,0.0,0.0,0.0,0.0,0.0,0.0,0.0,0.0,0.0,0.0,0.0,0.0,0.0,0.0,0.0,0.0,0.0,0.0,0.0,0.0,0.0,0.0,0.0,0.0,0.0,0.0,0.0,0.0,0.0,0.0,0.0,0.0,0.0,0.0,0.0,0.0,0.0,0.0,0.0,0.0,0.0,0.0,0.0,0.0,0.0
1781712596.9082823,0,0.0,False,0.0223237817408517,0.0010042210305982735,99.97667670249939,False,0.003385376840014942,False,0.0,0.0,0.0,0.0,0.0,0.0,0.0,0.0,0.0,0.0,0.0,0.0,0.0,0.0,0.0,0.0,0.0,0.0,0.0,0.0,0.0,0.0,0.0,0.0,0.0,0.0,0.0,0.0,0.0,0.0,0.0,0.0,0.0,0.0,0.0,0.0,0.0,0.0,0.0,0.0,0.0,0.0,0.0,0.0,0.0,0.0
1781712597.786847,1,0.0,False,0.01188719252240844,0.0010639854735927656,99.98705387115479,False,7.902583547547692e-05,False,0.0,0.0,0.0,0.0,0.0,0.0,0.0,0.0,0.0,0.0,0.0,0.0,0.0,0.0,0.0,0.0,0.0,0.0,0.0,0.0,0.0,0.0,0.0,0.0,0.0,0.0,0.0,0.0,0.0,0.0,0.0,0.0,0.0,0.0,0.0,0.0,0.0,0.0,0.0,0.0,0.0,0.0,0.0,0.0,0.0,0.0
1781712598.5927866,1,4.3478260869565215,True,0.019026175141334534,0.0015535830243607052,99.97943043708801,False,99.9998927116394,True,0.0,0.0,0.0,0.0,0.0,0.0,0.0,0.0,0.0,0.0,0.8853974938392639,0.11460252106189728,0.0,0.0,0.0,0.0,0.0,0.0,0.0,0.0,0.0,0.0,0.0,0.0,0.0,0.0,0.0,0.0,0.0,0.0,0.0,0.0,0.0,0.0,0.0,0.0,0.0,0.0,0.0,0.0,0.0,0.0,0.0,0.0,0.0,0.0
1781712599.2011194,0,0.0,False,0.03510096576064825,0.0038163252611411735,99.96108412742615,False,0.02615723351482302,False,0.0,0.0,0.0,0.0,0.0,0.0,0.0,0.0,0.0,0.0,0.05087911710143089,0.949120819568634,0.0,0.0,0.0,0.0,0.0,0.0,0.0,0.0,0.0,0.0,0.0,0.0,0.0,0.0,0.0,0.0,0.0,0.0,0.0,0.0,0.0,0.0,0.0,0.0,0.0,0.0,0.0,0.0,0.0,0.0,0.0,0.0,0.0,0.0
1781712599.8429482,0,0.0,False,0.03857015981338918,0.08454736089333892,99.87688660621643,False,0.0022238631572690792,False,0.0,0.0,0.0,0.0,0.0,0.0,0.0,0.0,0.0,0.0,0.0,0.0,0.0,0.0,0.0,0.0,0.0,0.0,0.0,0.0,0.0,0.0,0.0,0.0,0.0,0.0,0.0,0.0,0.0,0.0,0.0,0.0,0.0,0.0,0.0,0.0,0.0,0.0,0.0,0.0,0.0,0.0,0.0,0.0,0.0,0.0
1781712600.4910498,0,0.0,False,0.8992518298327923,0.9022507816553116,98.19849133491516,False,0.060303654754534364,False,0.0,0.0,0.0,0.0,0.0,0.0,0.0,0.0,0.0,0.0,0.0,0.0,0.0,0.0,0.0,0.0,0.0,0.0,0.0,0.0,0.0,0.0,0.0,0.0,0.0,0.0,0.0,0.0,0.0,0.0,0.0,0.0,0.0,0.0,0.0,0.0,0.0,0.0,0.0,0.0,0.0,0.0,0.0,0.0,0.0,0.0
1781712601.1426086,1,0.0,False,0.015248177805915475,0.0007735328836133704,99.98397827148438,False,0.0012571265870064963,False,0.0,0.0,0.0,0.0,0.0,0.0,0.0,0.0,0.0,0.0,0.0,0.0,0.0,0.0,0.0,0.0,0.0,0.0,0.0,0.0,0.0,0.0,0.0,0.0,0.0,0.0,0.0,0.0,0.0,0.0,0.0,0.0,0.0,0.0,0.0,0.0,0.0,0.0,0.0,0.0,0.0,0.0,0.0,0.0,0.0,0.0
1781712601.7570083,1,0.0,False,0.00921348255360499,0.00025606973395042587,99.99053478240967,False,0.006647589907515794,False,0.0,0.0,0.0,0.0,0.0,0.0,0.0,0.0,0.0,0.0,0.0,0.0,0.0,0.0,0.0,0.0,0.0,0.0,0.0,0.0,0.0,0.0,0.0,0.0,0.0,0.0,0.0,0.0,0.0,0.0,0.0,0.0,0.0,0.0,0.0,0.0,0.0,0.0,0.0,0.0,0.0,0.0,0.0,0.0,0.0,0.0
1781712602.4210923,0,0.0,False,0.02482582349330187,0.0009663073797128163,99.97420907020569,False,0.004579970482154749,False,0.0,0.0,0.0,0.0,0.0,0.0,0.0,0.0,0.0,0.0,0.0,0.0,0.0,0.0,0.0,0.0,0.0,0.0,0.0,0.0,0.0,0.0,0.0,0.0,0.0,0.0,0.0,0.0,0.0,0.0,0.0,0.0,0.0,0.0,0.0,0.0,0.0,0.0,0.0,0.0,0.0,0.0,0.0,0.0,0.0,0.0
1781712603.0486345,0,0.0,False,0.024901327560655773,0.0010727257176768035,99.97403025627136,False,0.0022238631572690792,False,0.0,0.0,0.0,0.0,0.0,0.0,0.0,0.0,0.0,0.0,0.0,0.0,0.0,0.0,0.0,0.0,0.0,0.0,0.0,0.0,0.0,0.0,0.0,0.0,0.0,0.0,0.0,0.0,0.0,0.0,0.0,0.0,0.0,0.0,0.0,0.0,0.0,0.0,0.0,0.0,0.0,0.0,0.0,0.0,0.0,0.0
1781712603.6567311,1,0.0,False,0.008037382212933153,0.0003061904180867714,99.99165534973145,False,0.00012620002962648869,False,0.0,0.0,0.0,0.0,0.0,0.0,0.0,0.0,0.0,0.0,0.15553691983222961,0.8444631099700928,0.0,0.0,0.0,0.0,0.0,0.0,0.0,0.0,0.0,0.0,0.0,0.0,0.0,0.0,0.0,0.0,0.0,0.0,0.0,0.0,0.0,0.0,0.0,0.0,0.0,0.0,0.0,0.0,0.0,0.0,0.0,0.0,0.0,0.0
1781712604.2691002,1,4.3478260869565215,True,0.008201639138860628,0.0003983272108598612,99.99140501022339,False,99.99995231628418,True,0.0,0.0,0.0,0.0,0.0,0.0,0.0,0.0,0.0,0.0,0.7706795930862427,0.22932037711143494,0.0,0.0,0.0,0.0,0.0,0.0,0.0,0.0,0.0,0.0,0.0,0.0,0.0,0.0,0.0,0.0,0.0,0.0,0.0,0.0,0.0,0.0,0.0,0.0,0.0,0.0,0.0,0.0,0.0,0.0,0.0,0.0,0.0,0.0
1781712604.894892,0,0.0,False,0.03510096576064825,0.0038163252611411735,99.96108412742615,False,0.010402032785350457,False,0.0,0.0,0.0,0.0,0.0,0.0,0.0,0.0,0.0,0.0,0.0,0.0,0.0,0.0,0.0,0.0,0.0,0.0,0.0,0.0,0.0,0.0,0.0,0.0,0.0,0.0,0.0,0.0,0.0,0.0,0.0,0.0,0.0,0.0,0.0,0.0,0.0,0.0,0.0,0.0,0.0,0.0,0.0,0.0,0.0,0.0
1781712605.5148854,1,0.0,False,0.017625630425754935,0.0009140459951595403,99.98145699501038,False,0.0002335533281438984,False,0.0,0.0,0.0,0.0,0.0,0.0,0.0,0.0,0.0,0.0,0.0,0.0,0.045080576092004776,0.9549193978309631,0.0,0.0,0.0,0.0,0.0,0.0,0.0,0.0,0.0,0.0,0.0,0.0,0.0,0.0,0.0,0.0,0.0,0.0,0.0,0.0,0.0,0.0,0.0,0.0,0.0,0.0,0.0,0.0,0.0,0.0,0.0,0.0
1781712609.5434413,0,0.0,False,0.012350475299172103,0.00037558334042842034,99.98726844787598,False,0.005331085412763059,False,0.0,0.0,0.0,0.0,0.0,0.0,0.0,0.0,0.0,0.0,0.0,0.0,0.10077676922082901,0.8992232084274292,0.0,0.0,0.0,0.0,0.0,0.0,0.0,0.0,0.0,0.0,0.0,0.0,0.0,0.0,0.0,0.0,0.0,0.0,0.0,0.0,0.0,0.0,0.0,0.0,0.0,0.0,0.0,0.0,0.0,0.0,0.0,0.0
1781712616.6415465,1,0.0,False,0.03857015981338918,0.08454736089333892,99.87688660621643,False,0.36122784949839115,False,0.0,0.0,0.0,0.0,0.0,0.0,0.0,0.0,0.0,0.0,0.0,0.0,0.0,0.0,0.0,0.0,0.0,0.0,0.0,0.0,0.0,0.0,0.0,0.0,0.0,0.0,0.0,0.0,0.0,0.0,0.0,0.0,0.0,0.0,0.0,0.0,0.0,0.0,0.0,0.0,0.0,0.0,0.0,0.0,0.0,0.0
1781712673.8356857,1,0.0,False,0.013399819727055728,0.000297099518320465,99.98630285263062,False,0.003385376840014942,False,0.0,0.0,0.0,0.0,0.0,0.0,0.0,0.0,0.0,0.0,0.22483402490615845,0.7751660346984863,0.0,0.0,0.0,0.0,0.0,0.0,0.0,0.0,0.0,0.0,0.0,0.0,0.0,0.0,0.0,0.0,0.0,0.0,0.0,0.0,0.0,0.0,0.0,0.0,0.0,0.0,0.0,0.0,0.0,0.0,0.0,0.0,0.0,0.0
1781712674.615133,1,0.0,False,0.012347997108008713,0.00033330372843920486,99.9873161315918,False,2.9335512863326585e-05,False,0.0,0.0,0.0,0.0,0.0,0.0,0.0,0.0,0.0,0.0,0.18996670842170715,0.8100332617759705,0.0,0.0,0.0,0.0,0.0,0.0,0.0,0.0,0.0,0.0,0.0,0.0,0.0,0.0,0.0,0.0,0.0,0.0,0.0,0.0,0.0,0.0,0.0,0.0,0.0,0.0,0.0,0.0,0.0,0.0,0.0,0.0,0.0,0.0
1781712675.2566397,0,0.0,False,0.012350475299172103,0.00037558334042842034,99.98726844787598,False,0.0003838388238364132,False,0.0,0.0,0.0,0.0,0.0,0.0,0.0,0.0,0.0,0.0,0.0,0.0,0.0,0.0,0.0,0.0,0.0,0.0,0.0,0.0,0.0,0.0,0.0,0.0,0.0,0.0,0.0,0.0,0.0,0.0,0.0,0.0,0.0,0.0,0.0,0.0,0.0,0.0,0.0,0.0,0.0,0.0,0.0,0.0,0.0,0.0
1781712675.8788042,0,0.0,False,0.015248177805915475,0.0007735328836133704,99.98397827148438,False,0.00019786461962212343,False,0.0,0.0,0.0,0.0,0.0,0.0,0.0,0.0,0.0,0.0,0.0,0.0,0.0,0.0,0.0,0.0,0.0,0.0,0.0,0.0,0.0,0.0,0.0,0.0,0.0,0.0,0.0,0.0,0.0,0.0,0.0,0.0,0.0,0.0,0.0,0.0,0.0,0.0,0.0,0.0,0.0,0.0,0.0,0.0,0.0,0.0
1781712676.6487505,1,0.0,False,0.010188347368966788,0.0007666217243240681,99.98904466629028,False,0.10239449329674244,False,0.0,0.0,0.0,0.0,0.0,0.0,0.0,0.0,0.0,0.0,0.0,0.0,0.0,0.0,0.0,0.0,0.0,0.0,0.0,0.0,0.0,0.0,0.0,0.0,0.0,0.0,0.0,0.0,0.0,0.0,0.0,0.0,0.0,0.0,0.0,0.0,0.0,0.0,0.0,0.0,0.0,0.0,0.0,0.0,0.0,0.0
1781712677.5314753,1,0.0,False,0.008201639138860628,0.0003983272108598612,99.99140501022339,False,0.006952628609724343,False,0.0,0.0,0.0,0.0,0.0,0.0,0.0,0.0,0.0,0.0,0.0,0.0,0.0,0.0,0.0,0.0,0.0,0.0,0.0,0.0,0.0,0.0,0.0,0.0,0.0,0.0,0.0,0.0,0.0,0.0,0.0,0.0,0.0,0.0,0.0,0.0,0.0,0.0,0.0,0.0,0.0,0.0,0.0,0.0,0.0,0.0
1781712678.4751167,0,0.0,False,0.031340186251327395,0.0034146232792409137,99.96523857116699,False,0.10239449329674244,False,0.0,0.0,0.0,0.0,0.0,0.0,0.0,0.0,0.0,0.0,0.0,0.0,0.0,0.0,0.0,0.0,0.0,0.0,0.0,0.0,0.0,0.0,0.0,0.0,0.0,0.0,0.0,0.0,0.0,0.0,0.0,0.0,0.0,0.0,0.0,0.0,0.0,0.0,0.0,0.0,0.0,0.0,0.0,0.0,0.0,0.0
1781712679.3693202,1,0.0,False,0.013682003191206604,0.0018725915651884861,99.98444318771362,False,0.060303654754534364,False,0.0,0.0,0.0,0.0,0.0,0.0,0.0,0.0,0.0,0.0,0.0,0.0,0.0,0.0,0.0,0.0,0.0,0.0,0.0,0.0,0.0,0.0,0.0,0.0,0.0,0.0,0.0,0.0,0.0,0.0,0.0,0.0,0.0,0.0,0.0,0.0,0.0,0.0,0.0,0.0,0.0,0.0,0.0,0.0,0.0,0.0
1781712680.2496924,0,0.0,False,0.8992518298327923,0.9022507816553116,98.19849133491516,False,0.007102942618075758,False,0.0,0.0,0.0,0.0,0.0,0.0,0.1423908770084381,0.8576091527938843,0.0,0.0,0.0,0.0,0.0,0.0,0.0,0.0,0.0,0.0,0.0,0.0,0.0,0.0,0.0,0.0,0.0,0.0,0.0,0.0,0.0,0.0,0.0,0.0,0.0,0.0,0.0,0.0,0.0,0.0,0.0,0.0,0.0,0.0,0.0,0.0,0.0,0.0
1781712681.113489,1,4.3478260869565215,True,0.01304328761762008,0.0003231990604035673,99.98663663864136,False,99.99277591705322,True,0.0,0.0,0.0,0.0,0.0,0.0,0.8908407092094421,0.10915926843881607,0.0,0.0,0.0,0.0,0.0,0.0,0.0,0.0,0.0,0.0,0.0,0.0,0.0,0.0,0.0,0.0,0.0,0.0,0.0,0.0,0.0,0.0,0.0,0.0,0.0,0.0,0.0,0.0,0.0,0.0,0.0,0.0,0.0,0.0,0.0,0.0,0.0,0.0
1781712681.7280087,1,0.0,False,0.0045083412260282785,0.0003614670049501001,99.99513626098633,False,0.002822392707457766,False,0.0,0.0,0.0,0.0,0.0,0.0,0.0,0.0,0.0,0.0,0.35501211881637573,0.6449878811836243,0.0,0.0,0.0,0.0,0.0,0.0,0.0,0.0,0.0,0.0,0.0,0.0,0.0,0.0,0.0,0.0,0.0,0.0,0.0,0.0,0.0,0.0,0.0,0.0,0.0,0.0,0.0,0.0,0.0,0.0,0.0,0.0,0.0,0.0
1781712682.323717,1,0.0,False,0.021472199296113104,0.0007720131179667078,99.97774958610535,False,0.0033032945793820545,False,0.0,0.0,0.0,0.0,0.0,0.0,0.0,0.0,0.0,0.0,0.06960905343294144,0.9303910136222839,0.0,0.0,0.0,0.0,0.0,0.0,0.0,0.0,0.0,0.0,0.0,0.0,0.0,0.0,0.0,0.0,0.0,0.0,0.0,0.0,0.0,0.0,0.0,0.0,0.0,0.0,0.0,0.0,0.0,0.0,0.0,0.0,0.0,0.0
1781712682.953782,1,4.3478260869565215,True,0.009469540964346379,0.00027431851776782423,99.9902606010437,False,99.99836683273315,True,0.0,0.0,0.0,0.0,0.0,0.0,0.0,0.0,0.0,0.0,0.5366488099098206,0.46335119009017944,0.0,0.0,0.0,0.0,0.0,0.0,0.0,0.0,0.0,0.0,0.0,0.0,0.0,0.0,0.0,0.0,0.0,0.0,0.0,0.0,0.0,0.0,0.0,0.0,0.0,0.0,0.0,0.0,0.0,0.0,0.0,0.0,0.0,0.0
1781712683.5831864,1,0.0,False,0.017846268019638956,0.0015937559510348365,99.98056292533875,False,7.902583547547692e-05,False,0.0,0.0,0.0,0.0,0.0,0.0,0.0,0.0,0.0,0.0,0.10971692949533463,0.8902831077575684,0.0,0.0,0.0,0.0,0.0,0.0,0.0,0.0,0.0,0.0,0.0,0.0,0.0,0.0,0.0,0.0,0.0,0.0,0.0,0.0,0.0,0.0,0.0,0.0,0.0,0.0,0.0,0.0,0.0,0.0,0.0,0.0,0.0,0.0
1781712684.2145143,0,0.0,False,0.006728172593284398,0.00017074196421162924,99.99310970306396,False,0.012772616173606366,False,0.0,0.0,0.0,0.0,0.0,0.0,0.0,0.0,0.0,0.0,0.0,0.0,0.0,0.0,0.0,0.0,0.0,0.0,0.0,0.0,0.0,0.0,0.0,0.0,0.0,0.0,0.0,0.0,0.0,0.0,0.0,0.0,0.0,0.0,0.0,0.0,0.0,0.0,0.0,0.0,0.0,0.0,0.0,0.0,0.0,0.0
1781712684.8464763,1,0.0,False,0.03562839119695127,0.0034080261684721336,99.9609649181366,False,5.3295360658012214e-05,False,0.0,0.0,0.0,0.0,0.0,0.0,0.0,0.0,0.0,0.0,0.0,0.0,0.0,0.0,0.0,0.0,0.0,0.0,0.0,0.0,0.0,0.0,0.0,0.0,0.0,0.0,0.0,0.0,0.0,0.0,0.0,0.0,0.0,0.0,0.0,0.0,0.0,0.0,0.0,0.0,0.0,0.0,0.0,0.0,0.0,0.0
1781712685.4867392,0,0.0,False,0.016305301687680185,0.0006337675586109981,99.98306035995483,False,0.022971337602939457,False,0.0,0.0,0.0,0.0,0.0,0.0,0.0,0.0,0.0,0.0,0.034366633743047714,0.9656333923339844,0.0,0.0,0.0,0.0,0.0,0.0,0.0,0.0,0.0,0.0,0.0,0.0,0.0,0.0,0.0,0.0,0.0,0.0,0.0,0.0,0.0,0.0,0.0,0.0,0.0,0.0,0.0,0.0,0.0,0.0,0.0,0.0,0.0,0.0
1781712686.1200416,0,0.0,False,0.016969956050161272,0.0007313412424991839,99.98230338096619,False,0.00019786461962212343,False,0.0,0.0,0.0,0.0,0.0,0.0,0.0,0.0,0.0,0.0,0.02336113527417183,0.9766388535499573,0.0,0.0,0.0,0.0,0.0,0.0,0.0,0.0,0.0,0.0,0.0,0.0,0.0,0.0,0.0,0.0,0.0,0.0,0.0,0.0,0.0,0.0,0.0,0.0,0.0,0.0,0.0,0.0,0.0,0.0,0.0,0.0,0.0,0.0
1781712686.7434824,1,0.0,False,0.006728172593284398,0.00017074196421162924,99.99310970306396,False,0.004540457666735165,False,0.0,0.0,0.0,0.0,0.0,0.0,0.0,0.0,0.0,0.0,0.0,0.0,0.0,0.0,0.0,0.0,0.0,0.0,0.0,0.0,0.0,0.0,0.0,0.0,0.0,0.0,0.0,0.0,0.0,0.0,0.0,0.0,0.0,0.0,0.0,0.0,0.0,0.0,0.0,0.0,0.0,0.0,0.0,0.0,0.0,0.0
1781712687.3517191,1,0.0,False,0.00921348255360499,0.00025606973395042587,99.99053478240967,False,1.8173035234212875,False,0.0,0.0,0.0,0.0,0.0,0.0,0.0,0.0,0.0,0.0,0.0,0.0,0.0,0.0,0.0,0.0,0.0,0.0,0.0,0.0,0.0,0.0,0.0,0.0,0.0,0.0,0.0,0.0,0.0,0.0,0.0,0.0,0.0,0.0,0.0,0.0,0.0,0.0,0.0,0.0,0.0,0.0,0.0,0.0,0.0,0.0
1781712687.9903443,1,0.0,False,0.01188719252240844,0.0010639854735927656,99.98705387115479,False,0.002388423126831185,False,0.0,0.0,0.0,0.0,0.0,0.0,0.0,0.0,0.0,0.0,0.0,0.0,0.0,0.0,0.0,0.0,0.0,0.0,0.0,0.0,0.0,0.0,0.0,0.0,0.0,0.0,0.0,0.0,0.0,0.0,0.0,0.0,0.0,0.0,0.0,0.0,0.0,0.0,0.0,0.0,0.0,0.0,0.0,0.0,0.0,0.0
1781712688.6177728,0,0.0,False,0.02302164357388392,0.0011043476661143359,99.97586607933044,False,0.07889760890975595,False,0.0,0.0,0.0,0.0,0.0,0.0,0.0,0.0,0.0,0.0,0.0,0.0,0.0,0.0,0.0,0.0,0.0,0.0,0.0,0.0,0.0,0.0,0.0,0.0,0.0,0.0,0.0,0.0,0.0,0.0,0.0,0.0,0.0,0.0,0.0,0.0,0.0,0.0,0.0,0.0,0.0,0.0,0.0,0.0,0.0,0.0
1781712689.284964,0,0.0,False,0.010486570681678131,0.0002478992655596812,99.98925924301147,False,0.03505719359964132,False,0.0,0.0,0.0,0.0,0.0,0.0,0.0,0.0,0.0,0.0,0.0,0.0,0.0,0.0,0.0,0.0,0.0,0.0,0.0,0.0,0.0,0.0,0.0,0.0,0.0,0.0,0.0,0.0,0.0,0.0,0.0,0.0,0.0,0.0,0.0,0.0,0.0,0.0,0.0,0.0,0.0,0.0,0.0,0.0,0.0,0.0
1781712689.9338803,1,0.0,False,0.008201639138860628,0.0003983272108598612,99.99140501022339,False,0.005864425475010648,False,0.0,0.0,0.0,0.0,0.0,0.0,0.0,0.0,0.0,0.0,0.0,0.0,0.0,0.0,0.0,0.0,0.0,0.0,0.0,0.0,0.0,0.0,0.0,0.0,0.0,0.0,0.0,0.0,0.0,0.0,0.0,0.0,0.0,0.0,0.0,0.0,0.0,0.0,0.0,0.0,0.0,0.0,0.0,0.0,0.0,0.0
1781712690.5542073,1,0.0,False,0.013351503002922982,0.0005093029358249623,99.98613595962524,False,0.07889760890975595,False,0.0,0.0,0.0,0.0,0.0,0.0,0.0,0.0,0.0,0.0,0.0,0.0,0.0,0.0,0.0,0.0,0.0,0.0,0.0,0.0,0.0,0.0,0.0,0.0,0.0,0.0,0.0,0.0,0.0,0.0,0.0,0.0,0.0,0.0,0.0,0.0,0.0,0.0,0.0,0.0,0.0,0.0,0.0,0.0,0.0,0.0
1781712691.3000553,0,0.0,False,0.007844549691071734,0.0003260943458371912,99.99183416366577,False,0.31412828247994184,False,0.0,0.0,0.0,0.0,0.0,0.0,0.0,0.0,0.0,0.0,0.04456779733300209,0.9554322361946106,0.0,0.0,0.0,0.0,0.0,0.0,0.0,0.0,0.0,0.0,0.0,0.0,0.0,0.0,0.0,0.0,0.0,0.0,0.0,0.0,0.0,0.0,0.0,0.0,0.0,0.0,0.0,0.0,0.0,0.0,0.0,0.0,0.0,0.0
1781712692.2782624,1,0.0,False,0.0067900757130701095,0.0008092639291135129,99.99239444732666,False,0.00024230364488175837,False,0.0,0.0,0.0,0.0,0.0,0.0,0.0,0.0,0.0,0.0,0.2018405646085739,0.7981594800949097,0.0,0.0,0.0,0.0,0.0,0.0,0.0,0.0,0.0,0.0,0.0,0.0,0.0,0.0,0.0,0.0,0.0,0.0,0.0,0.0,0.0,0.0,0.0,0.0,0.0,0.0,0.0,0.0,0.0,0.0,0.0,0.0,0.0,0.0
1781712693.1808748,1,4.3478260869565215,True,0.022852384427096695,0.0010784056939883158,99.97608065605164,False,99.99997615814209,True,0.0,0.0,0.0,0.0,0.0,0.0,0.0,0.0,0.0,0.0,0.7247059941291809,0.2752940058708191,0.0,0.0,0.0,0.0,0.0,0.0,0.0,0.0,0.0,0.0,0.0,0.0,0.0,0.0,0.0,0.0,0.0,0.0,0.0,0.0,0.0,0.0,0.0,0.0,0.0,0.0,0.0,0.0,0.0,0.0,0.0,0.0,0.0,0.0
1781712694.038746,1,0.0,False,0.01966905838344246,0.0011502093911985867,99.97918009757996,False,0.006794101500418037,False,0.0,0.0,0.0,0.0,0.0,0.0,0.0,0.0,0.0,0.0,0.2211020588874817,0.7788979411125183,0.0,0.0,0.0,0.0,0.0,0.0,0.0,0.0,0.0,0.0,0.0,0.0,0.0,0.0,0.0,0.0,0.0,0.0,0.0,0.0,0.0,0.0,0.0,0.0,0.0,0.0,0.0,0.0,0.0,0.0,0.0,0.0,0.0,0.0
1781712694.9857337,1,0.0,False,0.005888918531127274,0.0007125744104996556,99.99339580535889,False,0.007669886690564454,False,0.0,0.0,0.0,0.0,0.0,0.0,0.0,0.0,0.0,0.0,0.0,0.0,0.0,0.0,0.0,0.0,0.0,0.0,0.0,0.0,0.0,0.0,0.0,0.0,0.0,0.0,0.0,0.0,0.0,0.0,0.0,0.0,0.0,0.0,0.0,0.0,0.0,0.0,0.0,0.0,0.0,0.0,0.0,0.0,0.0,0.0
1781712695.720886,0,0.0,False,0.011920941324206069,0.0005732626050303224,99.98750686645508,False,0.0033032945793820545,False,0.0,0.0,0.0,0.0,0.0,0.0,0.0,0.0,0.0,0.0,0.16602878272533417,0.8339712023735046,0.0,0.0,0.0,0.0,0.0,0.0,0.0,0.0,0.0,0.0,0.0,0.0,0.0,0.0,0.0,0.0,0.0,0.0,0.0,0.0,0.0,0.0,0.0,0.0,0.0,0.0,0.0,0.0,0.0,0.0,0.0,0.0,0.0,0.0
1781712696.331497,0,4.3478260869565215,True,0.00987347521004267,0.0003039089961021091,99.98983144760132,False,99.99995231628418,True,0.0,0.0,0.0,0.0,0.0,0.0,0.0,0.0,0.0,0.0,0.5538183450698853,0.44618165493011475,0.0,0.0,0.0,0.0,0.0,0.0,0.0,0.0,0.0,0.0,0.0,0.0,0.0,0.0,0.0,0.0,0.0,0.0,0.0,0.0,0.0,0.0,0.0,0.0,0.0,0.0,0.0,0.0,0.0,0.0,0.0,0.0,0.0,0.0
1781712696.9398718,0,0.0,False,0.012505927588790655,0.033802574034780264,99.95368719100952,False,0.003897520582540892,False,0.0,0.0,0.0,0.0,0.0,0.0,0.0,0.0,0.0,0.0,0.0,0.0,0.0,0.0,0.0,0.0,0.0,0.0,0.0,0.0,0.0,0.0,0.0,0.0,0.0,0.0,0.0,0.0,0.0,0.0,0.0,0.0,0.0,0.0,0.0,0.0,0.0,0.0,0.0,0.0,0.0,0.0,0.0,0.0,0.0,0.0
1781712697.5521963,1,0.0,False,0.01304328761762008,0.0003231990604035673,99.98663663864136,False,2.288372513703507e-05,False,0.0,0.0,0.0,0.0,0.0,0.0,0.0,0.0,0.0,0.0,0.0,0.0,0.0,0.0,0.0,0.0,0.0,0.0,0.0,0.0,0.0,0.0,0.0,0.0,0.0,0.0,0.0,0.0,0.0,0.0,0.0,0.0,0.0,0.0,0.0,0.0,0.0,0.0,0.0,0.0,0.0,0.0,0.0,0.0,0.0,0.0
1781712698.1600451,1,0.0,False,0.020746969676110893,0.0008178975804185029,99.97842907905579,False,0.016472802963107824,False,0.0,0.0,0.0,0.0,0.0,0.0,0.0,0.0,0.0,0.0,0.0,0.0,0.0,0.0,0.0,0.0,0.0,0.0,0.0,0.0,0.0,0.0,0.0,0.0,0.0,0.0,0.0,0.0,0.0,0.0,0.0,0.0,0.0,0.0,0.0,0.0,0.0,0.0,0.0,0.0,0.0,0.0,0.0,0.0,0.0,0.0
1781712698.7624278,0,0.0,False,0.01418891770299524,0.0004214948603475932,99.98539686203003,False,0.007669886690564454,False,0.0,0.0,0.0,0.0,0.0,0.0,0.0,0.0,0.0,0.0,0.0,0.0,0.0,0.0,0.0,0.0,0.0,0.0,0.0,0.0,0.0,0.0,0.0,0.0,0.0,0.0,0.0,0.0,0.0,0.0,0.0,0.0,0.0,0.0,0.0,0.0,0.0,0.0,0.0,0.0,0.0,0.0,0.0,0.0,0.0,0.0
1781712699.401592,1,0.0,False,0.006338035746011883,0.00029983430067659356,99.99336004257202,False,0.09458109852857888,False,0.0,0.0,0.0,0.0,0.0,0.0,0.0,0.0,0.0,0.0,0.0,0.0,0.0,0.0,0.0,0.0,0.0,0.0,0.0,0.0,0.0,0.0,0.0,0.0,0.0,0.0,0.0,0.0,0.0,0.0,0.0,0.0,0.0,0.0,0.0,0.0,0.0,0.0,0.0,0.0,0.0,0.0,0.0,0.0,0.0,0.0
1781712700.027714,0,0.0,False,0.0192684936337173,0.0005940702521911589,99.98013377189636,False,0.0007210122930700891,False,0.0,0.0,0.0,0.0,0.0,0.0,0.0,0.0,0.0,0.0,0.0,0.0,0.0,0.0,0.0,0.0,0.0,0.0,0.0,0.0,0.0,0.0,0.0,0.0,0.0,0.0,0.024904118850827217,0.9750959277153015,0.0,0.0,0.0,0.0,0.0,0.0,0.0,0.0,0.0,0.0,0.0,0.0,0.0,0.0,0.0,0.0,0.0,0.0
1781712700.681133,0,0.0,False,0.003104776988038793,0.0015361070836661384,99.99536275863647,False,0.0033032945793820545,False,0.0,0.0,0.0,0.0,0.0,0.0,0.0,0.0,0.0,0.0,0.0,0.0,0.0,0.0,0.0,0.0,0.0,0.0,0.0,0.0,0.0,0.0,0.0,0.0,0.0,0.0,0.07657642662525177,0.9234235882759094,0.0,0.0,0.0,0.0,0.0,0.0,0.0,0.0,0.0,0.0,0.0,0.0,0.0,0.0,0.0,0.0,0.0,0.0
1781712701.295787,0,0.0,False,0.014744310465175658,0.00030714429612999083,99.98494386672974,False,0.05345387035049498,False,0.0,0.0,0.0,0.0,0.0,0.0,0.0,0.0,0.0,0.0,0.0,0.0,0.0,0.0,0.0,0.0,0.0,0.0,0.0,0.0,0.0,0.0,0.0,0.0,0.0,0.0,0.0,0.0,0.0,0.0,0.0,0.0,0.0,0.0,0.0,0.0,0.0,0.0,0.0,0.0,0.0,0.0,0.0,0.0,0.0,0.0
1781712701.9539635,0,0.0,False,0.019541858637239784,0.0007310804448934505,99.97972846031189,False,0.00012620002962648869,False,0.0,0.0,0.0,0.0,0.0,0.0,0.0,0.0,0.0,0.0,0.0,0.0,0.0,0.0,0.0,0.0,0.0,0.0,0.0,0.0,0.0,0.0,0.0,0.0,0.0,0.0,0.0,0.0,0.0,0.0,0.0,0.0,0.0,0.0,0.0,0.0,0.0,0.0,0.0,0.0,0.0,0.0,0.0,0.0,0.0,0.0
1781712702.5948875,1,0.0,False,0.008201639138860628,0.0003983272108598612,99.99140501022339,False,0.037613449967466295,False,0.0,0.0,0.0,0.0,0.0,0.0,0.0,0.0,0.0,0.0,0.0,0.0,0.0,0.0,0.0,0.0,0.0,0.0,0.0,0.0,0.0,0.0,0.0,0.0,0.0,0.0,0.0,0.0,0.0,0.0,0.0,0.0,0.0,0.0,0.0,0.0,0.0,0.0,0.0,0.0,0.0,0.0,0.0,0.0,0.0,0.0
1781712703.2211668,0,0.0,False,0.010197588562732562,0.00030858195714245085,99.98948574066162,False,0.0038188518374226987,False,0.0,0.0,0.0,0.0,0.0,0.0,0.0,0.0,0.0,0.0,0.0,0.0,0.0,0.0,0.0,0.0,0.0,0.0,0.0,0.0,0.0,0.0,0.0,0.0,0.0,0.0,0.0,0.0,0.0,0.0,0.0,0.0,0.0,0.0,0.0,0.0,0.0,0.0,0.0,0.0,0.0,0.0,0.0,0.0,0.0,0.0
1781712703.8970468,1,0.0,False,0.020144254085607827,0.0008839261681714561,99.97897744178772,False,0.0061526916397269815,False,0.0,0.0,0.0,0.0,0.0,0.0,0.0,0.0,0.0,0.0,0.0,0.0,0.0,0.0,0.0,0.0,0.0,0.0,0.0,0.0,0.0,0.0,0.0,0.0,0.0,0.0,0.0,0.0,0.0,0.0,0.0,0.0,0.0,0.0,0.0,0.0,0.0,0.0,0.0,0.0,0.0,0.0,0.0,0.0,0.0,0.0
1781712704.529927,1,0.0,False,0.018425224698148668,0.00035069151635980234,99.98123049736023,False,0.00304768473142758,False,0.0,0.0,0.0,0.0,0.0,0.0,0.0,0.0,0.0,0.0,0.0,0.0,0.0,0.0,0.0,0.0,0.0,0.0,0.0,0.0,0.0,0.0,0.0,0.0,0.0,0.0,0.0,0.0,0.0,0.0,0.0,0.0,0.0,0.0,0.0,0.0,0.0,0.0,0.0,0.0,0.0,0.0,0.0,0.0,0.0,0.0
1781712705.1922426,0,0.0,False,0.025805531186051667,0.0006946494977455586,99.97350573539734,False,0.0132406858028844,False,0.0,0.0,0.0,0.0,0.0,0.0,0.0,0.0,0.0,0.0,0.0,0.0,0.0,0.0,0.0,0.0,0.0,0.0,0.0,0.0,0.0,0.0,0.1040482446551323,0.8959517478942871,0.04392120987176895,0.956078827381134,0.06500038504600525,0.9349995851516724,0.0,0.0,0.0,0.0,0.0,0.0,0.0,0.0,0.0,0.0,0.0,0.0,0.0,0.0,0.0,0.0,0.0,0.0
1781712706.0753639,0,0.0,False,0.021472199296113104,0.0007720131179667078,99.97774958610535,False,0.00236236573982751,False,0.0,0.0,0.0,0.0,0.0,0.0,0.0,0.0,0.0,0.0,0.0,0.0,0.0,0.0,0.0,0.0,0.0,0.0,0.0,0.0,0.0,0.0,0.05191250145435333,0.9480875134468079,0.43082791566848755,0.5691721439361572,0.12494020164012909,0.8750597238540649,0.0,0.0,0.0,0.0,0.0,0.0,0.0,0.0,0.0,0.0,0.0,0.0,0.0,0.0,0.0,0.0,0.0,0.0
1781712706.9664643,0,0.0,False,0.00987347521004267,0.0003039089961021091,99.98983144760132,False,0.0001971968003999791,False,0.0,0.0,0.0,0.0,0.0,0.0,0.0,0.0,0.0,0.0,0.0,0.0,0.0,0.0,0.0,0.0,0.0,0.0,0.0,0.0,0.0,0.0,0.0,0.0,0.0,0.0,0.0,0.0,0.0,0.0,0.0,0.0,0.0,0.0,0.0,0.0,0.0,0.0,0.0,0.0,0.0,0.0,0.0,0.0,0.0,0.0
1781712707.8615878,1,0.0,False,0.021953042596578598,0.0011026892934751231,99.9769389629364,False,0.025966428802348673,False,0.0,0.0,0.0,0.0,0.0,0.0,0.0,0.0,0.0,0.0,0.0,0.0,0.0,0.0,0.0,0.0,0.0,0.0,0.0,0.0,0.0,0.0,0.0,0.0,0.0,0.0,0.0,0.0,0.0,0.0,0.0,0.0,0.0,0.0,0.0,0.0,0.0,0.0,0.0,0.0,0.0,0.0,0.0,0.0,0.0,0.0
1781712708.8295212,1,4.3478260869565215,True,0.018840498523786664,0.0006995429430389777,99.98045563697815,False,99.99909400939941,True,0.0,0.0,0.0,0.0,0.0,0.0,0.0,0.0,0.0,0.0,0.0,0.0,0.0,0.0,0.0,0.0,0.0,0.0,0.0,0.0,0.6952084898948669,0.30479153990745544,0.0,0.0,0.0,0.0,0.0,0.0,0.0,0.0,0.0,0.0,0.0,0.0,0.0,0.0,0.0,0.0,0.0,0.0,0.0,0.0,0.0,0.0,0.0,0.0
1781712709.7248037,1,4.3478260869565215,True,2.1043224052164078e-06,100.0,1.3519373120995937e-09,True,99.99909400939941,True,0.0,0.0,0.0,0.0,0.0,0.0,0.0,0.0,0.0,0.0,0.0,0.0,0.0,0.0,0.0,0.0,0.0,0.0,0.14931491017341614,0.8506850600242615,0.5733720064163208,0.4266279637813568,0.0,0.0,0.0,0.0,0.0,0.0,0.0,0.0,0.0,0.0,0.0,0.0,0.0,0.0,0.0,0.0,0.0,0.0,0.0,0.0,0.0,0.0,0.0,0.0
1781712710.3808546,1,4.3478260869565215,True,100.0,2.024120801524809e-09,1.1262957394971029e-14,True,99.99866485595703,True,0.0,0.0,0.0,0.0,0.0,0.0,0.0,0.0,0.0,0.0,0.0,0.0,0.0,0.0,0.0,0.0,0.0,0.0,0.2780018150806427,0.7219981551170349,0.9619171023368835,0.03808291256427765,0.45197808742523193,0.5480219125747681,0.0,0.0,0.0,0.0,0.0,0.0,0.0,0.0,0.0,0.0,0.0,0.0,0.0,0.0,0.0,0.0,0.0,0.0,0.0,0.0,0.0,0.0
1781712711.078096,1,4.3478260869565215,True,100.0,1.2175540269867094e-17,1.2180666145087624e-22,True,90.94451069831848,True,0.0,0.0,0.0,0.0,0.0,0.0,0.0,0.0,0.0,0.0,0.0,0.0,0.0,0.0,0.0,0.0,0.0,0.0,0.0,0.0,0.9595206379890442,0.04047941043972969,0.26353710889816284,0.7364628314971924,0.0,0.0,0.0,0.0,0.0,0.0,0.0,0.0,0.0,0.0,0.0,0.0,0.0,0.0,0.0,0.0,0.0,0.0,0.0,0.0,0.0,0.0
1781712711.698282,1,4.3478260869565215,True,100.0,7.510650407726742e-15,7.409089695779758e-22,True,99.99727010726929,True,0.0,0.0,0.0,0.0,0.0,0.0,0.0,0.0,0.0,0.0,0.0,0.0,0.0,0.0,0.0,0.0,0.0,0.0,0.2529909908771515,0.7470090389251709,0.9999821186065674,1.792275725165382e-05,0.31378260254859924,0.6862173676490784,0.0,0.0,0.0,0.0,0.0,0.0,0.0,0.0,0.0,0.0,0.0,0.0,0.0,0.0,0.0,0.0,0.0,0.0,0.0,0.0,0.0,0.0
1781712712.3323758,0,0.0,False,100.0,1.273521954558987e-07,4.669813594517826e-12,True,0.005247482840786688,False,0.0,0.0,0.0,0.0,0.0,0.0,0.0,0.0,0.0,0.0,0.0,0.0,0.0,0.0,0.0,0.0,0.0,0.0,0.037629175931215286,0.9623708128929138,0.08652763813734055,0.9134722948074341,0.0,0.0,0.0,0.0,0.0,0.0,0.0,0.0,0.0,0.0,0.0,0.0,0.0,0.0,0.0,0.0,0.0,0.0,0.0,0.0,0.0,0.0,0.0,0.0
1781712713.0178246,0,0.0,False,3.6320101469755173,96.3679552078247,3.639120222942438e-05,True,0.005331085412763059,False,0.0,0.0,0.0,0.0,0.0,0.0,0.0,0.0,0.0,0.0,0.0,0.0,0.0,0.0,0.0,0.0,0.0,0.0,0.09203772246837616,0.9079622626304626,0.3724100589752197,0.6275899410247803,0.0,0.0,0.0,0.0,0.0,0.0,0.0,0.0,0.0,0.0,0.0,0.0,0.0,0.0,0.0,0.0,0.0,0.0,0.0,0.0,0.0,0.0,0.0,0.0
1781712713.6469755,0,0.0,False,0.02273891295772046,99.97726082801819,5.592195506665121e-06,True,0.022971337602939457,False,0.0,0.0,0.0,0.0,0.0,0.0,0.0,0.0,0.0,0.0,0.0,0.0,0.0,0.0,0.0,0.0,0.0,0.0,0.050800204277038574,0.9491997957229614,0.12163164466619492,0.8783683180809021,0.0,0.0,0.0,0.0,0.0,0.0,0.0,0.0,0.0,0.0,0.0,0.0,0.0,0.0,0.0,0.0,0.0,0.0,0.0,0.0,0.0,0.0,0.0,0.0
1781712714.2703457,1,0.0,False,2.0386302423958114e-06,100.0,2.968941412162529e-09,True,0.004525397525867447,False,0.0,0.0,0.0,0.0,0.0,0.0,0.0,0.0,0.0,0.0,0.0,0.0,0.0,0.0,0.0,0.0,0.0,0.0,0.104278065264225,0.895721971988678,0.30132007598876953,0.6986799836158752,0.0,0.0,0.0,0.0,0.0,0.0,0.0,0.0,0.0,0.0,0.0,0.0,0.0,0.0,0.0,0.0,0.0,0.0,0.0,0.0,0.0,0.0,0.0,0.0
1781712714.9251897,1,4.3478260869565215,True,6.601581947762725e-07,100.0,8.143025316542651e-10,True,99.99574422836304,True,0.0,0.0,0.0,0.0,0.0,0.0,0.0,0.0,0.0,0.0,0.0,0.0,0.0,0.0,0.0,0.0,0.0,0.0,0.10556209832429886,0.8944379687309265,0.6395392417907715,0.3604607582092285,0.0,0.0,0.0,0.0,0.0,0.0,0.0,0.0,0.0,0.0,0.0,0.0,0.0,0.0,0.0,0.0,0.0,0.0,0.0,0.0,0.0,0.0,0.0,0.0
1781712715.581752,0,0.0,False,0.0002072638153549633,99.99978542327881,1.5553245802379934e-06,True,0.002624592525535263,False,0.0,0.0,0.0,0.0,0.0,0.0,0.0,0.0,0.0,0.0,0.0,0.0,0.0,0.0,0.0,0.0,0.0,0.0,0.027287930250167847,0.9727120995521545,0.10048545151948929,0.8995144963264465,0.0,0.0,0.0,0.0,0.0,0.0,0.0,0.0,0.0,0.0,0.0,0.0,0.0,0.0,0.0,0.0,0.0,0.0,0.0,0.0,0.0,0.0,0.0,0.0
1781712716.2248428,1,8.695652173913043,True,100.0,1.6828170322712676e-14,2.80444027665032e-21,True,99.99902248382568,True,0.0,0.0,0.0,0.0,0.0,0.0,0.0,0.0,0.0,0.0,0.0,0.0,0.0,0.0,0.0,0.0,0.0,0.0,0.544243574142456,0.45575645565986633,0.9125849008560181,0.08741514384746552,0.0,0.0,0.0,0.0,0.0,0.0,0.0,0.0,0.0,0.0,0.0,0.0,0.0,0.0,0.0,0.0,0.0,0.0,0.0,0.0,0.0,0.0,0.0,0.0
1781712716.8503053,1,4.3478260869565215,True,100.0,3.6874631740606225e-14,2.2234595238566062e-21,True,99.99961853027344,True,0.0,0.0,0.0,0.0,0.0,0.0,0.0,0.0,0.0,0.0,0.0,0.0,0.0,0.0,0.0,0.0,0.0,0.0,0.3568798303604126,0.6431201696395874,0.6037715077400208,0.39622849225997925,0.0,0.0,0.0,0.0,0.0,0.0,0.0,0.0,0.0,0.0,0.0,0.0,0.0,0.0,0.0,0.0,0.0,0.0,0.0,0.0,0.0,0.0,0.0,0.0
1781712717.4729743,1,0.0,False,0.011920941324206069,0.0005732626050303224,99.98750686645508,False,0.00019786461962212343,False,0.0,0.0,0.0,0.0,0.0,0.0,0.0,0.0,0.0,0.0,0.0,0.0,0.0,0.0,0.0,0.0,0.0,0.0,0.2349129021167755,0.7650871276855469,0.1077805906534195,0.8922194242477417,0.0,0.0,0.0,0.0,0.0,0.0,0.0,0.0,0.0,0.0,0.0,0.0,0.0,0.0,0.0,0.0,0.0,0.0,0.0,0.0,0.0,0.0,0.0,0.0
